"address","blogReviewTotal","category","categoryCode","categoryCodeList/0","categoryCodeList/1","categoryCodeList/2","categoryCodeList/3","categoryCodeList/4","categoryCodeList/5","categoryCodeList/6","categoryCodeList/7","conveniences/0","conveniences/1","conveniences/2","conveniences/3","conveniences/4","conveniences/5","conveniences/6","description","facilities/0","facilities/1","facilities/2","facilities/3","facilities/4","facilities/5","facilities/6","facilities/7","images/0","images/1","images/2","images/3","images/4","images/5","images/6","images/7","images/8","images/9","keywordList/0","keywordList/1","keywordList/2","keywordList/3","keywordList/4","menuImages/0","menuImages/1","menuImages/2","menuImages/3","menuImages/4","menuImages/5","menuImages/6","menuImages/7","menuImages/8","menus/0/change","menus/0/description","menus/0/images/0","menus/0/images/1","menus/0/images/2","menus/0/images/3","menus/0/images/4","menus/0/index","menus/0/name","menus/0/price","menus/0/recommend","menus/1/change","menus/1/description","menus/1/images/0","menus/1/images/1","menus/1/images/2","menus/1/images/3","menus/1/images/4","menus/1/index","menus/1/name","menus/1/price","menus/1/recommend","menus/2/change","menus/2/description","menus/2/images/0","menus/2/images/1","menus/2/images/2","menus/2/images/3","menus/2/images/4","menus/2/index","menus/2/name","menus/2/price","menus/2/recommend","menus/3/change","menus/3/description","menus/3/images/0","menus/3/images/1","menus/3/images/2","menus/3/images/3","menus/3/images/4","menus/3/index","menus/3/name","menus/3/price","menus/3/recommend","menus/4/change","menus/4/description","menus/4/images/0","menus/4/images/1","menus/4/images/2","menus/4/images/3","menus/4/images/4","menus/4/index","menus/4/name","menus/4/price","menus/4/recommend","menus/5/change","menus/5/description","menus/5/images/0","menus/5/images/1","menus/5/images/2","menus/5/images/3","menus/5/images/4","menus/5/index","menus/5/name","menus/5/price","menus/5/recommend","menus/6/change","menus/6/description","menus/6/images/0","menus/6/images/1","menus/6/images/2","menus/6/images/3","menus/6/images/4","menus/6/index","menus/6/name","menus/6/price","menus/6/recommend","menus/7/change","menus/7/description","menus/7/images/0","menus/7/images/1","menus/7/images/2","menus/7/images/3","menus/7/images/4","menus/7/index","menus/7/name","menus/7/price","menus/7/recommend","menus/8/change","menus/8/description","menus/8/images/0","menus/8/images/1","menus/8/images/2","menus/8/images/3","menus/8/images/4","menus/8/index","menus/8/name","menus/8/price","menus/8/recommend","menus/9/change","menus/9/description","menus/9/images/0","menus/9/images/1","menus/9/images/2","menus/9/images/3","menus/9/images/4","menus/9/index","menus/9/name","menus/9/price","menus/9/recommend","menus/10/change","menus/10/description","menus/10/images/0","menus/10/images/1","menus/10/images/2","menus/10/images/3","menus/10/images/4","menus/10/index","menus/10/name","menus/10/price","menus/10/recommend","menus/11/change","menus/11/description","menus/11/images/0","menus/11/images/1","menus/11/images/2","menus/11/images/3","menus/11/images/4","menus/11/index","menus/11/name","menus/11/price","menus/11/recommend","menus/12/change","menus/12/description","menus/12/images/0","menus/12/images/1","menus/12/images/2","menus/12/images/3","menus/12/images/4","menus/12/index","menus/12/name","menus/12/price","menus/12/recommend","menus/13/change","menus/13/description","menus/13/images/0","menus/13/images/1","menus/13/images/2","menus/13/images/3","menus/13/images/4","menus/13/index","menus/13/name","menus/13/price","menus/13/recommend","menus/14/change","menus/14/description","menus/14/images/0","menus/14/images/1","menus/14/images/2","menus/14/images/3","menus/14/images/4","menus/14/index","menus/14/name","menus/14/price","menus/14/recommend","menus/15/change","menus/15/description","menus/15/images/0","menus/15/images/1","menus/15/images/2","menus/15/images/3","menus/15/images/4","menus/15/index","menus/15/name","menus/15/price","menus/15/recommend","menus/16/change","menus/16/description","menus/16/images/0","menus/16/images/1","menus/16/images/2","menus/16/images/3","menus/16/images/4","menus/16/index","menus/16/name","menus/16/price","menus/16/recommend","menus/17/change","menus/17/description","menus/17/images/0","menus/17/images/1","menus/17/images/2","menus/17/images/3","menus/17/images/4","menus/17/index","menus/17/name","menus/17/price","menus/17/recommend","menus/18/change","menus/18/description","menus/18/images/0","menus/18/images/1","menus/18/images/2","menus/18/images/3","menus/18/images/4","menus/18/index","menus/18/name","menus/18/price","menus/18/recommend","menus/19/change","menus/19/description","menus/19/images/0","menus/19/images/1","menus/19/images/2","menus/19/images/3","menus/19/images/4","menus/19/index","menus/19/name","menus/19/price","menus/19/recommend","menus/20/change","menus/20/description","menus/20/images/0","menus/20/images/1","menus/20/images/2","menus/20/images/3","menus/20/images/4","menus/20/index","menus/20/name","menus/20/price","menus/20/recommend","menus/21/change","menus/21/description","menus/21/images/0","menus/21/images/1","menus/21/images/2","menus/21/images/3","menus/21/images/4","menus/21/index","menus/21/name","menus/21/price","menus/21/recommend","menus/22/change","menus/22/description","menus/22/images/0","menus/22/images/1","menus/22/images/2","menus/22/images/3","menus/22/images/4","menus/22/index","menus/22/name","menus/22/price","menus/22/recommend","menus/23/change","menus/23/description","menus/23/images/0","menus/23/images/1","menus/23/images/2","menus/23/images/3","menus/23/images/4","menus/23/index","menus/23/name","menus/23/price","menus/23/recommend","menus/24/change","menus/24/description","menus/24/images/0","menus/24/images/1","menus/24/images/2","menus/24/images/3","menus/24/images/4","menus/24/index","menus/24/name","menus/24/price","menus/24/recommend","menus/25/change","menus/25/description","menus/25/images/0","menus/25/images/1","menus/25/images/2","menus/25/images/3","menus/25/images/4","menus/25/index","menus/25/name","menus/25/price","menus/25/recommend","menus/26/change","menus/26/description","menus/26/images/0","menus/26/images/1","menus/26/images/2","menus/26/images/3","menus/26/images/4","menus/26/index","menus/26/name","menus/26/price","menus/26/recommend","menus/27/change","menus/27/description","menus/27/images/0","menus/27/images/1","menus/27/images/2","menus/27/images/3","menus/27/images/4","menus/27/index","menus/27/name","menus/27/price","menus/27/recommend","menus/28/change","menus/28/description","menus/28/images/0","menus/28/images/1","menus/28/images/2","menus/28/images/3","menus/28/images/4","menus/28/index","menus/28/name","menus/28/price","menus/28/recommend","menus/29/change","menus/29/description","menus/29/images/0","menus/29/images/1","menus/29/images/2","menus/29/images/3","menus/29/images/4","menus/29/index","menus/29/name","menus/29/price","menus/29/recommend","menus/30/change","menus/30/description","menus/30/images/0","menus/30/images/1","menus/30/images/2","menus/30/images/3","menus/30/images/4","menus/30/index","menus/30/name","menus/30/price","menus/30/recommend","menus/31/change","menus/31/description","menus/31/images/0","menus/31/images/1","menus/31/images/2","menus/31/images/3","menus/31/images/4","menus/31/index","menus/31/name","menus/31/price","menus/31/recommend","menus/32/change","menus/32/description","menus/32/images/0","menus/32/images/1","menus/32/images/2","menus/32/images/3","menus/32/images/4","menus/32/index","menus/32/name","menus/32/price","menus/32/recommend","menus/33/change","menus/33/description","menus/33/images/0","menus/33/images/1","menus/33/images/2","menus/33/images/3","menus/33/images/4","menus/33/index","menus/33/name","menus/33/price","menus/33/recommend","name","parkingInfo/__typename","parkingInfo/basicParking","parkingInfo/basicParking/__typename","parkingInfo/basicParking/extraFeeDescription","parkingInfo/basicParking/isFree","parkingInfo/basicParking/normalFeeDescription","parkingInfo/description","parkingInfo/valetParking","phone","place_id","reviewMenus/0/count","reviewMenus/0/label","reviewMenus/1/count","reviewMenus/1/label","reviewMenus/2/count","reviewMenus/2/label","reviewMenus/3/count","reviewMenus/3/label","reviewMenus/4/count","reviewMenus/4/label","reviewMenus/5/count","reviewMenus/5/label","reviewMenus/6/count","reviewMenus/6/label","reviewMenus/7/count","reviewMenus/7/label","reviewMenus/8/count","reviewMenus/8/label","reviewMenus/9/count","reviewMenus/9/label","reviewMenus/10/count","reviewMenus/10/label","reviewMenus/11/count","reviewMenus/11/label","reviewMenus/12/count","reviewMenus/12/label","reviewMenus/13/count","reviewMenus/13/label","reviewMenus/14/count","reviewMenus/14/label","reviewMenus/15/count","reviewMenus/15/label","reviewMenus/16/count","reviewMenus/16/label","reviewMenus/17/count","reviewMenus/17/label","reviewMenus/18/count","reviewMenus/18/label","reviewMenus/19/count","reviewMenus/19/label","reviewMenus/20/count","reviewMenus/20/label","reviewMenus/21/count","reviewMenus/21/label","reviewMenus/22/count","reviewMenus/22/label","reviewMenus/23/count","reviewMenus/23/label","reviewMenus/24/count","reviewMenus/24/label","reviewMenus/25/count","reviewMenus/25/label","reviewMenus/26/count","reviewMenus/26/label","reviewMenus/27/count","reviewMenus/27/label","reviewMenus/28/count","reviewMenus/28/label","reviewMenus/29/count","reviewMenus/29/label","reviewMenus/30/count","reviewMenus/30/label","reviewMenus/31/count","reviewMenus/31/label","reviewMenus/32/count","reviewMenus/32/label","reviewMenus/33/count","reviewMenus/33/label","reviewMenus/34/count","reviewMenus/34/label","reviewMenus/35/count","reviewMenus/35/label","reviewMenus/36/count","reviewMenus/36/label","reviewMenus/37/count","reviewMenus/37/label","reviewMenus/38/count","reviewMenus/38/label","reviewMenus/39/count","reviewMenus/39/label","reviewMenus/40/count","reviewMenus/40/label","reviewMenus/41/count","reviewMenus/41/label","reviewMenus/42/count","reviewMenus/42/label","reviewMenus/43/count","reviewMenus/43/label","reviewMenus/44/count","reviewMenus/44/label","reviewMenus/45/count","reviewMenus/45/label","reviewMenus/46/count","reviewMenus/46/label","reviewMenus/47/count","reviewMenus/47/label","reviewMenus/48/count","reviewMenus/48/label","reviewMenus/49/count","reviewMenus/49/label","reviewMenus/50/count","reviewMenus/50/label","reviewMenus/51/count","reviewMenus/51/label","reviewMenus/52/count","reviewMenus/52/label","reviewMenus/53/count","reviewMenus/53/label","reviewMenus/54/count","reviewMenus/54/label","reviewMenus/55/count","reviewMenus/55/label","reviewMenus/56/count","reviewMenus/56/label","reviewMenus/57/count","reviewMenus/57/label","reviewMenus/58/count","reviewMenus/58/label","reviewMenus/59/count","reviewMenus/59/label","reviewMenus/60/count","reviewMenus/60/label","reviewMenus/61/count","reviewMenus/61/label","reviewMenus/62/count","reviewMenus/62/label","reviewMenus/63/count","reviewMenus/63/label","reviewMenus/64/count","reviewMenus/64/label","reviewMenus/65/count","reviewMenus/65/label","reviewMenus/66/count","reviewMenus/66/label","reviewMenus/67/count","reviewMenus/67/label","reviewMenus/68/count","reviewMenus/68/label","reviewMenus/69/count","reviewMenus/69/label","reviewMenus/70/count","reviewMenus/70/label","reviewMenus/71/count","reviewMenus/71/label","reviewMenus/72/count","reviewMenus/72/label","reviewMenus/73/count","reviewMenus/73/label","reviewMenus/74/count","reviewMenus/74/label","reviewMenus/75/count","reviewMenus/75/label","reviewMenus/76/count","reviewMenus/76/label","reviewMenus/77/count","reviewMenus/77/label","reviewMenus/78/count","reviewMenus/78/label","reviewMenus/79/count","reviewMenus/79/label","reviewMenus/80/count","reviewMenus/80/label","reviewMenus/81/count","reviewMenus/81/label","reviewMenus/82/count","reviewMenus/82/label","reviewMenus/83/count","reviewMenus/83/label","reviewMenus/84/count","reviewMenus/84/label","reviewMenus/85/count","reviewMenus/85/label","reviewMenus/86/count","reviewMenus/86/label","reviewMenus/87/count","reviewMenus/87/label","reviewMenus/88/count","reviewMenus/88/label","reviewMenus/89/count","reviewMenus/89/label","reviewMenus/90/count","reviewMenus/90/label","reviewMenus/91/count","reviewMenus/91/label","reviewMenus/92/count","reviewMenus/92/label","reviewMenus/93/count","reviewMenus/93/label","reviewMenus/94/count","reviewMenus/94/label","reviewMenus/95/count","reviewMenus/95/label","reviewMenus/96/count","reviewMenus/96/label","reviewMenus/97/count","reviewMenus/97/label","reviewMenus/98/count","reviewMenus/98/label","reviewStats/authorCount","reviewStats/avgRating","reviewStats/imageReviewCount","reviewStats/totalCount","reviewThemes/0/code","reviewThemes/0/count","reviewThemes/0/label","reviewThemes/1/code","reviewThemes/1/count","reviewThemes/1/label","reviewThemes/2/code","reviewThemes/2/count","reviewThemes/2/label","reviewThemes/3/code","reviewThemes/3/count","reviewThemes/3/label","reviewThemes/4/code","reviewThemes/4/count","reviewThemes/4/label","reviewThemes/5/code","reviewThemes/5/count","reviewThemes/5/label","reviewThemes/6/code","reviewThemes/6/count","reviewThemes/6/label","reviewThemes/7/code","reviewThemes/7/count","reviewThemes/7/label","reviewThemes/8/code","reviewThemes/8/count","reviewThemes/8/label","reviewThemes/9/code","reviewThemes/9/count","reviewThemes/9/label","reviewThemes/10/code","reviewThemes/10/count","reviewThemes/10/label","reviewThemes/11/code","reviewThemes/11/count","reviewThemes/11/label","reviewThemes/12/code","reviewThemes/12/count","reviewThemes/12/label","reviewThemes/13/code","reviewThemes/13/count","reviewThemes/13/label","reviewThemes/14/code","reviewThemes/14/count","reviewThemes/14/label","reviewThemes/15/code","reviewThemes/15/count","reviewThemes/15/label","roadAddress","siteLanding","siteUrl","subwayStations/0/name","subwayStations/0/typeDesc","subwayStations/1/name","subwayStations/1/typeDesc","subwayStations/2/name","subwayStations/2/typeDesc","subwayStations/3/name","subwayStations/3/typeDesc","subwayStations/4/name","subwayStations/4/typeDesc","virtualPhone","visitorReviewsScore","visitorReviewsTotal","x","y"
"경기 부천시 원미구 중동 1158-5","0","카페","221212","220036","220052","220576","221212","1004760","1004985",,,"무선 인터넷","포장","단체 이용 가능","예약",,,,"동서양 문화(文化)가 공존하던 대한제국(大韓帝國) 시절의 낭만을 전통한과와 서양제과 그리고 진한 가배로 만끽해보세요.","로스터리","무선 인터넷","포장","단체 이용 가능","예약",,,,"https://ldb-phinf.pstatic.net/20190715_222/1563155769579zC7BT_JPEG/zm6O8YkNfvyksHqKImYkjZju.jpg","https://ldb-phinf.pstatic.net/20230730_241/1690716747933jNvjz_PNG/%B4%D9%BE%E7%C1%D6%BE%C7.PNG","https://ldb-phinf.pstatic.net/20230730_100/1690716743909Fdmxs_PNG/%BC%B1%B9%B0%BB%F3%C0%DA.PNG","https://ldb-phinf.pstatic.net/20190715_134/1563155780221pqLOJ_JPEG/jRNAhGRMXCsnJsUTVjVGkaPy.jpg","https://ldb-phinf.pstatic.net/20190714_216/1563078842960BpfW6_JPEG/2izU14PnW0iNQRDmMs58txrB.jpg","https://ldb-phinf.pstatic.net/20190714_201/1563078836642kKrPl_JPEG/8vqu5PFlaADqFmzw2M3nsQfN.jpg","https://ldb-phinf.pstatic.net/20190714_276/1563078830273oYPIV_JPEG/A5Dzb-m7VWRv8sijR2ozRNU0.jpg","https://ldb-phinf.pstatic.net/20190714_87/1563078811444G2Wyl_JPEG/IdZZYGtlJQ5JUg3Y2qV7PxeD.jpg",,,"부천화양연화","부천카페","부천개성주악","개성주악","신중동카페","https://ldb-phinf.pstatic.net/20200903_83/15991159454923HFXq_JPEG/6Z-E6j5m2TG-TEZMK_acSglj.jpg","https://ldb-phinf.pstatic.net/20210509_252/1620540305776BdlOK_JPEG/pC3iMU05AQecK6Lma7XuxRXl.jpg",,,,,,,,"false","찹쌀가루에 막걸리를 넣어 동그랗게 빚고, 기름에 지져내어 즙청을 먹인 전통화과자","https://ldb-phinf.pstatic.net/20230729_5/1690558988750iY8VN_PNG/%C1%D6%BE%C7.PNG",,,,,"2","개성주악","2700","true","false","겉은 부드럽고 안은 촉촉한, 황금비율의 치즈케이크","https://ldb-phinf.pstatic.net/20230729_10/1690559087094Y6EDr_PNG/%C4%A1%C4%C9.PNG",,,,,"8","바스크치즈케이크","6500","true","false","우유의 수분함량을 줄여 특유의 고소함을 높인 커피","https://ldb-phinf.pstatic.net/20220421_289/1650528751015qHcmP_JPEG/B53030F0-1A87-4677-A1F7-CF5B774394B8.jpeg",,,,,"11","진미라떼","5000","true","false","오.직.찬.것","https://ldb-phinf.pstatic.net/20191112_144/1573548648373RUb9Q_JPEG/OuqcakZKkdXJErormmCK5OFY.jpg",,,,,"12","카페오레","5000","true","false","8가지 주악을 담은 선물상자","https://ldb-phinf.pstatic.net/20240405_150/1712307604828b3rEM_PNG/8%B1%B8_-_%BA%B9%BB%E7%BA%BB.png",,,,,"0","8구 선물상자","0","false","false","4가지 주악을 담은 선물상자","https://ldb-phinf.pstatic.net/20240405_46/17123072587134oj4J_JPEG/4%B1%B8.jpg",,,,,"1","4구 선물상자","0","false","false","새콤달콤한 생딸기를 크림에 올린 주악",,,,,,"3","딸기주악","3800","false","false","구운 아몬드와 초코의 고소함이 돋보이는 주악","https://ldb-phinf.pstatic.net/20230730_177/1690721875464B0YEy_PNG/%BE%C6%B8%F3%B5%E5%C3%CA%C4%DA.PNG",,,,,"4","아몬드초코주악","3300","false","false","향긋하고 달콤한 금귤을 직접 졸여 정과로 올린 주악",,,,,,"5","금귤정과주악","3800","false","false","촉촉한 즙청과 상큼한 감귤이 조화로운 주악","https://ldb-phinf.pstatic.net/20230730_73/1690716559440yNb4q_PNG/%B8%B8%B4%D9%B8%B0.PNG",,,,,"6","만다린주악","3700","false","false","묵직한 단밤과 고소한 밤크림이 인상적인 주악","https://ldb-phinf.pstatic.net/20230730_70/1690716491845VxPCO_PNG/%B4%DC%B9%E3.PNG",,,,,"7","단밤주악","3700","false","false","","https://ldb-phinf.pstatic.net/20190714_115/1563076922133FoL7H_JPEG/sJ_mLWYMTuxNbMooNWk5eOTw.jpg",,,,,"9","아메리카노","4000","false","false","","https://ldb-phinf.pstatic.net/20190714_282/15630773471609ykXo_JPEG/fDMcVTTYYk1W6byZymb5Qhvo.jpg",,,,,"10","카페라떼","4500","false","false","오.직.찬.것","https://ldb-phinf.pstatic.net/20200903_117/1599116140499FoN9a_JPEG/6evbPVgzaCAe-OU6CrtNTSf3.jpg",,,,,"13","버터가배","5500","false","false","","https://ldb-phinf.pstatic.net/20190714_22/1563077428281HHQWk_JPEG/z3Ad9p529paUrK3MN-k_-iIn.jpg",,,,,"14","카페비엔나","5500","false","false","","https://ldb-phinf.pstatic.net/20191112_178/1573548694849TEwjx_JPEG/jSekvS0Md_q9rn8zN9w5pqL6.jpg",,,,,"15","아몬드비엔나","6000","false","false","","https://ldb-phinf.pstatic.net/20191112_16/1573548771769Vk2Yl_JPEG/kp_hnQUDbHcEiN_eb0U48oBN.jpg",,,,,"16","초코지유","6000","false","false","",,,,,,"17","히비스커스 피치블랜드","5000","false","false","",,,,,,"18","루이보스 슈가플럼","5000","false","false","",,,,,,"19","페퍼민트","5000","false","false","",,,,,,"20","자몽 에이드","5500","false","false","",,,,,,"21","오뤤지 에이드","5500","false",,,,,,,,,,,,,,,,,,,,,,,,,,,,,,,,,,,,,,,,,,,,,,,,,,,,,,,,,,,,,,,,,,,,,,,,,,,,,,,,,,,,,,,,,,,,,,,,,,,,,,,,,,,,,,,,,,,,,,,,,,,,,,,,,,,,,"화양연화","InformationParking",,,,,,,,,"1682746210","128","커피","28","라떼","17","휘낭시에","14","케이크","12","치즈","12","치즈케이크","10","아메리카노","9","카페오레","8","도넛","7","바스크치즈케이크","6","에이드","6","우유","4","약과","4","카페라떼","3","비엔나커피","3","오렌지에이드","3","자몽에이드","3","찹쌀도너츠","2","구움과자","2","한과","1","과일","1","마들렌","1","소금빵","1","옥수수","1","초콜릿","1","크림모카","1","크림치즈","1","핫초코","1","호떡",,,,,,,,,,,,,,,,,,,,,,,,,,,,,,,,,,,,,,,,,,,,,,,,,,,,,,,,,,,,,,,,,,,,,,,,,,,,,,,,,,,,,,,,,,,,,,,,,,,,,,,,,,,,,,,,,,,,,,,,,,,,,,,,,,,,,,,,,,,,,"83","4.78","262","711","taste","235","맛","total","194","만족도","mood","93","분위기","service","35","서비스","purpose","17","목적","menu","8","메뉴","amount","5","음식량","cleanliness","3","청결도","delivery","2","배달","location","2","위치","parking","1","주차",,,,,,,,,,,,,,,,"경기 부천시 원미구 석천로184번길 26",,,"7","부천시청역 7호선",,,,,,,,,,"4.78","711","126.7643045","37.5035786"
"인천 중구 신포동 20-8","0","한식","220053","220036","220037","220053","1004760","1004498",,,,"단체 이용 가능","포장","예약","무선 인터넷","남/녀 화장실 구분","유아의자","간편결제","실제 개성출신의 어머님이 1.4후퇴때 인천에서 자리를 잡으시고 신포동에서 20여년동안 개성만두로 자리잡은 신포동 대표맛집입니다.
수많은 개성집과 개성만두가 있지만 그중에서 실제 개성출신어머님이 운영중이신 개성본가 입니다.
실제 고향이신 개성의 본가위치를 벽화로 옮겨담아 맛있는음식과 또하나의 볼거리,포토존을 구상해보았습니다.
언제나 정갈하고 맛있는 음식과 깨끗한 관리로 오시는분들 다 기분좋은 마음으로 드실수있게 노력하겠습니다^^","콜키지 가능 (무료)","단체 이용 가능","포장","예약","무선 인터넷","남/녀 화장실 구분","유아의자",,"https://ldb-phinf.pstatic.net/20231203_95/1701608990946vd7UC_JPEG/20231203_103557.jpg","https://ldb-phinf.pstatic.net/20231203_45/1701608974421iABlf_JPEG/20231203_220856.jpg","https://ldb-phinf.pstatic.net/20231203_104/1701608974429YnL8j_JPEG/20231203_220912.jpg","https://ldb-phinf.pstatic.net/20231203_48/1701608974499mJ0Lg_JPEG/20231203_103114.jpg","https://naverbooking-phinf.pstatic.net/20231207_227/1701926490518oAMj0_JPEG/20231203_220856.jpg",,,,,,"개성만두","개성주악","개성만두보쌈","만두국","버섯만두전골","https://ldb-phinf.pstatic.net/20260129_91/1769689026202xg5WD_JPEG/34968.jpg","https://ldb-phinf.pstatic.net/20231203_215/170160927626733oga_JPEG/20231203_103557.jpg",,,,,,,,"false","새송이,팽이,표고버섯과 청경채,배추,수육,개성만두가 푸짐하게들어간 맛있는 전골요리",,,,,,"0","버섯 만두전골(중)","35000","false","false","새송이,팽이,표고버섯과 청경채,배추,수육,개성만두가 푸짐하게들어간 맛있는 전골요리",,,,,,"1","버섯 만두전골(소)","25000","false","false","배춧잎 안에 김치속과 굴,배,대추등을 넣고 황석어 또는 새우젓으로 국물을내어 익혀먹는 김치","https://ldb-phinf.pstatic.net/20231203_261/1701609501932qrHtl_JPEG/20231103_195018.jpg",,,,,"2","개성 보김치","3000","false","false","",,,,,,"3","콩국수","9900","false","false","",,,,,,"4","백합칼국수","7900","false","false","",,,,,,"5","사골만두국","9900","false","false","",,,,,,"6","사골떡만두국","9900","false","false","",,,,,,"7","칼만두","9900","false",,,,,,,,,,,,,,,,,,,,,,,,,,,,,,,,,,,,,,,,,,,,,,,,,,,,,,,,,,,,,,,,,,,,,,,,,,,,,,,,,,,,,,,,,,,,,,,,,,,,,,,,,,,,,,,,,,,,,,,,,,,,,,,,,,,,,,,,,,,,,,,,,,,,,,,,,,,,,,,,,,,,,,,,,,,,,,,,,,,,,,,,,,,,,,,,,,,,,,,,,,,,,,,,,,,,,,,,,,,,,,,,,,,,,,,,,,,,,,,,,,,,,,,,,,,,,,,,,,,,,,,,,,,,,,,,,,,,,,,,,,,,,,,"개성본가","InformationParking",,,,,,"주차는 가게근처 신포공영주차장을 이용하셔야합니다.",,,"1010302520","51","만두","25","칼국수","12","떡만두국","8","만두국","7","전골","7","칼만두국","6","녹두전","6","만두전골","6","콩국수","5","바지락","5","손만두","3","사골떡만두국","2","고기","2","국수","2","깍두기","2","떡국","2","배추김치","2","사골만두국","2","조개","2","찐만두","1","가정식백반","1","김치만두","1","나박김치","1","만두칼국수","1","수제만두","1","열무김치",,,,,,,,,,,,,,,,,,,,,,,,,,,,,,,,,,,,,,,,,,,,,,,,,,,,,,,,,,,,,,,,,,,,,,,,,,,,,,,,,,,,,,,,,,,,,,,,,,,,,,,,,,,,,,,,,,,,,,,,,,,,,,,,,,,,,,,,,,,,,,,,,,,"3","4.67","83","210","taste","86","맛","total","52","만족도","service","9","서비스","amount","8","음식량","price","3","가격","purpose","3","목적","cleanliness","2","청결도","mood","2","분위기","waitingtime","2","대기시간","delivery","1","배달","location","1","위치","naver","1","예약","parking","1","주차",,,,,,,,,,"인천 중구 우현로39번길 9-1 1층",,,"수인분당","신포역 수인분당선",,,,,,,,,"0507-1388-1398","4.67","210","126.6267027","37.4708309"
"서울 서초구 반포동 107-80","0","한식","220053","220036","220037","220053","1004760","1004542","1004380","1002043",,"예약",,,,,,,"현재 인스타그램을 통해
쿠킹클래스와 반찬택배만 운영합니다.
공지 후 변동 가능","예약",,,,,,,,"https://ldb-phinf.pstatic.net/20210327_206/16168337341471p0O7_JPEG/1crDx2ZSGNymC8Njvu1ZSiAg.jpeg.jpg","https://ldb-phinf.pstatic.net/20210531_55/16224618215632zyn0_JPEG/image.jpg",,,,,,,,,"개성만두","개성약과","개성장땡이","개성보쌈","개성주악",,,,,,,,,,"true","","https://ldb-phinf.pstatic.net/20230417_50/1681700877185CWTlt_JPEG/BE26BB67-D675-4A70-B582-98217DD3D668.jpeg",,,,,"0","인스타그램예약","","false",,,,,,,,,,,,,,,,,,,,,,,,,,,,,,,,,,,,,,,,,,,,,,,,,,,,,,,,,,,,,,,,,,,,,,,,,,,,,,,,,,,,,,,,,,,,,,,,,,,,,,,,,,,,,,,,,,,,,,,,,,,,,,,,,,,,,,,,,,,,,,,,,,,,,,,,,,,,,,,,,,,,,,,,,,,,,,,,,,,,,,,,,,,,,,,,,,,,,,,,,,,,,,,,,,,,,,,,,,,,,,,,,,,,,,,,,,,,,,,,,,,,,,,,,,,,,,,,,,,,,,,,,,,,,,,,,,,,,,,,,,,,,,,,,,,,,,,,,,,,,,,,,,,,,,,,,,,,,,,,,,,,,,,,,,,,,,,,,,,,,,,,,,,,,,,,,,,,,,,,,,,,"바나리",,,,,,,,,,"1669686842","1","떡국","1","만두",,,,,,,,,,,,,,,,,,,,,,,,,,,,,,,,,,,,,,,,,,,,,,,,,,,,,,,,,,,,,,,,,,,,,,,,,,,,,,,,,,,,,,,,,,,,,,,,,,,,,,,,,,,,,,,,,,,,,,,,,,,,,,,,,,,,,,,,,,,,,,,,,,,,,,,,,,,,,,,,,,,,,,,,,,,,,,,,,,,,,,,,,,,,,,,,,,,"2","2.75","1","3","taste","2","맛","purpose","1","목적","total","1","만족도",,,,,,,,,,,,,,,,,,,,,,,,,,,,,,,,,,,,,,,,"서울 서초구 사평대로18길 38 2층",,,"9","신반포역 9호선","7","고속터미널역 7호선",,,,,,,"0507-1353-3464","2.75","3","126.9965621","37.497808"
"경기 안산시 단원구 고잔동 639-4","0","카페","221212","220036","220052","220576","221212","1004760","1004542","1004380","1002043","포장","배달","반려동물 동반","무선 인터넷","예약","간편결제",,"안녕하세요 와로플 서울예대점 입니다^^
와플, 크로플, 두바이 디저트, 소금빵, 계란빵, 에그타르트 등 다양한 빵과 음료가 준비되어 있습니다

*휴무: 금, 토요일","포장","배달","반려동물 동반","무선 인터넷","예약",,,,"https://ldb-phinf.pstatic.net/20260416_216/1776347684752GpWcz_JPEG/IMG_2595.jpeg","https://ldb-phinf.pstatic.net/20260105_174/1767585791908wsK8s_JPEG/IMG_0898.jpeg","https://ldb-phinf.pstatic.net/20260105_58/176758578984080uxf_PNG/IMG_0849.png","https://ldb-phinf.pstatic.net/20260416_175/1776347725038DiUUQ_JPEG/IMG_2597.jpeg","https://ldb-phinf.pstatic.net/20260416_45/1776347726781c93dv_JPEG/IMG_2596.jpeg","https://ldb-phinf.pstatic.net/20260105_73/1767585792594Qn5Tp_JPEG/IMG_0848.jpeg","https://ldb-phinf.pstatic.net/20260213_286/1770981102305RfIAG_JPEG/IMG_1834.jpeg","https://ldb-phinf.pstatic.net/20260213_223/1770981102829nsjg3_JPEG/IMG_1829.jpeg","https://ldb-phinf.pstatic.net/20260213_170/1770981101953ydzML_JPEG/IMG_1838.jpeg","https://ldb-phinf.pstatic.net/20260213_234/17709810796629HEg6_JPEG/IMG_1844.jpeg","소금빵","개성주악","두바이초콜릿","애견동반","두바이","https://ldb-phinf.pstatic.net/20240828_93/17248564116052AcJ4_PNG/Beige_and_Green_Modern_Cafe_Food_Menu_-_2.png",,,,,,,,,"false","","https://ldb-phinf.pstatic.net/20260416_94/1776348045216kla6U_PNG/IMG_0849.png",,,,,"0","두바이 소금빵","7600","false","false","","https://ldb-phinf.pstatic.net/20260416_26/1776347989022poLnc_JPEG/IMG_0897.jpeg",,,,,"1","동그리 두바이 쫀득쿠키","5500","false","false","","https://ldb-phinf.pstatic.net/20260416_205/1776347808916Sykbh_JPEG/IMG_2595.jpeg",,,,,"2","버터떡(4개 세트)+연유포함","6500","false","false","","https://ldb-phinf.pstatic.net/20260416_254/17763478609195vEYx_JPEG/IMG_2596.jpeg",,,,,"3","우베라떼 ICE","5500","false","false","","https://ldb-phinf.pstatic.net/20240809_222/1723193180041AnhIe_JPEG/IMG_4071.jpeg",,,,,"4","수박주스","6500","false","false","","https://ldb-phinf.pstatic.net/20240809_296/1723193135033d50e3_JPEG/IMG_4063.jpeg",,,,,"5","토마토 주스","5000","false","false","","https://ldb-phinf.pstatic.net/20240809_111/172319306027272GhD_JPEG/IMG_6756.jpeg",,,,,"6","두바이 초콜릿","3000","false","false","","https://ldb-phinf.pstatic.net/20240102_98/1704158095796mLgGA_JPEG/KakaoTalk_20240101_184631452_02.jpg",,,,,"7","아메리카노(ice)","3500","false","false","","https://ldb-phinf.pstatic.net/20231226_146/1703570767543RI61M_JPEG/%BC%D2%B1%DD%BB%A7.jpg",,,,,"8","소금빵","2000","false","false","","https://ldb-phinf.pstatic.net/20231226_76/17035708183443j3ot_JPEG/%B8%F0%C4%AB%BC%D2%B1%DD%BB%A7.jpg",,,,,"9","모카 소금빵","2800","false","false","","https://ldb-phinf.pstatic.net/20231226_121/1703570732883hIGar_JPEG/%B8%ED%B6%F5%B8%B6%BF%E4_%BC%D2%B1%DD%BB%A7.jpg",,,,,"10","명란마요소금빵","2600","false","false","","https://ldb-phinf.pstatic.net/20240102_37/17041586936140OMJy_JPEG/KakaoTalk_20240101_184631452_07.jpg",,,,,"11","플레인 크로플","3000","false","false","","https://ldb-phinf.pstatic.net/20240102_286/1704158655528ltmoG_JPEG/KakaoTalk_20240101_184631452_05.jpg",,,,,"12","바나나 초코 크로플","4700","false","false","","https://ldb-phinf.pstatic.net/20240102_284/1704158639607HXyWr_JPEG/KakaoTalk_20240101_184631452_04.jpg",,,,,"13","오레오 크로플","4900","false","false","","https://ldb-phinf.pstatic.net/20240102_162/1704158615289LJd2j_JPEG/KakaoTalk_20240101_184631452_03.jpg",,,,,"14","말차샷라떼","4500","false","false","","https://ldb-phinf.pstatic.net/20240102_71/17041585928307v9bX_JPEG/KakaoTalk_20240101_184631452_01.jpg",,,,,"15","초코 개성주악","2700","false","false","","https://ldb-phinf.pstatic.net/20240102_93/17041581254311YaRR_JPEG/KakaoTalk_20240101_184319071.jpg",,,,,"16","에그타르트","3000","false","false","","https://ldb-phinf.pstatic.net/20240102_225/1704158265785WitG7_JPEG/KakaoTalk_20240101_184319071_03.jpg",,,,,"17","레몬마들렌","2700","false","false","","https://ldb-phinf.pstatic.net/20240102_283/1704158232632nASU4_JPEG/KakaoTalk_20240101_184319071_01.jpg",,,,,"18","휘낭시에","2000","false","false","","https://ldb-phinf.pstatic.net/20240102_267/1704158249982zBcCd_JPEG/KakaoTalk_20240101_184319071_02.jpg",,,,,"19","황치즈 휘낭시에","2000","false","false","","https://ldb-phinf.pstatic.net/20240102_267/1704158548201Rodlt_JPEG/KakaoTalk_20240101_184631452.jpg",,,,,"20","어니언후레이크 핫도그","3800","false","false","","https://ldb-phinf.pstatic.net/20240102_253/1704158555347eaDzV_JPEG/KakaoTalk_20240101_184319071_06.jpg",,,,,"21","오레오쿠키","3500","false","false","","https://ldb-phinf.pstatic.net/20240102_33/1704158506875x0AP4_JPEG/KakaoTalk_20240101_184319071_05.jpg",,,,,"22","초코스모어쿠키","3500","false","false","","https://ldb-phinf.pstatic.net/20240102_149/1704158412034MWbIx_JPEG/KakaoTalk_20240101_184319071_04.jpg",,,,,"23","황치즈쿠키","3500","false",,,,,,,,,,,,,,,,,,,,,,,,,,,,,,,,,,,,,,,,,,,,,,,,,,,,,,,,,,,,,,,,,,,,,,,,,,,,,,,,,,,,,,,,,,,,,,,,,,,,,,,,,,,,,,,"와로플 서울예대점","InformationParking",,,,,,,,,"1475178942","12","커피","6","소금빵","4","계란빵","3","크로플","2","에그타르트","2","치즈","2","치즈케이크","2","카스테라","2","타르트","2","휘낭시에","1","라떼","1","마들렌","1","말차라떼","1","와플","1","초콜릿","1","케이크","1","쿠키","1","크림브륄레","1","플레인크로플",,,,,,,,,,,,,,,,,,,,,,,,,,,,,,,,,,,,,,,,,,,,,,,,,,,,,,,,,,,,,,,,,,,,,,,,,,,,,,,,,,,,,,,,,,,,,,,,,,,,,,,,,,,,,,,,,,,,,,,,,,,,,,,,,,,,,,,,,,,,,,,,,,,,,,,,,,,,,,,,,"0","0","27","56","taste","28","맛","total","23","만족도","service","9","서비스","purpose","6","목적","price","5","가격","menu","2","메뉴","mood","2","분위기","location","1","위치",,,,,,,,,,,,,,,,,,,,,,,,,"경기 안산시 단원구 예술대학로 153 103호",,,,,,,,,,,,,"0507-1454-2048","0","56","126.8385131","37.3305498"
"서울 강남구 역삼동 770-20","0","카페","221212","220036","220052","220576","221212","1004760","1004380","1002043",,"무선 인터넷","주차","포장","남/녀 화장실 구분",,,,"예쁘고 아담한 정이 넘치는 카페 래쉬입니다. 감사합니다.","무선 인터넷","포장","남/녀 화장실 구분",,,,,,"https://ldb-phinf.pstatic.net/20170705_112/1499240585529FJ6M2_JPEG/186655567323158_6.jpeg","https://ldb-phinf.pstatic.net/20170705_178/14992405846971vJL8_JPEG/186655567323158_0.jpeg","https://ldb-phinf.pstatic.net/20170705_103/1499240584855bC602_JPEG/186655567323158_1.jpeg","https://ldb-phinf.pstatic.net/20170705_225/1499240584978LldQw_JPEG/186655567323158_2.jpeg","https://ldb-phinf.pstatic.net/20190525_170/1558755911983n54hv_JPEG/uJunM6GieKcD6LICeNj5oUzp.jpg","https://ldb-phinf.pstatic.net/20190525_31/1558755921681Q4ra1_JPEG/YTY-TteaFfvB3HOx9Aj7hT-m.jpg","https://ldb-phinf.pstatic.net/20190525_295/1558755927859Q0f4i_JPEG/KT-v23bETRU_i1OcIShZqhTN.jpg","https://ldb-phinf.pstatic.net/20190525_147/1558755937428UzuFv_JPEG/o8VCzH3MIXMhkR5SGBr_R_8i.jpg","https://ldb-phinf.pstatic.net/20190525_142/15587560909099hTjr_JPEG/y-nH6mvR2TSuty5F-WIceZS0.jpg","https://naverbooking-phinf.pstatic.net/20260127_70/1769470672537mfN8f_JPEG/image.jpg","아메리카노","카페라떼","수박쥬스","자몽쥬스","개성주악","https://ldb-phinf.pstatic.net/20260127_178/17694718768783uzBg_JPEG/1769471860667.jpg","https://ldb-phinf.pstatic.net/20260127_180/1769471858703h7xeB_JPEG/1769471844214.jpg","https://ldb-phinf.pstatic.net/20260127_56/1769471843402Sswre_JPEG/1769471817361.jpg","https://ldb-phinf.pstatic.net/20260127_55/1769471815880OxL5X_JPEG/1769471803313.jpg","https://ldb-phinf.pstatic.net/20260127_175/1769471798286vAU9S_JPEG/1769471779486.jpg",,,,,"false","","https://ldb-phinf.pstatic.net/20260127_140/17694720040163sUCN_JPEG/1769471958668.jpg",,,,,"0","두바이쫀특쿠키","7000","false","false","",,,,,,"1","뱅쇼","6000","false","false","","https://ldb-phinf.pstatic.net/20260127_190/1769472129181Bd4Dm_JPEG/1769472118516.jpg","https://ldb-phinf.pstatic.net/20260127_112/1769472114000cbgG0_JPEG/1769472099897.jpg","https://ldb-phinf.pstatic.net/20260127_75/1769472095909GwS9Y_JPEG/1769472086639.jpg","https://ldb-phinf.pstatic.net/20260127_203/1769472083211yhXr8_JPEG/1769472054173.jpg",,"2","아메리카노","3000","false","false","",,,,,,"3","카페라떼","4000","false","false","",,,,,,"4","카푸치노","4000","false","false","",,,,,,"5","카페모카","4500","false","false","",,,,,,"6","바닐라라떼","4500","false","false","",,,,,,"7","연유라떼","4500","false","false","",,,,,,"8","헤이즐넛라떼","4500","false","false","",,,,,,"9","카라멜마끼아또","5500","false","false","",,,,,,"10","더치커피","5000","false","false","",,,,,,"11","아인슈페너","4500","false","false","",,,,,,"12","더치라떼","6000","false","false","",,,,,,"13","더치바닐라라떼","6500","false","false","",,,,,,"14","크림라떼","4500","false","false","",,,,,,"15","썸머라떼","4500","false","false","",,,,,,"16","허니로얄밀크티","5000","false","false","",,,,,,"17","초코라떼","4500","false","false","",,,,,,"18","민트초코라떼","4500","false","false","",,,,,,"19","말차라떼","4500","false","false","",,,,,,"20","미숫가루","4500","false","false","",,,,,,"21","고구마라떼","5000","false",,,,,,,,,,,,,,,,,,,,,,,,,,,,,,,,,,,,,,,,,,,,,,,,,,,,,,,,,,,,,,,,,,,,,,,,,,,,,,,,,,,,,,,,,,,,,,,,,,,,,,,,,,,,,,,,,,,,,,,,,,,,,,,,,,,,,"래쉬","InformationParking",,"InformationBasicParking",,,,,,,"38521582","10","커피","2","라떼","1","미숫가루","1","샌드위치","1","생맥주","1","요거트","1","치아바타","1","흑임자","1","흑임자라떼",,,,,,,,,,,,,,,,,,,,,,,,,,,,,,,,,,,,,,,,,,,,,,,,,,,,,,,,,,,,,,,,,,,,,,,,,,,,,,,,,,,,,,,,,,,,,,,,,,,,,,,,,,,,,,,,,,,,,,,,,,,,,,,,,,,,,,,,,,,,,,,,,,,,,,,,,,,,,,,,,,,,,,,,,,,,,,,,,,,,,"38","4.29","7","120","taste","18","맛","total","8","만족도","service","4","서비스","cleanliness","1","청결도","location","1","위치",,,,,,,,,,,,,,,,,,,,,,,,,,,,,,,,,,"서울 강남구 논현로72길 19",,,"2","역삼역 2호선",,,,,,,,,"0507-1404-1873","4.29","120","127.0410644","37.4959888"
"서울 강남구 역삼동 812-6","0","카페,디저트","220563","220036","220052","220563",,,,,,"남/녀 화장실 구분","포장","무선 인터넷","간편결제",,,,"안녕하세요
'한과와락'은 K 디저트를 사랑하는 청년들이 모여서 만든 강남역카페 입니다

전통 방식과 현대의 기술을 접하여 만드는 이색 디저트 맛집으로
사랑을 받고 있습니다
매일 새벽에 직접 제작을 하며
당일생산 당일폐기를 원칙으로 합니다

강남에서 베이커리가 아닌 다양한 색다름이 필요하시다면,
한국의 예쁜 분위기가 있는 강남카페를 찾으시면, 감성있는 카페를 찾으신다면,
데이트 또는 소개팅 하기 좋은 조용한 강남역디저트카페를 원하시면,
부모님과 오랜만에 데이트를 하신다면
커피도 맛있는 곳, 블랜딩을 한 차를 즐길 수 있는 곳
오늘은 대형카페가 아닌 작은 일상같은 카페, 강남역과 신논현역 사이에 위치한
 '한과와락'을 추천합니다

1,2층은 고즈넉한 분위기의 인테리어이며,
3층은 좌식으로 따뜻하고 조용한분위기입니다.

주기적인 연구로 신상 디저트와 음료가 나오고 있습니다. 이색디저트카페로 어떠신가요?

역삼동카페를 찾으신다면 개성주악과 페스츄리 약과가 있고, 선물 및 답례품으로 좋은 강남역 디저트맛집 한과와락이 있습니다.

영업시간은 오전 11시30분부터 오후 10시 까지 입니다.

주차공간이 따로 준비되어있지 않은 점 양해부탁드립니다
가장 가까운 주차장은 세명 유료주자창이 있습니다.","남/녀 화장실 구분","포장","무선 인터넷",,,,,,"https://ldb-phinf.pstatic.net/20260311_223/1773200799481sBA6a_JPEG/15456.jpg","https://ldb-phinf.pstatic.net/20260311_295/17732008806378QaMy_JPEG/15458.jpg","https://ldb-phinf.pstatic.net/20260109_63/17679306683546dJBC_JPEG/14910.jpg","https://ldb-phinf.pstatic.net/20250101_299/1735688222293EYRDJ_JPEG/1728883182809.jpg","https://ldb-phinf.pstatic.net/20241113_176/17314963386147EwBx_JPEG/KakaoTalk_20241113_201055297.jpg","https://ldb-phinf.pstatic.net/20250206_177/1738827911469Uui4B_JPEG/%C4%AB%C7%C7%B9%D9%B6%F3.jpg","https://ldb-phinf.pstatic.net/20250206_137/1738827911230qRXNs_JPEG/KakaoTalk_20250206_150652695.jpg","https://ldb-phinf.pstatic.net/20251121_234/1763704170313pPl4Q_JPEG/14587.jpg","https://ldb-phinf.pstatic.net/20240307_131/17097983242413cHDE_JPEG/1000007931.jpg","https://ldb-phinf.pstatic.net/20241130_236/1732939786759fm6mU_JPEG/1000011108.jpg","강남역카페","신논현역카페","개성주악","두쫀쿠","금귤정과","https://ldb-phinf.pstatic.net/20241130_158/1732939897761oj6xX_JPEG/1000011054.jpg","https://ldb-phinf.pstatic.net/20241130_68/1732939889253BaixE_JPEG/1000011055.jpg","https://ldb-phinf.pstatic.net/20241130_17/17329398304403CXOL_JPEG/1000011086.jpg","https://ldb-phinf.pstatic.net/20241130_17/17329398230110WGxh_JPEG/1000011088.jpg",,,,,,"false","달달한 꿀 조청과 쫀뜩한 식감
3주마다 바뀌는 6가지맛의 주악!","https://ldb-phinf.pstatic.net/20250101_266/1735688436227TfQ2K_JPEG/1703306772079.jpg","https://ldb-phinf.pstatic.net/20231216_260/17027006636681Jyzl_JPEG/1702698878106.jpg",,,,"1","개성주악","2500~3300","true","false","조선시대 페스츄리 약과!
결 사이사이에서 느껴지는 쫀쫀한 수제청과 파삭한 식감의 조화로운맛","https://ldb-phinf.pstatic.net/20231214_71/1702545833380OYdTW_JPEG/%C1%F8%C2%A5%BE%E0%B0%FA.jpg","https://ldb-phinf.pstatic.net/20230818_13/1692360788340N8WA1_JPEG/KakaoTalk_20230818_211158727_01.jpg",,,,"2","개성약과","2500","true","false","땅콩,밤,인절미,아몬드를 이용하여 한국의 색을 고소하게 띈 시그니처라떼","https://ldb-phinf.pstatic.net/20240307_287/1709799084836ld0xj_JPEG/1000007827.jpg","https://ldb-phinf.pstatic.net/20240307_4/1709799074659WnqAL_JPEG/1000007881.jpg",,,,"8","와락크림라떼","7000","true","false","겨울시즌에만 맛볼 수 있는 톡터지는 달콤함의 극치!","https://ldb-phinf.pstatic.net/20260311_192/1773201141470Hamxt_PNG/15179.png",,,,,"0","금귤정과","3700","false","false","6개입 선물세트 18000원
10개입 선물세트 31000원
프리미엄20구 75,000원","https://ldb-phinf.pstatic.net/20260311_51/1773201268015CPjUU_JPEG/15083.jpg","https://ldb-phinf.pstatic.net/20251005_281/1759639929587d1GBU_JPEG/%C7%C1%B8%AE%B9%CC%BE%F6%B9%DA%BD%BA.jpg","https://ldb-phinf.pstatic.net/20250418_5/1744949502126KuUif_JPEG/6%B1%B8%B9%DA%BD%BA.jpg",,,"3","선물세트","18000~75000","false","false","한국적인 생크림을 이용한 딸기 완전 많은 떡케이크!","https://ldb-phinf.pstatic.net/20260216_134/17712091169176zNT2_PNG/14953.png","https://ldb-phinf.pstatic.net/20241130_192/1732940058622FHgbQ_JPEG/1000011108.jpg",,,,"4","딸기떡케이크(겨울시즌)","9000~9800","false","false","1월10일 오픈

Not marshmallow — it’s rice cake","https://ldb-phinf.pstatic.net/20260109_126/1767931569389Kq4um_JPEG/14830.jpg",,,,,"5","두쫀떡(K-두쫀쿠)","5800","false","false","옛 왕조에서 먹던 한국의 전통 간식 모듬
(주악,약과,금귤정과 등)","https://ldb-phinf.pstatic.net/20250316_218/1742119621926sCXWR_JPEG/1000012046.jpg",,,,,"6","소반상","12000","false","false","매화꽃백차
장미꽃오미자차
제주귤허브차
고흥유자루이보스차
목서꽃우롱차","https://ldb-phinf.pstatic.net/20241113_164/17314752207801LaT5_JPEG/%C2%F7.jpg",,,,,"7","꽃잎차TEA)","7500","false","false","오디와 석류 그리고 차의 와인이라 불리는 다즐링으로 블렌딩한 아이스티!","https://ldb-phinf.pstatic.net/20240709_254/1720515852059FglBY_JPEG/KakaoTalk_20240709_180341604.jpg","https://ldb-phinf.pstatic.net/20240709_187/1720515852013vsFa9_JPEG/KakaoTalk_20240709_180341604_01.jpg",,,,"9","오디석류아이스티(with 다즐링차)","7500","false","false","장미꽃,국화,아카시아꽃,밴지꽃을 이용하여
달달하고 신비한 맛의 시원한 오색빛 에이드","https://ldb-phinf.pstatic.net/20240307_295/1709799722941URPXw_JPEG/1000007929.jpg","https://ldb-phinf.pstatic.net/20240307_292/1709799201959sDk6U_JPEG/1000007913.jpg","https://ldb-phinf.pstatic.net/20240216_83/1708058413342R9xom_JPEG/KakaoTalk_20240216_133715297_03.jpg","https://ldb-phinf.pstatic.net/20240216_287/1708058413333xqYmJ_JPEG/KakaoTalk_20240216_133715297_04.jpg",,"10","꽃베리에이션(에이드)","7500","false","false","달달한 수제 사과잼이 떡 안에??
사과크림과 바삭한 쌀크럼블까지!
마지막은 사과정과로!","https://ldb-phinf.pstatic.net/20240709_205/1720515253077QrBtv_JPEG/KakaoTalk_20240709_175118284_06.jpg","https://ldb-phinf.pstatic.net/20240709_7/1720515253127Bxy83_JPEG/KakaoTalk_20240709_175118284_07.jpg",,,,"11","사과떡케이크","7500","false","false","떡으로 만든 롤케이크!
남녀노소 좋아하는 크림이 한가득!!","https://ldb-phinf.pstatic.net/20240709_84/17205153804772hNAX_JPEG/KakaoTalk_20231214_133845365_01.jpg","https://ldb-phinf.pstatic.net/20240709_62/1720515355866GeSpn_JPEG/KakaoTalk_20240709_175118284_03.jpg",,,,"12","롤떡케이크","6900","false","false","상주곶감을 이용한 디저트 3종","https://ldb-phinf.pstatic.net/20241222_123/1734837340444ko3NB_JPEG/1000011204.jpg",,,,,"13","상주 곶감 단지&말이&샌드","3000~4500","false","false","아메리카노 5000
라떼 5500
바닐라라떼 6000
디카페인 +500","https://ldb-phinf.pstatic.net/20240315_270/17104828449766cCbJ_JPEG/KakaoTalk_20240315_150517380.jpg",,,,,"14","아메리카노,라떼,바닐라라떼,디카페인","5000~6000","false","false","만두 모양의 약과(?)
반죽에 대추고,사과 등을 넣고 만든
달달한 고급약과","https://ldb-phinf.pstatic.net/20240315_255/1710481139043GCa9F_JPEG/KakaoTalk_20240315_143603548.jpg","https://ldb-phinf.pstatic.net/20240315_273/1710481139066CsQpJ_JPEG/KakaoTalk_20240315_143603548_01.jpg",,,,"15","만두과","3000","false","false","떡 안에 무화과!
상큼한 복분자 크림과 크림치즈의 만남!
상콤달콤!","https://ldb-phinf.pstatic.net/20240903_19/17253524131519Wg2y_JPEG/%BA%B9%BA%D0%C0%DA%B9%AB%C8%AD%B0%FA.jpg",,,,,"16","무화과복분자떡케이크(가을시즌)","8500","false","false","여름 한정메뉴
가장 한국적인 아이스크림!
조상님이 드시면 일어나실 맛!","https://ldb-phinf.pstatic.net/20250418_18/17449490725965JWsG_JPEG/%BE%C6%C0%CC%BD%BA%C5%A9%B8%B2.jpg","https://ldb-phinf.pstatic.net/20250418_56/1744949052391sJmV0_JPEG/%BE%C6%C0%CC%BD%BA%C5%A9%B8%B2%B1%D7%B8%B2.jpg",,,,"17","항아리젤라또","9500","false","false","12월
산타주악,루돌프주악,트리주악,눈송이단자,선물약과,진저맨 쌀쿠키","https://ldb-phinf.pstatic.net/20251121_171/1763704243605LCfdR_JPEG/14587.jpg",,,,,"18","크리스마스세트","20000","false",,,,,,,,,,,,,,,,,,,,,,,,,,,,,,,,,,,,,,,,,,,,,,,,,,,,,,,,,,,,,,,,,,,,,,,,,,,,,,,,,,,,,,,,,,,,,,,,,,,,,,,,,,,,,,,,,,,,,,,,,,,,,,,,,,,,,,,,,,,,,,,,,,,,,,,,,,,,,,,,,,,,,,"한과와락","InformationParking",,,,,,,,,"1245126161","460","커피","431","한과","306","약과","242","케이크","186","떡케이크","166","라떼","85","양갱","76","에이드","72","크림라떼","63","젤라또","63","흑임자","53","아이스티","41","오미자차","40","아메리카노","34","흑임자라떼","25","녹차","17","치즈","14","꽃차","13","옥수수","12","전통차","11","도넛","11","롤케이크","11","쿠키","8","과일","8","만두","8","찹쌀도너츠","7","복분자","6","보이차","6","아이스크림","6","허브티","5","바닐라라떼","5","인절미","4","딸기케이크","4","애플크럼블","3","꽈배기","3","다식","3","카페라떼","3","크림치즈","2","강정","2","디카페인아메리카노","2","밤라떼","2","백설기","2","얼그레이","2","요거트","2","우롱티","2","우유","2","찹쌀꽈배기","2","찹쌀떡","2","초콜릿","2","캐모마일","2","헤이즐넛","1","곡물라떼","1","꼬치","1","딸기라떼","1","떡꼬치","1","마카롱","1","만두전골","1","미숫가루","1","밥집","1","뱅쇼","1","빙수","1","수제청","1","아인슈페너","1","오리","1","자몽에이드","1","전골","1","청귤에이드","1","청포도에이드","1","츄러스","1","코코아","1","토피넛라떼","1","튀김","1","홍차",,,,,,,,,,,,,,,,,,,,,,,,,,,,,,,,,,,,,,,,,,,,,,,,,,,,,"0","0","5247","5679","taste","3433","맛","total","3262","만족도","mood","1924","분위기","purpose","323","목적","service","316","서비스","menu","224","메뉴","location","45","위치","price","35","가격","cleanliness","32","청결도","waitingtime","15","대기시간","covid19","11","방역","delivery","7","배달","amount","5","음식량","view","5","전망","naver","3","예약",,,,"서울 강남구 봉은사로4길 31-5",,,"신분당","신논현역 신분당선",,,,,,,,,"0507-1443-6204","0","5679","127.0271788","37.5029176"
"경기 파주시 탄현면 갈현리 797-1","0","카페,디저트","220563","220036","220052","220563","1004760","1004380","1002043","1004985",,"유아시설 (놀이방)","포장","단체 이용 가능","무선 인터넷","유아의자","대기공간","주차","파주 장릉이 내려다보이는 조용한 풍경 속,
전통 디저트 개성주악을 현대적으로 재해석한 공간 <연리희재>입니다.

연리희재는 전통 간식인 개성주악을 현대적으로 재해석해 남녀노소 누구나 부담 없이 즐길 수 있도록 연리희재만의 레시피로 매일 정성껏 준비하고 있습니다.

바쁜 일상 속에서 잠시 속도를 늦추고 고요한 풍경과 함께 여유로운 시간을 보낼 수 있도록 디저트와 공간, 그리고 머무르는 순간까지 정성을 담아 준비했습니다.

[ 연리희재의 시작 ]

연리희재는 전통 간식 개성주악을 현대적으로 재해석하며 개성주악 유행의 시작점으로 알려진 공간입니다. 연리희재만의 레시피와 정성스러운 디저트로 입소문이 퍼지며 오픈 3개월 만에 백화점과 마켓컬리의 러브콜을 받았고, 이후 SBS 생방송투데이에 소개되며 많은 분들의 사랑을 받아왔습니다.

전통 디저트의 매력을 새로운 방식으로 전하며 지금도 많은 분들이 연리희재의 개성주악을 찾아 방문하고 있습니다.

[ 연리희재의 정성 ]

연리희재의 개성주악은 하나하나 손으로 빚어 정성스럽게 만들어지는 전통 디저트입니다. 예로부터 귀한 손님을 위해 내어놓던 간식의 의미를 담아
연리희재만의 레시피로 매일 정성껏 준비하고 있습니다.

정성과 전통의 의미를 담은 디저트로 부모님, 감사한 분들께 전하는 품격 있는 선물로도 많이 찾고 있습니다.

[ 연리희재의 풍경 ]

감성적인 인테리어와 사계절 내내 아름다운 정원, 탁 트인 논뷰와 장릉이 한눈에 들어오는 풍경 속에서 바쁜 일상 속 잠시 쉬어갈 수 있는 여유로운 시간을 제공합니다.

아이들과 함께 방문하시는 가족 손님들을 위해 모래놀이 공간도 마련되어 있습니다. 아이들은 자연 속에서 자유롭게 놀고 부모님은 여유롭게 커피와 디저트를 즐길 수 있는 공간입니다.

전통의 정성과 여유로운 풍경이 함께하는 공간,
파주 연리희재에서 천천히 머무르는 시간을 경험해 보세요.","유아시설 (놀이방)","포장","단체 이용 가능","무선 인터넷","유아의자","대기공간",,,"https://ldb-phinf.pstatic.net/20220502_221/1651471834413stHDb_JPEG/64BC8F68-3656-42DD-884F-9B04EFC66104.jpeg","https://ldb-phinf.pstatic.net/20260315_73/1773580448195yW7Fn_JPEG/IMG_0002.JPG","https://ldb-phinf.pstatic.net/20260315_139/1773580493605FB8e0_JPEG/IMG_1066.JPG","https://ldb-phinf.pstatic.net/20220502_230/1651471741048a0Rj1_JPEG/266FCEA8-0101-4E41-885B-C9FA173C7375.jpeg","https://ldb-phinf.pstatic.net/20260315_236/1773580407006gBO4D_JPEG/KakaoTalk_20221110_140724207_07.jpg","https://ldb-phinf.pstatic.net/20220502_202/1651471835879ISu34_JPEG/4B9ED1A5-A592-4159-9905-4490AE92C414.jpeg","https://ldb-phinf.pstatic.net/20260311_285/1773218483228aVs0d_PNG/2.png","https://ldb-phinf.pstatic.net/20220331_6/1648697541628arTrD_JPEG/B688ECFB-CF64-4AD8-BBB9-337F2E36618F.jpeg","https://ldb-phinf.pstatic.net/20220331_111/1648697542085YwpVB_JPEG/E3EE2A2B-38B5-4114-993E-E8D371B5FCC2.jpeg","https://ldb-phinf.pstatic.net/20220331_179/1648697542386DPPGx_JPEG/5EB1AD18-8644-438A-A096-102C9727463F.jpeg","파주카페","개성주악","쌀디저트카페","파주디저트카페","카페","https://ldb-phinf.pstatic.net/20260315_27/1773579428919KXPCB_PNG/%C8%AD%B8%E9_%C4%B8%C3%B3_2026-03-15_215646.png","https://ldb-phinf.pstatic.net/20260315_297/1773579434569Xekk7_PNG/%C8%AD%B8%E9_%C4%B8%C3%B3_2026-03-15_215531.png","https://ldb-phinf.pstatic.net/20260315_54/1773579652595whQ3J_JPEG/IMG_0002.JPG","https://ldb-phinf.pstatic.net/20260315_44/17735796269185WuVu_JPEG/IMG_1128.JPG","https://ldb-phinf.pstatic.net/20260315_228/1773579461386azFiM_JPEG/IMG_1066.JPG","https://ldb-phinf.pstatic.net/20260315_299/1773579599819KVG3Y_JPEG/IMG_9923.JPG","https://ldb-phinf.pstatic.net/20260315_231/1773579584385xn2Ln_JPEG/IMG_9621.JPG","https://ldb-phinf.pstatic.net/20260315_63/1773579940855MymY5_JPEG/IMG_2599.JPG","https://ldb-phinf.pstatic.net/20260315_54/1773579676984q2m6T_PNG/%B0%B3%BC%BA%C1%D6%BE%C7_8%B1%B8_%BB%E7%C1%F8.PNG","false","찹쌀가루에 막걸리를 넣어 반죽하여 기름에 지진 바삭쫀득달콤한 전통한과입니다","https://ldb-phinf.pstatic.net/20250419_92/1745027721984nPF2E_JPEG/TalkMedia_i_033b24a24ba1.jpg.jpg",,,,,"4","개성주악","2500","true","false","바삭한 카다이프를 쑥찰떡으로 감싼 고소한 봄 디저트
포장시 14,000원","https://ldb-phinf.pstatic.net/20260315_2/1773580033905k6tJa_JPEG/IMG_1066.JPG",,,,,"0","쑥롤떡","7400","false","false","달콤한 고구마 브륄레에 아이스크림을 더한 디저트","https://ldb-phinf.pstatic.net/20260315_110/1773580208326g268u_JPEG/IMG_9611.JPG",,,,,"1","브륄레구마","7900","false","false","진한 브라우니 안에 바삭한 카다이프와 고소한 피스타치오","https://ldb-phinf.pstatic.net/20260315_218/1773580151502P2Miu_JPEG/IMG_9923.JPG",,,,,"2","두바이브라우니","13000","false","false","쌀카스테라고물을 묻혀 달달한 단호박인절미","https://ldb-phinf.pstatic.net/20220411_61/1649674110620FFy5p_JPEG/684553EA-7EB2-46F4-B6A5-F6302EA5035D.jpeg",,,,,"3","단호박카스테라인절미(매장용)","6200","false","false","상큼달달한 사과를 콤포트로 만들어 토핑으로 올린 주악입니다","https://ldb-phinf.pstatic.net/20250419_245/1745027702001qqwc7_JPEG/TalkMedia_i_2b9eb0aabd3f.jpg.jpg",,,,,"5","사과콤포트","2600","false","false","꾸덕한 누텔라크림에 진한 가나초콜릿, 그리고 바삭한 견과류가 분태로 올라간 주악입니다","https://ldb-phinf.pstatic.net/20250419_227/1745027768324p7JTX_JPEG/TalkMedia_i_725ce7dc3fdc.jpg.jpg",,,,,"6","누텔라","3000","false","false","곶감을 다져 먹기 좋게 동글동글하게 빚었습니다. 크림치즈와 잘 어울립니다.","https://ldb-phinf.pstatic.net/20250419_130/1745028019273x4ERB_JPEG/TalkMedia_i_4530f5071e52.jpg.jpg",,,,,"7","크림치즈곶감","3600","false","false","도라지를 정과로 만들어 달콤하게 즐기는 건강식입니다","https://ldb-phinf.pstatic.net/20250419_119/1745027897825hMNm5_JPEG/TalkMedia_i_12c6ad83b13f.jpg.jpg",,,,,"8","도라지정과","3800","false","false","고소하고 달콤한 호두정과는 연리희재의 스테디셀러입니다","https://ldb-phinf.pstatic.net/20250419_142/1745027857033YWB5Q_JPEG/TalkMedia_i_abf55f22f503.jpg.jpg",,,,,"9","호두정과","3000","false","false","오렌지 크림치즈에 금귤정과를 올렸습니다. 설날을 위해 준비된 한정 메뉴입니다","https://ldb-phinf.pstatic.net/20260203_225/1770089490511EkGlL_JPEG/%B1%DD%B1%D6_%C5%A9%B7%D3.jpg",,,,,"10","금귤정과","4000","false","false","부드러운 생크림와 쫀득 달달한 주악의 조합. 생과일은 계절마다 변경될 수 있습니다.","https://ldb-phinf.pstatic.net/20260203_265/1770089456164IzTXF_JPEG/IMG_1336.JPG",,,,,"11","생크림","3500","false","false","달콤한 개성주악 위에
상큼한 딸기 젤리와 부드러운 핑크 앙금크림","https://ldb-phinf.pstatic.net/20260315_282/1773580274039gDocb_JPEG/IMG_1194.JPG",,,,,"12","핑크블라썸","3500","false","false","상자 포장은 4구, 8구 두 종류입니다. 주문시 말씀해 주시면 상자에 담아드립니다","https://ldb-phinf.pstatic.net/20260315_297/1773579845700qhOM4_PNG/%C8%AD%B8%E9_%C4%B8%C3%B3_2026-03-15_220351.png",,,,,"13","포장박스(4구/8구)","0","false",,,,,,,,,,,,,,,,,,,,,,,,,,,,,,,,,,,,,,,,,,,,,,,,,,,,,,,,,,,,,,,,,,,,,,,,,,,,,,,,,,,,,,,,,,,,,,,,,,,,,,,,,,,,,,,,,,,,,,,,,,,,,,,,,,,,,,,,,,,,,,,,,,,,,,,,,,,,,,,,,,,,,,,,,,,,,,,,,,,,,,,,,,,,,,,,,,,,,,,,,,,,,,,,,,,,,,,,,,,,,"연리희재","InformationParking",,"InformationBasicParking",,"true",,,,,"1660680105","306","커피","117","라떼","67","인절미","48","약과","46","카스테라","35","도넛","27","옥수수","26","아메리카노","24","치즈","17","막걸리","15","미숫가루","14","에이드","11","브라우니","11","찹쌀도너츠","9","딸기라떼","8","크림치즈","7","얼그레이","7","케이크","6","크림라떼","6","한과","5","아이스크림","5","카페라떼","4","꽈배기","4","머핀","4","식혜","4","아이스티","4","오미자에이드","4","우유","4","호박인절미","3","레몬에이드","3","오미자차","3","찹쌀떡","3","초콜릿","3","쿠키","2","과일","2","딸기케이크","2","매운탕","2","미숫가루라떼","2","밀크티","2","오리","2","자몽에이드","2","찹쌀꽈배기","2","티라미수","2","한라봉에이드","1","고구마라떼","1","곡물라떼","1","까눌레","1","대창","1","딸기에이드","1","롤케이크","1","마카롱","1","메기매운탕","1","몽블랑","1","바닐라라떼","1","바질","1","블루베리요거트","1","수정과","1","아포가토","1","안심","1","오렌지주스","1","요거트","1","자몽차","1","잡채","1","전통차","1","젤리","1","초코브라우니","1","초코쿠키","1","치즈케이크","1","카페모카","1","칼국수","1","캐모마일","1","팥도너츠","1","핫초코","1","허니자몽티","1","호떡",,,,,,,,,,,,,,,,,,,,,,,,,,,,,,,,,,,,,,,,,,,,,,,,,"0","0","1977","2803","taste","1470","맛","total","1242","만족도","mood","442","분위기","service","183","서비스","purpose","158","목적","parking","68","주차","view","43","전망","menu","39","메뉴","price","30","가격","waitingtime","27","대기시간","location","16","위치","cleanliness","15","청결도","amount","10","음식량","covid19","8","방역","delivery","7","배달","naver","2","예약","경기 파주시 탄현면 장릉로51번길 48-21",,,,,,,,,,,,,"0507-1421-8075","0","2803","126.7133518","37.7684111"
"경기 수원시 팔달구 북수동 297-2","0","카페,디저트","220563","220036","220052","220563","1004760","1004380","1002043","1004985",,"남/녀 화장실 구분","무선 인터넷","포장","간편결제",,,,"버들 류[柳], 편안할 온[穩]
버드나무 아래서의 온전한 편안.

바쁜 일상에서 벗어나 버드나무 아래에서 차 또는 디저트와 함께 마주 할 수 있는 고요한 순간과 쉼을 드리고 싶은 행궁동 카페 류온 입니다.

계절마다 가장 맛있고 신선한 재료를 엄선해 매일매일 정성을 다해 구워내는 디저트는 단순한 달콤함을 넘어 한 입 가득 계절의 기분을 전해드립니다. 달달한 찹쌀, 향미 가득한 조청, 그리고 각종 제철 재료가 어우러진 개성주악,당고 그리고 케이크는 입안 가득 행복한 순간을 선사하며 고요하고 잔잔한 공간에서 더 특별한 시간을 만들어드립니다.

행궁동에서 만나는 동양풍 디저트 카페 류온은 각 계절의 흐름을 따라 재철 차와 재료를 이용하여 말차, 호지차 등 각 종 차와 각 계절 별로 원 자재 본질이 맛이 좋아지는 재철 과일등을 이용한 빙수, 딸기케이크, 아이스크림, 치즈케이즈, 티라미수등의 디저트를 버드나무 아래서 행궁동 제일의 뷰 맛집을 즐겨보세요.

행궁동 카페 류온은 수원 화성이나 행궁동 또는 행리단길 투어 도중 쉬어가는 코스로써 사랑하는 사람과의 데이트, 친구들과의 여유로운 시간, 가족들과의 즐거운 모임, 애견동반의 쉼, 혼자만의 휴식까지 모두 소중하게 만들어드릴 수 있는 공간입니다.

동양미가 가득한 인테리어와 조용한 분위기 속에서 부드러운 음악과 함께 디저트와 차 한 잔을 즐기며 일상 속 소중한 순간을 만들어보세요. 계절마다 달라지는 디저트와 분위기 속에서 언제 방문하시든 새로운 즐거움을 느끼실 수 있도록 저희는 매일 조금 더 정성스럽게 준비하고 있습니다.

행궁동 카페 류온을 찾아주시는 모든 분들께서 각 계절의 싱그러운 자연과 은은한 맛을 가득 담은 시간을 보내실 수 있도록, 앞으로도 변함없이 진심을 다하겠습니다.

개성주악 및 홀케이크 예약은 픽업 하는 날 하루 전 영업 시간까지 받고 있으니 네이버 예약으로 주문 부탁 드리고, 조각케이크등 의 포장은 현장에서만 구매 가능합니다. 50개 이상의 단체 주문 시 필히 매장 유선을 통해 문의 부탁드립니다.

* 케어키즈 존 - 전 매장은 쉽게 파손 당하기 쉬운 여러가지 오브제의 배치와 높은 계단 층고나 2픙 폴딩도어 개방으로 인한 낙사 사고등의 예방 차원에서 케어키즈 존으로 운영 되고 있습니다. 부모님의 세심한 보살핌 부탁드립니다.

* 반려 동물 동반 - 바뀐 정부 지침에 따라 1층 테라스와 2층에 한해서만 자유롭게 이용 가능하고 내부의 경우 이용이 불가합니다.

* 주차 관련 - 매장이 소유중인 이용 가능한 주차장은 없습니다. 내비게이션에 [팔달구청 공영주차장]을 검색하시면 쉽게 방문하실 수 있습니다. 류온은 주차장에서 수원청 건너편에 위치해 있습니다. 또는 [화성행궁 공영주차장]이나 행리단길 주변 노상주차장이나 방화수류정 또는 용연 근처 공영주차장 추천드립니다.

추가적으로, 가게 앞 인도 주차는 민원으로 인한 벌금 부과 가능성이 있어 추천 드리지 않고 있습니다. 가장 가깝고 저렴한 주차장으로는 수원 천 변 건너에 있는 팔달구청 공영 주차장 및 수원시립 미술관 민영 주차장 이용을 추천 드립니다.","남/녀 화장실 구분","무선 인터넷","포장",,,,,,"https://ldb-phinf.pstatic.net/20260130_261/1769747468608EpzA8_JPEG/IMG_0270.jpeg","https://ldb-phinf.pstatic.net/20260415_255/17762194535185OsDP_JPEG/IMG_9648.jpeg","https://ldb-phinf.pstatic.net/20230310_25/1678431555639Q0SdT_JPEG/AFEFE5B3-7FC3-4FB0-B10E-D6A2D3EA2476.jpeg","https://ldb-phinf.pstatic.net/20240426_284/1714116846860LG4SM_JPEG/IMG_9773.jpeg","https://ldb-phinf.pstatic.net/20240426_85/1714116846705uiNFf_JPEG/IMG_5929.jpeg","https://ldb-phinf.pstatic.net/20251005_56/1759612971789GaRaB_JPEG/IMG_7414.jpeg","https://ldb-phinf.pstatic.net/20240426_200/17141168467104hf3V_JPEG/IMG_5928.jpeg","https://ldb-phinf.pstatic.net/20251005_102/17596129718092nI0Q_JPEG/IMG_7415.jpeg","https://ldb-phinf.pstatic.net/20260227_2/1772166500177M2kSu_JPEG/IMG_0549.jpeg","https://ldb-phinf.pstatic.net/20260130_21/1769747494280dtdnw_JPEG/IMG_0281.jpeg","수원행궁동한옥카페","행궁동디저트카페","수원행궁동느좋말차카페","수원행궁동카페","행궁동조용한애견동반카페","https://ldb-phinf.pstatic.net/20251224_16/1766542044734ROBiz_PNG/%B7%F9%BF%C2-%BF%B5%BE%EE-%B8%DE%B4%BA%C6%C7-%B5%F0%C0%DA%C0%CE-001_%281%29.png",,,,,,,,,"false","24시간 숙성 자스민우롱 우유에 세레모니얼 말차를 더하고 크림치즈의 풍미가 올려진 티라떼","https://ldb-phinf.pstatic.net/20260318_56/1773796741010rIYC3_JPEG/KakaoTalk_20260318_095011255.jpg",,,,,"0","류온 라떼","7500","true","false","운남성 리치우롱티에 크림치즈 폼이 올린 깊은 향미의 크림티","https://ldb-phinf.pstatic.net/20260321_253/1774056960000cGEcr_JPEG/%B8%AE%C4%A1%BF%EC%B7%D5%C4%A1%C1%EE%C6%BC.jpg",,,,,"1","리치우롱치즈티(ICE)","7000","true","false","필리핀 원료인 우베를 이용한 라떼에 밀크폼/치즈폼이 올라간 크림라떼","https://ldb-phinf.pstatic.net/20260331_38/17749402295751K2f0_PNG/1149.png",,,,,"2","크림우베라떼","7200","true","false","류온의 얼그레이티에 적신 촉촉한 시트와 프리미엄 말차 마스카포네가 올라간 티라미수 케이크","https://ldb-phinf.pstatic.net/20260130_203/17697476684085XGXi_JPEG/IMG_0287.jpeg",,,,,"9","말차 얼그레이 티라미수","8500","true","false","기본 우베라떼에 보성 프리미엄 말차가 올라간 베리에이션 라떼","https://ldb-phinf.pstatic.net/20260331_98/1774941951233CpBmu_PNG/1150.png",,,,,"3","말차우베라떼","7000","false","false","인도산 얼그레이홍차에 크림치즈폼이 올라간 깊은 향미의 치즈티","https://ldb-phinf.pstatic.net/20260321_79/1774057071177n49Kk_JPEG/%BE%F3%B1%D7%B7%B9%C0%CC_%C4%A1%C1%EE%C6%BC.jpg",,,,,"4","얼그레이치즈티(ICE)","6800","false","false","100% 호치자를 첨가해 특유의 밀크초콜릿 같은 향미가 가득한 우유의 풍미가 진한 우유빙수","https://ldb-phinf.pstatic.net/20260314_21/1773436596391RuaEW_JPEG/%C8%A3%C1%F6%C2%F7%BA%F9%BC%F6.jpg",,,,,"5","호지차 우유빙수","17000","false","false","100% 말차를 첨가해 고소한 말차 향미가 가득한 우유의 풍미가 진한 우유빙수","https://ldb-phinf.pstatic.net/20260314_63/1773436682092nr7xN_JPEG/%B8%BB%C2%F7%BA%F9%BC%F6.jpg",,,,,"6","말차빙수","17000","false","false","봄에 자란 첫잎 새순으로 만든 하동 쑥 말차 라떼에 풍미 가득한 생크림을 얹은 쑥 라떼","https://ldb-phinf.pstatic.net/20260316_116/1773641797193DKDT2_PNG/Gemini_Generated_Image_n7ibjqn7ibjqn7ib.png",,,,,"7","크림 쑥 말차 라떼","7500","false","false","봄에 자란 첫잎 새순으로 만든 하동 쑥 말차를 개어내 우유와 조화롭게 만든 쑥 말차 라떼","https://ldb-phinf.pstatic.net/20260316_246/177364165769474mzx_PNG/Gemini_Generated_Image_eqhoxceqhoxceqho.png",,,,,"8","하동 쑥 말차 라떼","7000","false","false","류온의 디카페인 에스프레소에 적신 촉촉한 시트에 프리미엄 호지차 마스카포네를 얹은 티라미수","https://ldb-phinf.pstatic.net/20260130_86/176974771976968YKg_JPEG/IMG_0301.jpeg",,,,,"10","호지차 티라미수 케이크","8500","false","false","블렌딩한 프리미엄 말차가 함유되어 향미 가득한 부드러운 류온의 말차 바스크치즈케이크","https://ldb-phinf.pstatic.net/20260130_227/1769747739341ALCxs_JPEG/IMG_0296.jpeg","https://ldb-phinf.pstatic.net/20260127_170/1769480756907CGCB2_JPEG/IMG_0112.jpeg",,,,"11","말차 바닐라 바스크 치즈케이크","7200","false","false","류온의 프리미엄 말차와 CAFE LAB 호주산 아몬드 밀크 와의 조화","https://ldb-phinf.pstatic.net/20260130_62/1769747625934RouEh_JPEG/IMG_0258.jpeg",,,,,"12","말차 아몬드 라떼","6500","false","false","류온의 프리미엄 말차와 AMAZING OAT 오트 밀크(귀리우유)와의 조화","https://ldb-phinf.pstatic.net/20260130_289/1769747643981Cn5jb_JPEG/IMG_0261.jpeg",,,,,"13","말차 오트 라떼","6500","false","false","","https://ldb-phinf.pstatic.net/20260227_184/17721664749404eC7P_JPEG/IMG_0558.jpeg",,,,,"14","얼그레이롤케이크","9000","false","false","","https://ldb-phinf.pstatic.net/20260227_134/1772166433131MSJNO_JPEG/IMG_0544.jpeg",,,,,"15","말차카라멜롤케이크","9500","false","false","가당이 되지 않은 말차의 본연의 맛을 느낄 수 있는 말차 라떼 (연한맛,진한맛 선택가능)","https://ldb-phinf.pstatic.net/20250725_4/1753423645591AJodA_JPEG/1000059063.jpg",,,,,"16","말차라떼","6500","false","false","최고급 쿄토 우지산 말차라떼에 사탕수수크림을 얹은 행궁동 말차 맛집 류온의 시그니처 라떼.","https://ldb-phinf.pstatic.net/20230906_147/1693977526045zCz8Y_JPEG/20230906_140753.jpg",,,,,"17","말차크림라떼","7000","false","false","진한 우지 말차맛이 느껴지는 류온만의 말차 아이스크림","https://ldb-phinf.pstatic.net/20250708_240/1751978834710cNLDG_JPEG/1000057718.jpg",,,,,"18","말차 아이스크림","6800","false","false","진한 우지 말차의 쌉사름과 상큼한 유자청이 들어가 부드러운 목넘김이 있는 토닉","https://ldb-phinf.pstatic.net/20250206_65/1738809798230veGwA_JPEG/1000045030.jpg",,,,,"19","말차 유자 토닉","7000","false","false","코코넛 향이 진한 워터에 격불한 말차가 구름처럼 만들어지는 매력적인 맛이 나는 음료","https://ldb-phinf.pstatic.net/20250730_157/1753862471724XdFfu_JPEG/1000059124.jpg",,,,,"20","말차 코코넛 클라우드","6500","false","false","류온 에서 블렌딩한 최고급 볶은 호지차에 사탕수수 밀크 크림을 얹은 호지차크림라떼","https://ldb-phinf.pstatic.net/20250228_181/1740686455474YoUrs_JPEG/1000028028.jpg",,,,,"21","호지차크림라떼","7000","false","false","일본 레시피로 제조한 가쓰오부시와 기꼬만 간장 베이스 미타라시 소스와 찹쌀로 제조한 당고","https://ldb-phinf.pstatic.net/20250314_122/17419169170317wEiy_JPEG/1000032981.jpg",,,,,"22","미타라시 당고","3500","false","false","순수 이천 찹쌀가루에 생 막걸리를 넣고 발효반죽하여 기름에 튀긴 한국식 전통 K 디저트","https://ldb-phinf.pstatic.net/20240516_119/1715850987156ybW9a_JPEG/20240514_143736.jpg",,,,,"23","류온 개성주악","2900","false","false","복숭아의 달콤함이 느껴지는 아이스티","https://ldb-phinf.pstatic.net/20240709_274/1720527442017QVFIn_JPEG/20240620_161649.jpg",,,,,"24","복숭아 아이스티","6000","false","false","대나무 이슬을 먹고 자란 죽로차. 은은한 꿀향, 묵직한 바닐라빈의 맛과 장미의 그윽한 향.","https://ldb-phinf.pstatic.net/20260316_168/1773642638039X8GDg_PNG/%C7%CF%B5%BF_%B9%E9%C2%F7.PNG",,,,,"25","하동 백차 조태연가","8000","false","false","씹싸름 하면서 깔끔한 쑥의 향미가 느껴지는 하동 쑥차.[Caffeine Free]","https://ldb-phinf.pstatic.net/20260316_120/1773642353620JviyX_PNG/%BE%A6_%C2%F7_%C0%CC%B9%CC%C1%F6.PNG",,,,,"26","하동 첫잎 쑥차","7000","false","false","목 넘김이 부드럽고 밀향과 황토향이 느껴지는 보이차","https://ldb-phinf.pstatic.net/20240329_111/1711703273793vFb0U_JPEG/aea90bfa542458ee175482befa812608.jpg",,,,,"27","운남보이숙차","6000","false","false","봄향기 가득한 정원에서 꽃잎을 정성스레
따온 듯한 향긋한 과일 티에 오미자청이 블렌드된 티","https://ldb-phinf.pstatic.net/20260316_204/1773642548047SRLgI_PNG/%C7%C3%B6%F3%BF%F6%B0%A1%B5%E7_%BF%C0%B9%CC%C0%DA%C2%F7.PNG",,,,,"28","플라워 가든 오미자티","7000","false","false","제주의 봄을 머금은 세작 녹차와 모로칸 민트의 만남.","https://ldb-phinf.pstatic.net/20260316_160/1773642483379npXaT_PNG/%B8%F0%B7%CE%C4%AD_%B9%CE%C6%AE_%C1%A6%C1%D6_%B1%D7%B8%B0%C6%BC.PNG",,,,,"29","모로칸 민트 제주 그린티","6500","false","false","리치, 레몬그라스와 블렌딩해 리치향이 느껴지는 중국 남부 푸젠성 우롱차","https://ldb-phinf.pstatic.net/20260316_101/1773642861539Xf96c_PNG/%B8%AE%C4%A1%BF%EC%B7%D5%C6%BC.PNG",,,,,"30","리치 우롱티","6600","false","false","맑은 파란 하늘처럼 청량한 행복의 일상을 주는 블랜딩 티","https://ldb-phinf.pstatic.net/20240329_191/1711702554613fHgJo_JPEG/649024c5dd208.jpg",,,,,"31","블루스카이","6000","false","true","개성주악 4개 선택이 가능한 박스포장","https://ldb-phinf.pstatic.net/20241112_297/17313449464414OkLM_JPEG/1000038068.jpg",,,,,"32","개성주악 4구 포장","","false","true","개성주악 8개 선택이 가능한 고급스러운 박스포장","https://ldb-phinf.pstatic.net/20240615_28/17184174297048N8m7_JPEG/20240613_124732.jpg",,,,,"33","개성주악 8구 포장","","false","류온 행궁동점","InformationParking",,,,,,"매장 앞은 인도 임으로 불법주정차 신고 및 단속 대상이 되어 카메라에 찍힐수 있습니다.
건너편 팔달구청, 화홍문 공용주차장 이용부탁드립니다!

건너편 팔달구청 공영주차장, 팔달노인복지관 옆 임시주차장, 화홍 공영주차장에 주차 이후 행궁동을 즐겨주시면 감사하겠습니다:)",,,"1830580343","223","빙수","205","라떼","194","커피","100","말차라떼","90","당고","65","케이크","61","아이스크림","42","녹차","39","몽블랑","31","녹차아이스크림","29","크림라떼","28","망고빙수","28","우유","27","에이드","23","인절미","21","아메리카노","18","약과","17","팥빙수","16","딸기케이크","16","말차빙수","13","도넛","12","우유빙수","12","티라미수","11","찹쌀도너츠","10","녹차라떼","10","치즈","10","흑임자","7","미숫가루","7","오미자에이드","7","요거트","6","국수","6","그릭요거트","6","쑥라떼","5","드립커피","5","쑥크림라떼","5","초코라떼","5","타르트","4","밀크티","4","카페라떼","4","크림치즈","4","홍차","3","과일","3","꽈배기","3","바스크치즈케이크","3","보이차","3","아이스크림라떼","3","에스프레소","3","오미자차","3","유자에이드","3","전통차","3","초코케이크","3","치즈케이크","3","카스테라","3","파운드케이크","2","녹차빙수","2","누룽지","2","딸기빙수","2","막걸리","2","바닐라라떼","2","앙버터","2","얼그레이","2","은행","2","잡채","2","찹쌀떡","2","쿠키","2","파르페","2","한과","2","핸드드립","1","강정","1","곱창","1","곱창볶음","1","과일빙수","1","꼬치","1","꿀아메리카노","1","눈꽃빙수","1","다식","1","돌체라떼","1","떡꼬치","1","롤케이크","1","마카롱","1","머핀","1","메밀국수","1","브루잉커피","1","샤브샤브","1","소프트아이스크림","1","순대","1","순대곱창","1","순대곱창볶음","1","스모어쿠키","1","스콘","1","애플망고빙수","1","에그타르트","1","요거트아이스크림","1","우롱티","1","초콜릿","1","츄러스","1","치킨","1","튀김","1","푸딩","354","4.46","1565","2445","taste","1176","맛","total","1024","만족도","mood","349","분위기","view","125","전망","service","98","서비스","menu","64","메뉴","purpose","42","목적","price","29","가격","cleanliness","14","청결도","amount","13","음식량","parking","8","주차","location","6","위치","waitingtime","4","대기시간","delivery","3","배달",,,,,,,"경기 수원시 팔달구 창룡대로7번길 16 1-2층",,,,,,,,,,,,,"0507-1397-4498","4.46","2445","127.0177506","37.2826335"
"광주 남구 양림동 405","0","카페,디저트","220563","220036","220052","220563","1004760","1004542","1004380","1002043","1004985","포장","무선 인터넷","반려동물 동반","간편결제","주차",,,"안녕하세요. 광주 남구 양림동, 한옥 속 정취와 깊은 커피의 향을 담은 호양호림입니다.

호양호림은 광주에 드문 로스터리 한옥카페로, 직접 엄선한 다양한 블렌딩 원두와 싱글 오리진 원두를 핸드드립 방식으로 정성껏 추출하여 제공합니다. 매장에서 직접 로스팅한 신선한 커피를 통해 한 잔의 커피에 담긴 깊이와 균형을 느껴보실 수 있습니다.

저희는 [전통적인 것을 일상적인 것으로] 라는 슬로건 아래, 개성주악, 인절미와플, 항아리밤티라미수 등 색다른 전통 디저트를 현대적인 감성으로 풀어낸 수제 디저트를 직접 만들어 커피와 함께 제공합니다.
 모두 매장에서 직접 손으로 만드는 정성 가득한 디저트입니다.

전통과 현대가 자연스럽게 어우러지는 공간,
맛과 멋, 그리고 여유가 공존하는 양림동의 커피맛집 호양호림에서
깊은 향의 핸드드립 커피와 특별한 디저트를 함께 즐겨보세요.

감사합니다.

광주예쁜카페 광주분위기카페 광주데이트카페 광주소개팅 광주베이커리 광주한옥카페 광주디저트카페 광주브런치카페 브런치카페
데이트 개성주악 애견동반 광주한옥카페","핸드드립","로스터리","포장","무선 인터넷","반려동물 동반","출입구 휠체어 이용가능",,,"https://ldb-phinf.pstatic.net/20251127_116/1764225816054dnUiB_JPEG/%C1%A6%B8%F1%C0%BB_%C0%D4%B7%C2%C7%D8%C1%D6%BC%BC%BF%E4..jpg","https://ldb-phinf.pstatic.net/20241117_287/1731798319168gXamx_JPEG/1000001742.jpg","https://ldb-phinf.pstatic.net/20220502_273/1651464325968X0lSi_JPEG/0CDCAFAF-D9D7-4A0E-89B9-55B3F0659BA7.jpeg","https://ldb-phinf.pstatic.net/20241207_131/17335383187927g4B0_JPEG/%C8%A3%BE%E7%C8%A3%B8%B2_%B3%BB%BA%CE4.JPG","https://ldb-phinf.pstatic.net/20241207_209/17335383789924pMBV_JPEG/%C8%A3%BE%E7%C8%A3%B8%B2_%B3%BB%BA%CE1.jpg","https://ldb-phinf.pstatic.net/20230109_264/167325384308449GW5_JPEG/F5A7673B-71A5-44E2-B183-9EEA5C578CF1.jpeg","https://ldb-phinf.pstatic.net/20230109_276/16732465528179SVxl_JPEG/F91301B9-0615-467D-9869-7833668B052B.jpeg","https://ldb-phinf.pstatic.net/20231212_164/1702380839320uxh3K_JPEG/AB6826E7-6BFF-4853-B690-E622F6A0EB21.jpeg","https://ldb-phinf.pstatic.net/20231212_176/1702382534176GlkHh_JPEG/0D03DDD0-9638-4AC9-94F8-617F8FC0F50D.jpeg","https://ldb-phinf.pstatic.net/20241117_70/1731798318960vQmS1_JPEG/1000001741.jpg","개성주악","한옥","광주디저트","광주카페","양림동카페","https://ldb-phinf.pstatic.net/20240707_222/1720279612771GDqyh_JPEG/IMG_9726.jpeg","https://ldb-phinf.pstatic.net/20240707_105/1720279617374m06gC_JPEG/IMG_9727.jpeg",,,,,,,,"false","","https://ldb-phinf.pstatic.net/20250419_197/17450272129314p5uu_JPEG/1000006570.jpg",,,,,"0","항아리인절미팥빙수","16000","true","false","기본/애플시나몬/앙버터/콩크림/시즈닝/약과/산자/호두정과 9종의 토핑이용 가능.","https://ldb-phinf.pstatic.net/20231212_272/1702380567222S4gBx_JPEG/BB8ECA3E-AAC0-4399-8969-D49F9DED0F3C.jpeg",,,,,"3","개성주악(9종)","2500","true","false","","https://ldb-phinf.pstatic.net/20231212_232/1702392104612IuuPI_JPEG/IMG_0959.jpeg",,,,,"4","인절미와플(기본/쑥)","8000","true","true","5가지 싱글오리진 커피를 핸드드립
추출방식으로 제공해드립니다.","https://ldb-phinf.pstatic.net/20231212_126/1702380606334lYcF1_JPEG/E1C86FD3-32CB-41BF-8D09-DAD17968BE20.jpeg","https://ldb-phinf.pstatic.net/20231212_124/1702380606918O5Eoa_JPEG/EFC32940-4208-40C2-B09E-4F6F62A2639A.jpeg",,,,"7","핸드드립","","true","false","","https://ldb-phinf.pstatic.net/20231212_103/1702392016640wKutB_JPEG/IMG_0953.jpeg",,,,,"10","바닐라빈크림라떼","5500","true","false","","https://ldb-phinf.pstatic.net/20231212_173/1702392038475CY5MK_JPEG/IMG_0957.jpeg",,,,,"11","아인슈페너","5000","true","false","달콤한 생딸기와 쫀득한 인절미와플의 조화가 일품인 호양호림 겨울시즌 시그니처 디저트입니다.","https://ldb-phinf.pstatic.net/20241203_107/1733204605057CHEgQ_JPEG/%B5%FE%B1%E2%BF%CD%C7%C3%28%C3%D6%C1%BE%29.jpg",,,,,"1","생딸기인절미와플","11000","false","false","최근 유행중인 밤 티라미수를 호양호림만의 색깔로 재해석한 메뉴입니다.","https://ldb-phinf.pstatic.net/20241203_5/1733204590727YpwVE_JPEG/%B9%E3%C6%BC%B6%F3%B9%CC%BC%F6%28%C3%D6%C1%BE%29.jpg",,,,,"2","항아리 밤 티라미수","7000","false","false","",,,,,,"5","흑임자바스크치즈케이크","6500","false","false","클래식바스크치즈케이크와 리얼블루베리잼의 조화가 좋은 케이크","https://ldb-phinf.pstatic.net/20220716_43/1657976676600hUBxx_JPEG/5BB30EEF-D2A7-4BAF-8A96-EFF7F28CFAB3.jpeg",,,,,"6","블루베리클래식바스크치즈케이크","6500","false","false","호양블렌드2개,호림블렌드2개,에티오피아 예가체프 첼바2개 로 구성되어 있습니다.","https://ldb-phinf.pstatic.net/20231212_181/1702380699724nb2bx_JPEG/8F68D899-0305-49DB-99FD-7F0CC10238CB.jpeg","https://ldb-phinf.pstatic.net/20231103_173/16989838124759G8jd_JPEG/IMG_0866.jpeg",,,,"8","호양호림 드립팩","9000","false","false","호양호림 대표 브렌드 2종
-호양블렌드:고소하고묵직한커피
-호림블렌드:좋은산미의커피","https://ldb-phinf.pstatic.net/20231212_194/1702380728833xG2X4_JPEG/D2499B26-C893-42EF-81C9-FC16C17CB0FF.jpeg",,,,,"9","호양/호림브렌드","13000","false","false","고소한 호양블렌드로 추출한 에스프레소와 달콤한연유 그리고 향기로운시나몬의 조화가 일품인음료","https://ldb-phinf.pstatic.net/20250126_275/1737879714276ax7np_JPEG/%BF%AC%C0%AF%BD%C3%B3%AA%B8%F3%B6%F3%B6%BC%28%C3%D6%C1%BE%29.jpg",,,,,"12","연유시나몬라떼","5500","false","false","","https://ldb-phinf.pstatic.net/20241203_263/1733205359364LBekI_JPEG/%B9%D9%B4%D2%B6%F3%C5%A9%B8%B2%C4%DD%B5%E5%BA%EA%B7%E7%28%C3%D6%C1%BE%29.jpg",,,,,"13","바닐라크림콜드브루","5500","false","false","다양한 과일과 함께 레드와인을 끓여만든 논알콜 음료로 겨울에 드시기 좋은 음료","https://ldb-phinf.pstatic.net/20250126_153/1737880666213SUADY_JPEG/002.jpg",,,,,"14","뱅쇼","6500","false","false","","https://ldb-phinf.pstatic.net/20250126_181/1737880739201zHKfk_JPEG/%B5%FE%B1%E2%B6%F3%B6%BC%28%C3%D6%C1%BE%29.jpg",,,,,"15","딸기라떼","6000","false","false","","https://ldb-phinf.pstatic.net/20231212_148/1702392056991nkslJ_JPEG/IMG_0951.jpeg",,,,,"16","말차초코크림라떼","5500","false","false","","https://ldb-phinf.pstatic.net/20241203_32/1733205297015cvQ6y_JPEG/001.jpg",,,,,"17","초코크림라떼","5500","false","false","어릴적 할머니가 해주시던 매실음료를 현대적으로 해석해서 만든 호양호림만의 독특한 음료","https://ldb-phinf.pstatic.net/20250126_169/1737880334983vRG1q_JPEG/%B8%C5%BD%C7%BC%C5%B9%FE%BF%A1%C0%CC%B5%E5.jpg",,,,,"18","매실셔벗에이드","6000","false","false","새콤달콤한 레몬청과 은은하게 느껴지는 생강의 조화가 일품인 차 음료","https://ldb-phinf.pstatic.net/20250126_191/1737879894751KsUEH_JPEG/001.jpg",,,,,"19","레몬생강차","6000","false","false","","https://ldb-phinf.pstatic.net/20241203_41/1733205288971s0DmP_JPEG/%C8%F7%BA%F1%BD%BA%C4%BF%BD%BA%B7%B9%B8%F3%BF%A1%C0%CC%B5%E5%C5%B0%BF%C0%BD%BA%C5%A9%C0%CC%B9%CC%C1%F6_%BA%B9%BB%E7%BA%BB-001.jpg",,,,,"20","캐모마일유자애플티","6000","false","false","","https://ldb-phinf.pstatic.net/20241203_186/1733205229632v7tbf_JPEG/%C5%B0%BF%C0%BD%BA%C5%A9-%C0%BD%B7%E1-%C0%CC%B9%CC%C1%F6-001.jpg",,,,,"21","망고블랙티","6000","false","false","","https://ldb-phinf.pstatic.net/20250126_238/173788085644199pQl_JPEG/%B8%C1%B0%ED%C6%AE%B7%CE%C7%C7%C4%C3%BF%A1%C0%CC%B5%E5.jpg",,,,,"22","망고트로피컬에이드","6000","false","false","","https://ldb-phinf.pstatic.net/20241203_18/1733205305519R4RC9_JPEG/%C1%A6%B8%F1%C0%BB-%C0%D4%B7%C2%C7%D8%C1%D6%BC%BC%BF%E4_-001.jpg",,,,,"23","히비스커스레몬에이드","6000","false","false","",,,,,,"24","아메리카노","4500","false","false","",,,,,,"25","카페라떼","5000","false","false","",,,,,,"26","바닐라라떼","5000","false","false","",,,,,,"27","콜드브루","4500","false",,,,,,,,,,,,,,,,,,,,,,,,,,,,,,,,,,,,,,,,,,,,,,,,,,,,,,,,,,,,,,,,,,,"호양호림","InformationParking",,"InformationBasicParking","추가 요금 60분당 400원, 최대 7,000원","false",,"*기독병원1,2주차장
1. 이용가능시간
 - 주말 및 공휴일 , 평일17:00이후
2. 이용요금
 - 1시간 무료지원 , 1시간 이후 15분당400원
*광주양림교회주차장
1. 이용가능시간
 - 평일, 주말제외
2. 이용요금
 - 1시간 무료지원 , 1시간 이후 10분당500원
*양림역사문화마을공영주차장
1. 이용가능시간
 - 24시간
2. 이용요금
 - 1시간 무료지원 , 1시간 이후 10분당300원",,,"1243232822","681","커피","220","와플","210","인절미","160","라떼","147","드립커피","109","빙수","86","크림라떼","80","핸드드립","67","티라미수","48","치즈","46","에이드","46","케이크","41","치즈케이크","39","흑임자","27","아이스크림","25","바스크치즈케이크","22","아메리카노","21","흑임자크림라떼","20","앙버터","19","약과","17","망고빙수","17","뱅쇼","15","크로플","15","팥빙수","14","딸기라떼","13","인절미빙수","13","흑임자라떼","12","애플시나몬","10","얼그레이","9","쌍화차","9","찹쌀도너츠","8","레몬에이드","8","바닐라라떼","7","바닐라빈라떼","7","블랙티","7","아인슈페너","7","우유","5","과일","5","말차라떼","5","쉐이크","5","자몽에이드","4","딸기와플","4","밀크티","4","시나몬라떼","4","쑥라떼","4","요거트","4","캐모마일","4","크림치즈","3","꽈배기","3","생강차","3","에스프레소","3","자몽차","3","카페라떼","3","한과","2","도넛","2","드립백","2","딸기티라미수","2","생딸기라떼","2","에티오피아예가체프","2","요거트아이스크림","2","전통차","2","필터커피","1","김밥","1","꽃차","1","눈꽃빙수","1","디카페인아메리카노","1","레몬생강차","1","레몬차","1","매실차","1","맥주","1","미숫가루","1","바닐라아이스크림","1","방어","1","브라우니","1","브루잉커피","1","샹그리아","1","스무디","1","스콘","1","식혜","1","쌍화탕","1","아이스티","1","연유라떼","1","옛날팥빙수","1","와인","1","우유빙수","1","자몽블랙티","1","잡채","1","젤라또","1","찹쌀꽈배기","1","찹쌀떡","1","초코라떼","1","초콜릿","1","콜드브루커피","1","크림맥주","1","황도",,,,,,,,,"94","4.72","1456","1907","taste","1242","맛","total","923","만족도","mood","485","분위기","service","122","서비스","menu","106","메뉴","purpose","53","목적","view","14","전망","parking","12","주차","amount","10","음식량","cleanliness","7","청결도","location","7","위치","price","4","가격","waitingtime","4","대기시간",,,,,,,,,,"광주 남구 우월순길 4 1층",,,,,,,,,,,,,"0507-1360-0072","4.72","1907","126.9130754","35.1377959"
"서울 종로구 권농동 187-10","0","카페,디저트","220563","220036","220052","220563","1004760","1004380","1002043","1004542",,"포장","예약","무선 인터넷","반려동물 동반","간편결제","주차",,"We Bring the Happiness!
우리는 모나지 않습니다. 동그랗습니다.
작은 동그라미의 행복, 쭈악쭈악입니다:)

-
쭈악쭈악은 서순라길에 위치한 코리안 디저트 카페로,
방앗간에서 직접 빻아 만든 100% 국내산 찹쌀가루와 인공감미료가 들어가지 않은 국내산 쌀로 만든 조청을 사용합니다. 전국 각지에서 엄선한 재료 본연의 개성이 담긴 작은 동그라미의 행복을 느껴보세요!

At 'JJUAK JJUAK,' we use 100% locally sourced Korean sticky rice flour and syrup without artificial sweeteners. Enjoy the unique taste of our hand-crafted, round-shaped treats made with love and care.

*단체 학교 기업 회사 행사 결혼 답례 선물 예약은 카카오톡 '쭈악쭈악' 채널로 연락주세요!
*테이크아웃 전문 한옥 카페입니다. (간단히 드시고 가시는 분들을 위해 2인 벤치를 마련했습니다)
* 데일리 운영 메뉴는 변동될 수 있습니다!","포장","예약","무선 인터넷","반려동물 동반",,,,,"https://ldb-phinf.pstatic.net/20241216_244/1734336905919SXyfT_JPEG/IMG_5260.jpeg","https://ldb-phinf.pstatic.net/20241115_75/1731634727599l1dR7_PNG/20241115_103832.png","https://ldb-phinf.pstatic.net/20260110_100/1768031002828LHqoh_JPEG/IMG_5064.jpeg","https://ldb-phinf.pstatic.net/20260110_39/1768031001061Kj50x_JPEG/IMG_7700.jpeg","https://ldb-phinf.pstatic.net/20260110_158/17680310035243AF2L_JPEG/IMG_7686.jpeg","https://ldb-phinf.pstatic.net/20260110_25/1768031002029GBcjb_JPEG/IMG_5184.jpeg","https://ldb-phinf.pstatic.net/20260110_189/1768031002021BrzDj_JPEG/IMG_5185.jpeg","https://ldb-phinf.pstatic.net/20260110_128/1768031002294aIcVN_JPEG/IMG_6533.jpeg","https://ldb-phinf.pstatic.net/20240822_193/1724314459823HnjmJ_JPEG/IMG_1723.jpeg","https://ldb-phinf.pstatic.net/20240822_202/1724294472831X2Gzl_JPEG/46.jpg","서순라길카페","서순라길","서순라길한옥카페","답례품","설선물","https://ldb-phinf.pstatic.net/20241115_161/1731634829529C257v_PNG/20241115_103957.png","https://ldb-phinf.pstatic.net/20241025_162/17298165506618gXX0_JPEG/IMG_3229.jpeg","https://ldb-phinf.pstatic.net/20240822_261/1724317046199Rucfu_JPEG/IMG_1732.jpeg","https://ldb-phinf.pstatic.net/20240822_179/1724295625765yFFiv_JPEG/24.jpg",,,,,,"false","피스타치오 100% 고소함 그 자체, 금/토/일 판매 한정 (2:30~선착순 판매)","https://ldb-phinf.pstatic.net/20260109_83/1767929305300Nwg3q_JPEG/IMG_7703.jpeg","https://ldb-phinf.pstatic.net/20260109_271/1767929305432RNMDa_JPEG/IMG_7686.jpeg","https://ldb-phinf.pstatic.net/20260109_131/1767929305055702Qs_JPEG/IMG_7706.jpeg",,,"0","[피쵸100%] 두바이 쫀득쿠키","6500","true","false","정읍 흑임자로 만든 크림을 가득 얹어 입안 가득 풍부한 고소함을 맛 볼 수 있는 주악","https://ldb-phinf.pstatic.net/20241115_187/1731635463730YbIw7_JPEG/IMG_5259.jpeg",,,,,"1","[Best1] 정읍 흑임자","3700","true","false","향긋한 밀양 쑥크림과 고소한 인절미가루로 함께 향긋하게 즐기는 주악","https://ldb-phinf.pstatic.net/20241115_140/1731635477338adCNS_JPEG/IMG_5254.jpeg",,,,,"2","[Best2] 밀양 쑥인절미","3700","false","false","직접 개발한 계피향의 '쌍화조청'과 고소한 견과류를 한 가득 얹어 마무리한 시그니처 주악","https://ldb-phinf.pstatic.net/20241115_114/1731635484827cBOvM_JPEG/IMG_5257.jpeg","https://ldb-phinf.pstatic.net/20240825_292/1724585061646qvVQR_JPEG/IMG_1863.jpeg",,,,"3","[시그니처] 쌍화 서울","2900","false","false","100% 국내산 찹쌀가루와 인공감미료가 들어가지 않은 국내산 조청으로 만든 클래식 개성주악","https://ldb-phinf.pstatic.net/20241115_130/1731634406893vKu3v_JPEG/%C1%BE%B7%CE_%C5%AC%B7%A1%BD%C4_2.JPG",,,,,"4","종로 클래식","2700","false","false","대관령 팥으로 만든 수제앙금에, 프랑스산 고메 버터를 얹어 고급스럽게 즐기는 앙버터 주악","https://ldb-phinf.pstatic.net/20241115_153/1731635562752fJ4yl_JPEG/IMG_5252.jpeg",,,,,"5","대관령 수제팥","3500","false","false","아이스크림 돼지* 플레이버처럼 상큼 달달하게 즐기는 크런치 주악","https://ldb-phinf.pstatic.net/20241115_161/17316355809737a6wj_JPEG/IMG_5256.jpeg",,,,,"6","서순라 돼지바","3000","false","false","고흥 유자로 만든 슈크림 위에 상큼한 애플민트로 마무리한 상큼 쭈악","https://ldb-phinf.pstatic.net/20241115_112/1731635495593U67FG_JPEG/IMG_5250.jpeg","https://ldb-phinf.pstatic.net/20241025_49/1729816331675Vqfpr_JPEG/IMG_3228.jpeg",,,,"7","[Season] 고흥 유자슈크림","3500","false","false","달콤한 누텔라를 잔뜩 얹고 쌉싸르한 코코아파우더로 마무리한 더티 초코 주악","https://ldb-phinf.pstatic.net/20241115_52/1731635571967BVI2M_JPEG/IMG_5253.jpeg",,,,,"8","더티누텔라","3200","false","false","[시즌종료] 동물성크림으로 만든 몽떼크림의 부드러움과 딸기 콩포트, 생딸기의 상큼함","https://ldb-phinf.pstatic.net/20241202_217/1733138212399lbaQy_JPEG/E910DA7F-DC95-4DD8-AB1E-0ECF1EF66F8C.jpeg",,,,,"9","[Season] 논산 딸기","3900","false","false","[시즌종료]고흥 단호박으로 만든 크림을 실타래처럼 얹어 눈과 입 함께 즐거운 주악","https://ldb-phinf.pstatic.net/20241025_26/1729815954279wchpN_JPEG/IMG_4488.jpeg",,,,,"10","고흥 단호박","3500","false","false","[시즌종료]딸기 크림치즈에 청도 산딸기를 얹어 상큼하게 즐기는 주악","https://ldb-phinf.pstatic.net/20241115_236/1731635543940rJrNF_JPEG/IMG_5262.jpeg",,,,,"11","청도 산딸기","3500","false","false","[시즌종료]상주 곶감 호두 말이로 단맛과 고소함을 함께 느낄 수 있는 주악","https://ldb-phinf.pstatic.net/20241115_167/1731635533186rPzP1_JPEG/IMG_5255.jpeg",,,,,"12","상주 곶감호두","3900","false","false","[시즌종료]와인에 절인 수제 정안밤조림과 밤크림의 조화","https://ldb-phinf.pstatic.net/20241115_218/17316355084249SjRB_JPEG/IMG_5251.jpeg","https://ldb-phinf.pstatic.net/20241025_150/1729816270855u72uy_JPEG/IMG_3229.jpeg",,,,"13","[Season] 공주정안밤","4200","false","false","(~11/17운영) 진한 우유 아이스크림에 직접 끓인 쌍화즙청과 클래식 주악을 올렸어요!","https://ldb-phinf.pstatic.net/20241025_297/1729816228570xukoG_JPEG/IMG_4266.jpeg",,,,,"14","[시그니처] 쌍화 아쭈","4700","false","false","(~11/17운영) 진한 소프트 우유 아이스크림에 클래식 주악을 올렸어요!",,,,,,"15","클래식 아쭈","4500","false","false","달콤상큼한 오미자티로 여름에 시원하게 즐기기 좋은 티","https://ldb-phinf.pstatic.net/20240825_112/1724585204666OEsmY_JPEG/IMG_2168.jpeg",,,,,"16","오미자티","3700","false","false","초록 매실의 달콤함을 느낄 수 있는 티","https://ldb-phinf.pstatic.net/20240825_286/1724585245409P1Oio_JPEG/IMG_2169.jpeg",,,,,"17","매실티","3700","false",,,,,,,,,,,,,,,,,,,,,,,,,,,,,,,,,,,,,,,,,,,,,,,,,,,,,,,,,,,,,,,,,,,,,,,,,,,,,,,,,,,,,,,,,,,,,,,,,,,,,,,,,,,,,,,,,,,,,,,,,,,,,,,,,,,,,,,,,,,,,,,,,,,,,,,,,,,,,,,,,,,,,,,,,,,,,,,,,"쭈악쭈악 서순라길","InformationParking",,"InformationBasicParking","추가 요금 5분당 400원, 최대 100,000원","false","최초 60분 4,800원","매장 앞, 서순라길 골목은 주차가 불가합니다.
종묘공영주차장 또는 인근 유료 주차장 이용 부탁드립니다.

[인근유료주차장]
1) 고강민영주차장 (서순라길에서 도보로 가장 가까움)
  : 30분 2천원, 1시간 5천원, 2시간 11천원, 240분 23천원
2) 드래곤팰리스주차장 (서순라길 도보 15분, 발렛파킹 가능)
  : 기본 30분 5천원, 10분당 1천원, 8시간 기준 4만원
3) 피카디리 플러스 주차장 (서순라길 도보 15분)
  : 30분 3,300원, 1시간 6,600원",,,"1960218055","26","흑임자","22","약과","12","아이스크림","7","찹쌀떡","6","도넛","4","매실차","3","인절미","2","딸기찹쌀떡","2","앙버터","2","애플시나몬","2","오미자차","2","찹쌀도너츠","2","카라멜모카","1","꽈배기","1","누룽지","1","루이보스","1","머핀","1","몽블랑","1","얼그레이","1","오리","1","요거트","1","요거트아이스크림","1","잡채","1","타코","1","한과",,,,,,,,,,,,,,,,,,,,,,,,,,,,,,,,,,,,,,,,,,,,,,,,,,,,,,,,,,,,,,,,,,,,,,,,,,,,,,,,,,,,,,,,,,,,,,,,,,,,,,,,,,,,,,,,,,,,,,,,,,,,,,,,,,,,,,,,,,,,,,,,,,,,,"0","0","754","989","taste","570","맛","total","450","만족도","service","294","서비스","purpose","114","목적","mood","54","분위기","menu","52","메뉴","location","10","위치","delivery","6","배달","cleanliness","5","청결도","price","4","가격","waitingtime","2","대기시간",,,,,,,,,,,,,,,,"서울 종로구 율곡로10길 77 쭈악쭈악",,,"1","종로3가역 1호선",,,,,,,,,"0507-1332-0056","0","989","126.9916166","37.5740559"
"서울 마포구 합정동 369-29","0","카페,디저트","220563","220036","220052","220563",,,,,,"포장","무선 인터넷","간편결제","주차",,,,"*합정역 7번 출구에서 도보 5분*

아담하고 깔끔한 분위기 속에서
한식 디저트를 만나보세요!

국내 최고의 개성주악 맛집,
전통 디저트인 개성주악, 옛날양갱,
호두정과, 도라지정과, 곶감단지 등을
수제로 만들어 커피,차와 함께 판매합니다

생막걸리로 발효시킨 찹쌀과 생강향이
가득한 즙청으로 마무리한 개성주악은
겉은 바삭, 속은 촉촉한 맛이 일품입니다.

지나치게 달지 않아 은은한 생강향이
입안 가득 퍼지며, 먹을수록 자꾸
생각나는 매력적인 디저트입니다.

한식 디저트와 잘 어우러지는 인테리어와
친절한 서비스가 돋보이는 이곳에서
특별한 디저트를 경험해 보세요.

상냥한 미소와 함께
최상의 맛을 선사합니다 :)","포장","무선 인터넷",,,,,,,"https://ldb-phinf.pstatic.net/20241217_84/1734427119519RLyv3_JPEG/%B8%ED%B0%FA%C1%A4_%C3%B9%B4%AB.jpg","https://ldb-phinf.pstatic.net/20240821_34/1724237266118kM8DK_JPEG/1724237239469.jpg","https://ldb-phinf.pstatic.net/20250715_129/1752562187976MsoTd_JPEG/20240831_100037.jpg",,,,,,,,"합정동카페","개성주악카페","합정동디저트카페","합정동커피","선물","https://ldb-phinf.pstatic.net/20250314_107/17419350441600oUa5_JPEG/IMG_3636.jpeg","https://ldb-phinf.pstatic.net/20250301_67/17407988897641icj0_JPEG/IMG_2938.jpeg",,,,,,,,"false","찹쌀가루에 막걸리를 넣고 만든 전통다과로 겉은 바삭하고 속은 촉촉한 식감입니다","https://ldb-phinf.pstatic.net/20241217_145/1734427160265zqPEW_JPEG/%B8%ED%B0%FA%C1%A4_%B0%B3%BC%BA%C1%D6%BE%C7.jpg","https://ldb-phinf.pstatic.net/20240822_154/1724299918178WJOPl_JPEG/20231018_141353.jpg",,,,"0","개성주악","2000","true","false","개성주악에 국산잣을 토핑하여 고소한 맛을 더하였습니다","https://ldb-phinf.pstatic.net/20241217_128/1734427172815s4mSa_JPEG/%B8%ED%B0%FA%C1%A4_%C0%E3%C1%D6%BE%C7.jpg",,,,,"1","잣주악","3000","false","false","자몽의 톡톡 터지는 상큼함과 주악의 바삭 고소함이 잘 어울립니다","https://ldb-phinf.pstatic.net/20241217_220/1734427182830HvKOI_JPEG/%B8%ED%B0%FA%C1%A4_%C0%DA%B8%F9.jpg",,,,,"2","자몽주악","3000","false","false","개성주악에 블루베리와 크림치즈를 토핑하여 상큼함과 주악의 바삭 고소한 맛이 잘 어울립니다","https://ldb-phinf.pstatic.net/20241217_23/1734427253838LQMEY_JPEG/%B8%ED%B0%FA%C1%A4_%BA%ED%B7%E7%BA%A3%B8%AE.jpg",,,,,"3","블루베리주악","3000","false","false","주악에 곶감, 호두 등을 토핑으로 올려 단맛과 상큼하고 고소합니다. 견과 알레르기 주의","https://ldb-phinf.pstatic.net/20241217_29/1734427262875rzyTA_JPEG/%B8%ED%B0%FA%C1%A4_%B0%F9%B0%A8.jpg",,,,,"4","곶감주악","3000","false","false","개성주악에 통팥과 무염버터를 토핑하여 달콤하고 고소한 맛이 좋습니다","https://ldb-phinf.pstatic.net/20241217_143/1734427272183plxMG_JPEG/%B8%ED%B0%FA%C1%A4_%BE%D3%B9%F6%C5%CD%C1%D6%BE%C7.jpg",,,,,"5","앙버터주악","3000","false","false","","https://ldb-phinf.pstatic.net/20241217_140/1734427299401KajHw_JPEG/%B8%ED%B0%FA%C1%A4_%BC%BC%C6%AE_4.jpg",,,,,"6","주악 골고루10구세트","25000","false","false","","https://ldb-phinf.pstatic.net/20241217_19/1734427310557bSpap_JPEG/%B8%ED%B0%FA%C1%A4_%BC%BC%C6%AE_2.jpg",,,,,"7","개성주악기본10구세트","20000","false","false","","https://ldb-phinf.pstatic.net/20241217_142/1734427325079aFx09_JPEG/%B8%ED%B0%FA%C1%A4_%C0%BD%B7%E1_10.jpg",,,,,"8","아메리카노(핫) 테이크아웃","3500","false","false","","https://ldb-phinf.pstatic.net/20241217_60/1734427335813inoVd_JPEG/%B8%ED%B0%FA%C1%A4_%C0%BD%B7%E1_8.jpg",,,,,"9","아메리카노(아이스)테이크아웃","3500","false","false","","https://ldb-phinf.pstatic.net/20241217_146/1734427345783NVDII_JPEG/%B8%ED%B0%FA%C1%A4_%C0%BD%B7%E1_9.jpg",,,,,"10","카페라떼 테이크아웃","3500","false","false","","https://ldb-phinf.pstatic.net/20241217_289/17344273540160sDOE_JPEG/%B8%ED%B0%FA%C1%A4_%C0%BD%B7%E1_7.jpg",,,,,"11","카페라떼아이스 테이크아웃","4000","false","false","","https://ldb-phinf.pstatic.net/20241217_250/17344292803149Fvyr_JPEG/%B8%ED%B0%FA%C1%A4_%C0%BD%B7%E1_3.jpg",,,,,"12","쑥차테이크아웃","3500","false","false","","https://ldb-phinf.pstatic.net/20241217_95/1734429258727FuWLB_JPEG/%B8%ED%B0%FA%C1%A4_%C0%BD%B7%E1_1.jpg",,,,,"13","제주녹차 테이크아웃","3500","false","false","","https://ldb-phinf.pstatic.net/20241217_280/1734429271733D9Hfm_JPEG/%B8%ED%B0%FA%C1%A4_%C0%BD%B7%E1_2.jpg",,,,,"14","제주호지차 테이크아웃","3500","false","false","팥양갱, 도라지양갱, 밤양갱, 흑임자양갱","https://ldb-phinf.pstatic.net/20241217_251/17344274373015PSEQ_JPEG/%B8%ED%B0%FA%C1%A4_%BC%BC%C6%AE_17.jpg",,,,,"15","양갱4구세트","14000","false","false","호두정과 3개, 도라지정과 2개","https://ldb-phinf.pstatic.net/20241217_220/1734427463742Ko2Yc_JPEG/%B8%ED%B0%FA%C1%A4_%BC%BC%C6%AE_16.jpg","https://ldb-phinf.pstatic.net/20240822_129/1724299818667rVDaU_JPEG/1716978969142.jpg",,,,"16","정과세트","24000","false","false","옛날양갱4종류, 호두정과, 도라지정과로 구성된 실속선물 세트입니다","https://ldb-phinf.pstatic.net/20241217_299/173442912160640oYi_JPEG/%B8%ED%B0%FA%C1%A4_%BC%BC%C6%AE_13.jpg","https://ldb-phinf.pstatic.net/20240822_288/1724299133648zQrBa_JPEG/Screenshot_20240401_170650_NAVER.jpg",,,,"17","명과정세트","35000","false","false","","https://ldb-phinf.pstatic.net/20241217_200/1734429135241Ui0hT_JPEG/%B8%ED%B0%FA%C1%A4_%BC%BC%C6%AE_24.jpg","https://ldb-phinf.pstatic.net/20240822_40/1724299236090BLk6S_JPEG/1720680543127.jpg",,,,"18","양갱세트","35000","false","false","","https://ldb-phinf.pstatic.net/20241217_244/1734429152333CqBLM_JPEG/%B8%ED%B0%FA%C1%A4_%BC%BC%C6%AE_21.jpg",,,,,"19","한아름세트","70000","false","false","","https://ldb-phinf.pstatic.net/20241217_113/1734429164729DvLod_JPEG/%B8%ED%B0%FA%C1%A4_%BC%BC%C6%AE_23.jpg","https://ldb-phinf.pstatic.net/20240822_247/1724299422814L5bq8_JPEG/1701163483249.jpg",,,,"20","도라지정과세트","55000","false","false","","https://ldb-phinf.pstatic.net/20241217_266/1734429176829Xya83_JPEG/%B8%ED%B0%FA%C1%A4_%BC%BC%C6%AE_22.jpg","https://ldb-phinf.pstatic.net/20240822_234/1724299748282oLMTP_JPEG/1701163470749.jpg",,,,"21","곶감단지세트","65000","false","false","","https://ldb-phinf.pstatic.net/20241217_170/1734429200114UPrhq_JPEG/%B8%ED%B0%FA%C1%A4_%B9%E3%BE%E7%B0%BB2.jpg",,,,,"22","밤양갱","3300","false","false","","https://ldb-phinf.pstatic.net/20241217_58/1734429207996JY8Lp_JPEG/%B8%ED%B0%FA%C1%A4_%C8%E6%C0%D3%C0%DA%BE%E7%B0%BB2.jpg",,,,,"23","흑임자양갱","3300","false","false","","https://ldb-phinf.pstatic.net/20241217_129/1734429220557agJrv_JPEG/%B8%ED%B0%FA%C1%A4_%B5%B5%B6%F3%C1%F6%BE%E7%B0%BB2.jpg",,,,,"24","도라지양갱","3000","false","false","팥앙금을 달지않고 쫀득한 식감으로 만들었습니다","https://ldb-phinf.pstatic.net/20241217_45/17344292275727jeMl_JPEG/%B8%ED%B0%FA%C1%A4_%C6%CF%BE%E7%B0%BB2.jpg",,,,,"25","팥양갱","3000","false","false","곶감에 유자청과 대추고 호두정과를 듬뿍넣어 만들었습니다","https://ldb-phinf.pstatic.net/20241217_204/173442929781965fsC_JPEG/%B8%ED%B0%FA%C1%A4_%B0%F9%B0%A8%B4%DC%C1%F62.jpg",,,,,"26","곶감단지","8000","false","false","쌀조청과 도라지를 넣고 졸이고 말리는 과정을 반복하여 부드럽고 쫀득한 식감이 좋습니다","https://ldb-phinf.pstatic.net/20241217_107/1734429313490RVzUR_JPEG/%B8%ED%B0%FA%C1%A4_%B5%B5%B6%F3%C1%F6%C1%A4%B0%FA2.jpg",,,,,"27","도라지정과","4500","false","false","바삭 고소한 호두의 맛이 좋습니다","https://ldb-phinf.pstatic.net/20241217_183/1734429328179OpVLW_JPEG/%B8%ED%B0%FA%C1%A4_%C8%A3%B5%CE%C1%A4%B0%FA2.jpg",,,,,"28","호두정과","4500","false",,,,,,,,,,,,,,,,,,,,,,,,,,,,,,,,,,,,,,,,,,,,,,,,,,,,,,,,"명과정 합정점","InformationParking",,"InformationBasicParking",,"true",,"건물 1층 주차장에 차량 1대 주차 가능합니다",,,"1144382326","44","커피","26","양갱","11","대추차","11","식혜","7","과일","7","아메리카노","6","라떼","5","생강차","5","앙버터","5","찹쌀도너츠","4","녹차","4","한과","3","수제대추차","3","약과","3","치즈","3","크림치즈","3","흑임자","2","도넛","2","수정과","2","에이드","2","찹쌀떡","1","곡물라떼","1","다식","1","딸기라떼","1","딸기티라미수","1","말차라떼","1","수제청","1","자몽에이드","1","자몽차","1","잡채","1","전통차","1","초콜릿","1","카페라떼","1","티라미수",,,,,,,,,,,,,,,,,,,,,,,,,,,,,,,,,,,,,,,,,,,,,,,,,,,,,,,,,,,,,,,,,,,,,,,,,,,,,,,,,,,,,,,,,,,,,,,,,,,,,,,,,,,,,,,,,,,,,,,,,,,,,,,,,,,"0","0","307","372","taste","276","맛","total","209","만족도","service","117","서비스","purpose","92","목적","mood","13","분위기","price","9","가격","menu","8","메뉴","location","6","위치","cleanliness","3","청결도","delivery","1","배달","waitingtime","1","대기시간",,,,,,,,,,,,,,,,"서울 마포구 성지길 57 1층 101호",,,"6","합정역 6호선",,,,,,,,,"0507-1395-7313","0","372","126.912792","37.5460594"
"서울 송파구 석촌동 184-6","0","카페,디저트","220563","220036","220052","220563",,,,,,"포장","예약","간편결제","주차",,,,"'Sticky all day!'
쫀쫀한 떡처럼, 주고받는 마음속에 우리의 인연도
매일 조금씩 더 끈끈하게 깊어지길 소망합니다.

안녕하세요
정성을 빚는 한식 디저트 공간 '묘방'입니다
'묘방'은 단순히 간식을 만드는 곳을 넘어,
우리 전통의 맛을 현대적인 감각으로
재해석하여 떡과 한과를 만듭니다.
누군가에게 전할 순간을 떠올리며 계절이 어진 때의
재료를 골라 그 계절의 재료로 빚고 마음을 담아 건네며,
당신에게 행복으로 전해지길 바랍니다.","비건 메뉴","포장","예약",,,,,,"https://ldb-phinf.pstatic.net/20260129_291/1769650679922qbRmf_JPEG/KakaoTalk_20260129_103714444_05.jpg","https://ldb-phinf.pstatic.net/20260130_115/1769743528881LbmF7_JPEG/1000000052.jpg","https://ldb-phinf.pstatic.net/20260316_175/1773672766767e88AQ_JPEG/20260313_083244.jpg","https://ldb-phinf.pstatic.net/20260316_117/1773672766021ByxMm_JPEG/1773671414686-02.jpeg","https://ldb-phinf.pstatic.net/20260316_79/1773672766213T0GKI_JPEG/1773670679902-01.jpeg","https://ldb-phinf.pstatic.net/20260316_63/1773672766444Hb2wc_JPEG/1773670682434-01.jpeg","https://ldb-phinf.pstatic.net/20260130_254/1769743514689mLT9E_JPEG/1000000086.jpg","https://ldb-phinf.pstatic.net/20260207_194/1770447488437lm64s_JPEG/1000000106.jpg","https://ldb-phinf.pstatic.net/20260130_99/1769743550418H3tdk_JPEG/1000000043.jpg","https://ldb-phinf.pstatic.net/20260207_122/1770447488942fNSAW_JPEG/1000000111.jpg","잠실약과","석촌약과","석촌선물","석촌떡","잠실선물","https://ldb-phinf.pstatic.net/20260327_114/1774576362280eShxq_JPEG/1774576355802.jpg",,,,,,,,,"false","3일 공정으로 완성한 깊은 맛과 결이 살아있는
'묘방'만의 시그니처 패스츄리 구움약과","https://ldb-phinf.pstatic.net/20251224_72/17665021235311mcTP_JPEG/KakaoTalk_20251222_162810894_11.jpg","https://ldb-phinf.pstatic.net/20251222_207/1766409857595pskvG_JPEG/KakaoTalk_20251222_162810894_08.jpg","https://ldb-phinf.pstatic.net/20251222_5/1766409845699qBsnq_JPEG/KakaoTalk_20251222_162810894_09.jpg",,,"0","개성약과","3500","true","false","국내산 찹쌀로 만든 바삭하고 촉촉한 전통 디저트
은은한 생강 향이 매력적인 추천 메뉴","https://ldb-phinf.pstatic.net/20251225_220/1766645270914fuTR1_JPEG/1000000030.jpg","https://ldb-phinf.pstatic.net/20251224_96/1766502368012MqFef_JPEG/KakaoTalk_20251222_162810894_12.jpg","https://ldb-phinf.pstatic.net/20251224_179/1766502353098PMDjq_JPEG/KakaoTalk_20251222_233119561_03.jpg",,,"1","개성주악","3000","true","false","고온 스팀으로 완성한 쫀득한 식감의 인절미
(카스테라 / 콩가루 / 흑임자)","https://ldb-phinf.pstatic.net/20251225_278/17666473776398s9EE_JPEG/1000000027.jpg","https://ldb-phinf.pstatic.net/20251225_109/17666473494968amEx_JPEG/1000000031.jpg","https://ldb-phinf.pstatic.net/20251225_168/1766645300267grJdb_JPEG/1000000028.jpg","https://ldb-phinf.pstatic.net/20251222_73/1766410597444tH4RP_JPEG/KakaoTalk_20251222_164238711_01.jpg",,"2","인절미(한줌)","3000","false","false","고온 스팀으로 완성한 쫀득한 식감의 인절미
(카스테라 / 콩가루 / 흑임자)","https://ldb-phinf.pstatic.net/20251225_187/1766647434176aXnFc_JPEG/1000000028.jpg","https://ldb-phinf.pstatic.net/20251225_246/17666474333609mMC5_JPEG/1000000032.jpg","https://ldb-phinf.pstatic.net/20251225_28/1766647434286Y0NYU_JPEG/1000000027.jpg",,,"3","인절미(두줌)","5000","false",,,,,,,,,,,,,,,,,,,,,,,,,,,,,,,,,,,,,,,,,,,,,,,,,,,,,,,,,,,,,,,,,,,,,,,,,,,,,,,,,,,,,,,,,,,,,,,,,,,,,,,,,,,,,,,,,,,,,,,,,,,,,,,,,,,,,,,,,,,,,,,,,,,,,,,,,,,,,,,,,,,,,,,,,,,,,,,,,,,,,,,,,,,,,,,,,,,,,,,,,,,,,,,,,,,,,,,,,,,,,,,,,,,,,,,,,,,,,,,,,,,,,,,,,,,,,,,,,,,,,,,,,,,,,,,,,,,,,,,,,,,,,,,,,,,,,,,,,,,,,,,,,,,,,,,,,,,,,,,,,,,,,,,,,,,"묘방","InformationParking",,"InformationBasicParking",,"true",,"차량 이용 시 매장 뒤편 주차장에 정차 가능합니다",,,"2084445559","55","약과","44","인절미","15","꿀고구마","10","다식","8","아이스크림","7","흑임자","5","화전","4","카스테라","2","백설기","2","우유","2","우유아이스크림","2","커피","2","한과","1","과일","1","대추차","1","매실차","1","약식","1","유기농아이스크림","1","케이크",,,,,,,,,,,,,,,,,,,,,,,,,,,,,,,,,,,,,,,,,,,,,,,,,,,,,,,,,,,,,,,,,,,,,,,,,,,,,,,,,,,,,,,,,,,,,,,,,,,,,,,,,,,,,,,,,,,,,,,,,,,,,,,,,,,,,,,,,,,,,,,,,,,,,,,,,,,,,,,,,"0","0","170","213","taste","132","맛","total","115","만족도","purpose","61","목적","service","42","서비스","mood","18","분위기","location","9","위치","menu","7","메뉴","cleanliness","5","청결도","naver","1","예약","price","1","가격","waitingtime","1","대기시간",,,,,,,,,,,,,,,,"서울 송파구 송파대로 455",,,"8","석촌역 8호선","9","석촌역 9호선","2","잠실역 2호선","8","잠실역 8호선","9","송파나루역 9호선","0507-1472-9604","0","213","127.1051574","37.5070101"
"서울 관악구 신림동 1652-20","0","카페,디저트","220563","220036","220052","220563","1004760","1004380","1002043",,,"포장","예약",,,,,,"버터떡 맛집 개성주악 맛집 버터바 맛집

버터바맛집 생방송투데이 버터바편 방영맛집

과하지않는 단맛과 적절한 꾸덕고소달달

구디카페 꼭 한번은 들려야 하는
특별함이 있는 곳

디자인과 캘리작가 출신 사장님께서 직접
캘리그라피 엽서를 원하는문구를 써드려요!!
쫀득버터바 먹고 멋진 추억을 만들어가세요","포장","예약",,,,,,,"https://ldb-phinf.pstatic.net/20260310_107/1773131938280LE9Uf_JPEG/3963.jpg","https://ldb-phinf.pstatic.net/20260204_97/1770172421419tFClt_JPEG/2734.jpg","https://ldb-phinf.pstatic.net/20240909_265/1725839456122miSwu_JPEG/1000007091.jpg","https://ldb-phinf.pstatic.net/20260210_172/1770695295278LfkUI_JPEG/3190.jpg","https://ldb-phinf.pstatic.net/20240715_235/17210423024770AygD_JPEG/1000006503.jpg","https://ldb-phinf.pstatic.net/20240909_244/1725839533811X07YO_JPEG/1000007089.jpg","https://ldb-phinf.pstatic.net/20240813_257/1723534736437LwrUu_JPEG/1000006833.jpg","https://ldb-phinf.pstatic.net/20240210_207/1707570721281eQpUK_JPEG/1000004707.jpg","https://ldb-phinf.pstatic.net/20260204_150/17701724215281Rzjk_JPEG/2728.jpg","https://ldb-phinf.pstatic.net/20240825_49/1724586396161T4UWz_JPEG/1000006879.jpg","버터바","개성주악","두바이쫀득개성주악","버터떡","소금버터떡","https://ldb-phinf.pstatic.net/20260311_174/17732114357146yJW5_JPEG/4000.jpg","https://ldb-phinf.pstatic.net/20260307_162/1772873140167SafqK_JPEG/3899.jpg","https://ldb-phinf.pstatic.net/20251215_79/1765762446054vQM46_JPEG/1916.jpg",,,,,,,"false","원조 소금 버터떡 /노 밀가루 /
당일 빻은 찹쌀 수제 100% 제작
무 합성첨가물","https://ldb-phinf.pstatic.net/20260316_199/1773655914496tNIiQ_JPEG/4092.jpg",,,,,"0","서울 소금 버터떡 4개 [전화예약]","10000","true","true","개성주악10구 선물셋트
전화로 문의예약바랍니다","https://ldb-phinf.pstatic.net/20240905_266/1725512711049kn68T_JPEG/1000007065.jpg",,,,,"1","(설날선물)개성주악10구세트","","true","true","두바이쫀득 개상주악 6구 셋트","https://ldb-phinf.pstatic.net/20260209_91/1770608827560GPWuS_JPEG/2836.jpg",,,,,"2","[원조] 두바이쫀득 개성주악 6구셋트","","true","false","서울버샌의 100%수제 두바이초콜렛 개성주악
남다른 개성주악의 서울버샌","https://ldb-phinf.pstatic.net/20260210_202/1770716029591PSGjb_JPEG/3190.jpg",,,,,"3","[원조]두바이쫀득 개성주악","5700","true","false","100% 수제 찹쌀 개성주악
가격거품을 내리고
기름기지않고 정직하게만든
쫀득함의 끝판왕","https://ldb-phinf.pstatic.net/20260210_222/1770716084497TVUys_JPEG/3084.jpg",,,,,"4","오리지널 개성주악","2800","true","false","산딸기와 크림치즈의 조합
딸기는 그냥 사랑입니다 베스트 오브 베스트","https://ldb-phinf.pstatic.net/20260210_148/1770716048869WQQN6_JPEG/3188.jpg",,,,,"5","산딸기 개성주악","4500","true","false","개성주악과 밤조합 추석때 인기몰이한 신메뉴","https://ldb-phinf.pstatic.net/20240920_210/1726821478095RXUQS_JPEG/1000007222.jpg",,,,,"7","밤 개성주악","4500","true","false","단짠고소의 끝판왕 피넛버터 개성주악","https://ldb-phinf.pstatic.net/20260210_264/1770716061756s0mkf_JPEG/3189.jpg",,,,,"8","피넛버터 개성주악","4500","true","false","누적판매 20만개 오리지널
원조다운 서울버터샌드만의 특별함
커피와 최고의궁합 버터바","https://ldb-phinf.pstatic.net/20210811_246/1628628617513n3JOk_JPEG/k46DLaq3UnUPY_lbQSuZyXNk.jpg",,,,,"9","수제 서울오리지널버터바","7300","true","false","단짠단짠의끝판왕","https://ldb-phinf.pstatic.net/20230202_189/1675334514180c9XRE_JPEG/1531C618-195D-4BE2-BC6E-A0A7506F93F4.jpeg",,,,,"10","수제 단짠황치즈 버터바","7800","true","false","은은한 홍차와 버터의 진한맛의 환상조합
믿고 먹는 서울버터샌드","https://ldb-phinf.pstatic.net/20240826_173/1724649626464FT9xE_JPEG/1000006986.jpg",,,,,"11","수제 얼그레이 버터바","7800","true","false","두바이 초콜렛
서울버터샌드만의 방식으로 만든 조합
이건 그냥 무조건 먹어야하는 메뉴","https://ldb-phinf.pstatic.net/20240813_187/1723515066632lWiBx_JPEG/1000006833.jpg",,,,,"12","수제 피스타치오 초코 버터바","8500","true","false","","https://ldb-phinf.pstatic.net/20260210_280/1770716137084ssK36_JPEG/3184.jpg",,,,,"14","미니약과 개성주악","4500","true","false","시그니처 피스타치오슈페너
꾸덕크림과 피스타치오와의 만남","https://ldb-phinf.pstatic.net/20230803_177/1691034174818icP7T_JPEG/IMG_3899.jpeg",,,,,"17","피스타치오슈페너(ice)","6800","true","false","시그니처 버터슈페너(아인슈페너)
버터바 약과쿠키와 꼭 함께 먹어야 할 필수","https://ldb-phinf.pstatic.net/20230517_117/1684292493198Isrjb_JPEG/6F055BBE-638C-4374-BD32-7880C8739205.jpeg",,,,,"18","버터슈페너 (ice)","6500","true","true","우유생크림의 맛집
생딸기와 촉촉한 시트의 조합","https://ldb-phinf.pstatic.net/20241209_215/17337286655811C6Pp_JPEG/1000008988.jpg",,,,,"19","생딸기 수제우유생크림 컵케익","","true","false","흑임자의 고소함과 고급스러움의 끝판왕","https://ldb-phinf.pstatic.net/20230512_254/168385120391320wKY_JPEG/3F1A191A-5D12-40DD-AFA1-16C6BB52A280.jpeg",,,,,"20","수제 서울흑임자버터바","7800","true","false","누텔라와 초코볼의 개성주악","https://ldb-phinf.pstatic.net/20230925_283/1695620527948cgM92_JPEG/20230925_141653.jpg",,,,,"6","누텔라 개성주악","4000","false","false","버샌만의 크림치즈와
무화과& 개성주악의 조합","https://ldb-phinf.pstatic.net/20260210_299/1770716121581NJrTA_JPEG/3185.jpg",,,,,"13","무화과 크림치즈 개성주악","4500","false","false","달달고구마앙금과 고구마칩 개성주악","https://ldb-phinf.pstatic.net/20260210_119/1770716149310bF7Np_JPEG/3101.jpg",,,,,"15","고구마 개성주악","4000","false","false","","https://ldb-phinf.pstatic.net/20260210_165/1770716186005GFIow_JPEG/3094.jpg",,,,,"16","크림치즈 개성주악","4000","false","false","","https://ldb-phinf.pstatic.net/20210827_83/1630016207786xy9E5_JPEG/z0rfK_qqNqAvMkHngKom9qQh.jpg",,,,,"21","수제 제주말차버터바","7800","false","false","","https://ldb-phinf.pstatic.net/20210930_235/1632970930023dzUba_JPEG/gja2FVfzWtl8vJrwCdtMbHO1.jpg",,,,,"22","수제 서울레몬버터바","7800","false","false","버터바 초코는 사랑입니다","https://ldb-phinf.pstatic.net/20211025_73/1635144444779fl8iK_JPEG/oDRhvQGgWnd176nszanvUaUC.jpg",,,,,"23","수제 서울초코버터바","8200","false","false","시나몬향 가득 풍미있는 버터와의 조합 순삭주의","https://ldb-phinf.pstatic.net/20211220_116/1639972639499d2nHP_JPEG/KakaoTalk_20211217_093835675.jpg",,,,,"24","수제 시나몬 버터바","7800","false","false","",,,,,,"25","아메리카노","4000","false",,,,,,,,,,,,,,,,,,,,,,,,,,,,,,,,,,,,,,,,,,,,,,,,,,,,,,,,,,,,,,,,,,,,,,,,,,,,,,,,,,,,,,,,,"서울버터샌드","InformationParking",,,,,,"주차는 픽업하는정도의 잠시 주차만 가능합니다",,,"1571139111","56","커피","53","쿠키","31","약과","11","아메리카노","10","애플시나몬","10","치즈","9","아인슈페너","8","맥주","8","크림치즈","5","라떼","5","스모어쿠키","4","녹차","4","잡채","4","흑임자","3","마카롱","3","에이드","3","우유","3","케이크","2","밀크티","2","소금빵","2","자몽에이드","2","찹쌀도너츠","1","딸기케이크","1","레터링케이크","1","샌드위치","1","쑥라떼","1","얼그레이","1","에스프레소","1","옥수수","1","와인","1","찹쌀떡","1","체리에이드","1","초코쿠키","1","초콜릿","1","카스테라","1","크림라떼","1","타르트","1","파운드케이크","1","홍차",,,,,,,,,,,,,,,,,,,,,,,,,,,,,,,,,,,,,,,,,,,,,,,,,,,,,,,,,,,,,,,,,,,,,,,,,,,,,,,,,,,,,,,,,,,,,,,,,,,,,,,,,,,,,,,,,,,,,,,,,"93","4.91","305","672","taste","341","맛","total","256","만족도","service","168","서비스","purpose","62","목적","mood","22","분위기","location","9","위치","menu","7","메뉴","price","7","가격","amount","5","음식량","cleanliness","2","청결도","naver","2","예약","parking","2","주차","waitingtime","2","대기시간","delivery","1","배달",,,,,,,"서울 관악구 조원로10길 28 101호 서울버터샌드",,,"2","구로디지털단지역 2호선",,,,,,,,,,"4.91","672","126.9053546","37.4824658"
"경기 고양시 일산동구 성석동 405","0","카페,디저트","220563","220036","220052","220563","1004760","1004380","1002043","1005205",,"단체 이용 가능","포장","예약","무선 인터넷","남/녀 화장실 구분","간편결제","주차","수제차&전통디저트카페
개성주악 전문점입니다. 명인이 직접 튀긴
개성주악 매일 아침에 나옵니다~","단체 이용 가능","포장","예약","무선 인터넷","남/녀 화장실 구분",,,,"https://ldb-phinf.pstatic.net/20251026_100/1761408356724LCOqL_JPEG/1000023879.jpg","https://ldb-phinf.pstatic.net/20251026_260/17614085210303I2oW_JPEG/1000022050.jpg","https://ldb-phinf.pstatic.net/20251026_107/17614084209946OrwR_JPEG/1000022049.jpg","https://ldb-phinf.pstatic.net/20251209_181/1765262476670dOzdP_JPEG/KakaoTalk_20251206_170552288.jpg","https://ldb-phinf.pstatic.net/20251204_265/1764828255482vgPuP_JPEG/593938820_3946616168964548_3789358905491887500_n.jpg","https://ldb-phinf.pstatic.net/20251026_187/1761408477157umwDq_JPEG/1000018742.jpg","https://ldb-phinf.pstatic.net/20251120_188/17636270587781lbDx_JPEG/KakaoTalk_20251114_125657620_06.jpg","https://ldb-phinf.pstatic.net/20260419_53/1776528462175DhWQA_JPEG/KakaoTalk_20260419_010151730.jpg","https://ldb-phinf.pstatic.net/20260121_101/1769005966014Dw7sD_JPEG/KakaoTalk_20251222_154004829.jpg","https://ldb-phinf.pstatic.net/20251204_34/1764828255441al7p5_JPEG/588461651_3942018726090959_1820943400092840739_n.jpg","일산개성주악","파주개성주악","일산전통찻집","전통찻집","쌍화차","https://ldb-phinf.pstatic.net/20250511_296/1746926453694Wym6S_JPEG/%C0%B1%BF%AD%BD%C7%B7%B9%BD%C3%C7%C7_%B8%DE%B4%BA%BA%B8%B5%E5_A3%B0%A1%B7%CE%C7%FC_%BC%F6%C1%A4%BE%C8_OL_cs6_%C0%CE%BC%E2%BF%EB_%281%29_%C6%E4%C0%CC%C1%F6_2.jpg",,,,,,,,,"false","","https://ldb-phinf.pstatic.net/20241028_82/17300758510755dOGA_JPEG/KakaoTalk_20230226_130208014_18.jpg",,,,,"2","개성주악 6구","15000","true","false","","https://ldb-phinf.pstatic.net/20250511_96/1746926826179K5r2S_JPEG/KakaoTalk_20250511_102156766.jpg",,,,,"0","수정과","5000","false","false","","https://ldb-phinf.pstatic.net/20250511_244/1746926796301aHqpj_JPEG/KakaoTalk_20250511_102144981.jpg",,,,,"1","식혜","5000","false",,,,,,,,,,,,,,,,,,,,,,,,,,,,,,,,,,,,,,,,,,,,,,,,,,,,,,,,,,,,,,,,,,,,,,,,,,,,,,,,,,,,,,,,,,,,,,,,,,,,,,,,,,,,,,,,,,,,,,,,,,,,,,,,,,,,,,,,,,,,,,,,,,,,,,,,,,,,,,,,,,,,,,,,,,,,,,,,,,,,,,,,,,,,,,,,,,,,,,,,,,,,,,,,,,,,,,,,,,,,,,,,,,,,,,,,,,,,,,,,,,,,,,,,,,,,,,,,,,,,,,,,,,,,,,,,,,,,,,,,,,,,,,,,,,,,,,,,,,,,,,,,,,,,,,,,,,,,,,,,,,,,,,,,,,,,,,,,,,,,,,"윤영실레시피","InformationParking",,"InformationBasicParking",,"true",,,,,"1776561993","29","커피","18","수정과","18","식혜","13","라떼","12","대추차","8","약과","7","전통차","7","증편","5","쌍화차","4","쌍화탕","3","단팥죽","3","카페라떼","2","송편","2","아메리카노","2","오미자차","1","강정","1","레몬에이드","1","레몬차","1","삼계탕","1","에이드","1","와인","1","진저라떼","1","캐모마일",,,,,,,,,,,,,,,,,,,,,,,,,,,,,,,,,,,,,,,,,,,,,,,,,,,,,,,,,,,,,,,,,,,,,,,,,,,,,,,,,,,,,,,,,,,,,,,,,,,,,,,,,,,,,,,,,,,,,,,,,,,,,,,,,,,,,,,,,,,,,,,,,,,,,,,,,"3","5","169","192","taste","133","맛","total","106","만족도","purpose","29","목적","mood","28","분위기","service","12","서비스","location","5","위치","cleanliness","4","청결도","parking","4","주차","amount","1","음식량","menu","1","메뉴","price","1","가격","view","1","전망",,,,,,,,,,,,,"경기 고양시 일산동구 진밭로 119 윤영실레시피",,,,,,,,,,,,,"0507-1440-2155","5","192","126.8068816","37.7057643"
"서울 종로구 팔판동 39","0","카페,디저트","220563","220036","220052","220563","1004760","1004542",,,,"예약","무선 인터넷","포장","단체 이용 가능","방문접수/출장","간편결제","주차","연경당이 만드는 전통 한식 다과를 선보입니다.

차를 마시는 카페와 공예 전시 및 판매관,
연경당이 함께 있어
다채로운 경험을 선사합니다.","글루텐프리 메뉴","비건 메뉴","예약","무선 인터넷","포장","단체 이용 가능","방문접수/출장",,"https://ldb-phinf.pstatic.net/20260302_250/1772436416850fXLTD_JPEG/KakaoTalk_20260228_141539527_12.jpg","https://ldb-phinf.pstatic.net/20260316_251/1773647524266G8Tby_JPEG/KakaoTalk_20260313_180010565_10.jpg","https://ldb-phinf.pstatic.net/20260302_49/1772436424881jRQn4_JPEG/KakaoTalk_20260228_141539527_08.jpg","https://ldb-phinf.pstatic.net/20260122_145/1769088226069DLS9t_JPEG/KakaoTalk_20260122_214330309.jpg","https://ldb-phinf.pstatic.net/20260122_264/1769088236558EBqM1_JPEG/KakaoTalk_20260122_214255461_02.jpg","https://ldb-phinf.pstatic.net/20260122_54/17690882439479IPng_JPEG/KakaoTalk_20260122_214512616.jpg","https://ldb-phinf.pstatic.net/20260121_150/1769005605954ekE3H_JPEG/KakaoTalk_20260120_195341785.jpg","https://ldb-phinf.pstatic.net/20260121_44/1769005611246dEjh2_JPEG/KakaoTalk_20260120_195325289.jpg","https://ldb-phinf.pstatic.net/20260121_257/1769005599929RrNoX_JPEG/KakaoTalk_20260120_195354654.jpg","https://ldb-phinf.pstatic.net/20260121_182/1769005662686pq3HV_PNG/%C8%AD%B8%E9_%C4%B8%C3%B3_2026-01-21_232732.png","전통다과","계절다과상","안국카페","다과상","다도체험","https://ldb-phinf.pstatic.net/20260428_300/1777384122698ES4oX_JPEG/1.jpg","https://ldb-phinf.pstatic.net/20260428_47/1777384125940Rchti_JPEG/2.jpg","https://ldb-phinf.pstatic.net/20260428_132/1777384129547ESpxJ_JPEG/5.jpg","https://ldb-phinf.pstatic.net/20260428_234/1777384132277g3ccz_JPEG/6.jpg","https://ldb-phinf.pstatic.net/20260428_193/1777384134783U2QRB_JPEG/3.jpg","https://ldb-phinf.pstatic.net/20260428_51/1777384137483Csmb9_JPEG/4.jpg","https://ldb-phinf.pstatic.net/20260428_111/1777384140102JnTu4_JPEG/7.jpg","https://ldb-phinf.pstatic.net/20260428_178/1777384142738aPRxb_JPEG/8.jpg",,"false","사계절에 따라 달라지는 재료로 만드는 계절 다과상","https://ldb-phinf.pstatic.net/20260302_74/1772436481039XzMyt_JPEG/KakaoTalk_20260228_141512186_10.jpg","https://ldb-phinf.pstatic.net/20260122_288/176908782832736cuJ_JPEG/KakaoTalk_20260122_214202030.jpg","https://ldb-phinf.pstatic.net/20260122_21/1769087819127VwoB1_JPEG/KakaoTalk_20260122_214154644.jpg","https://ldb-phinf.pstatic.net/20260122_220/1769087818970i57qa_JPEG/KakaoTalk_20260122_214512616.jpg",,"0","계절 다과상","25000","true","false","다양한 다과들과 즐기는 따뜻한 차, 다과상차림","https://ldb-phinf.pstatic.net/20260122_293/1769087904106kujLL_JPEG/KakaoTalk_20260122_214246712.jpg","https://ldb-phinf.pstatic.net/20260122_77/1769087890054tOBWJ_JPEG/KakaoTalk_20260122_214307912.jpg",,,,"1","연경당 다과상","23000","true","false","","https://ldb-phinf.pstatic.net/20260421_44/1776776764131yieQp_JPEG/KakaoTalk_20260420_121621625_12.jpg","https://ldb-phinf.pstatic.net/20260421_155/1776776764072Fe103_JPEG/KakaoTalk_20260420_121621625_16.jpg",,,,"2","꼬숩 파르페","15000","false","false","","https://ldb-phinf.pstatic.net/20260316_50/1773647348254Bwecf_JPEG/KakaoTalk_20260313_180010565_07.jpg",,,,,"3","봄 한정 - 금귤 파르페","18000","false","false","","https://ldb-phinf.pstatic.net/20260128_106/1769580028630uJbzU_JPEG/IMG_0653.jpeg",,,,,"4","차","9000","false","true","","https://ldb-phinf.pstatic.net/20260128_140/1769579930770pDNk7_JPEG/IMG_0652.jpeg",,,,,"5","한과 골라담기 선물세트","","false","false","","https://ldb-phinf.pstatic.net/20260205_87/1770258567775m3Q7y_JPEG/FullSizeRender.jpeg",,,,,"6","개성주악 3종세트","10000","false","false","","https://ldb-phinf.pstatic.net/20260205_21/1770258588982tY8YX_JPEG/IMG_6203.jpeg",,,,,"7","개성주악","3000","false","false","","https://ldb-phinf.pstatic.net/20260205_179/1770258605503MFrs9_JPEG/IMG_6098.jpeg",,,,,"8","양갱","3500","false",,,,,,,,,,,,,,,,,,,,,,,,,,,,,,,,,,,,,,,,,,,,,,,,,,,,,,,,,,,,,,,,,,,,,,,,,,,,,,,,,,,,,,,,,,,,,,,,,,,,,,,,,,,,,,,,,,,,,,,,,,,,,,,,,,,,,,,,,,,,,,,,,,,,,,,,,,,,,,,,,,,,,,,,,,,,,,,,,,,,,,,,,,,,,,,,,,,,,,,,,,,,,,,,,,,,,,,,,,,,,,,,,,,,,,,,,,,,,,,,,,,,,,,,,,,,,,,,,,,,,,,,,,,,,,,,,,,,"연경당","InformationParking",,"InformationBasicParking","추가 요금 60분당 3,000원, 최대 30,000원","false","최초 5분 250원","근처 공영주차장 (정독도서관, 푸른기린주차장) 이용부탁드립니다.",,,"1328459749","35","강정","29","다식","22","약과","20","한과","19","홍차","16","양갱","15","파르페","11","꽃차","10","루이보스","8","녹차","8","오미자차","7","국화차","7","카레","6","송편","6","커피","6","흑임자","5","과일","5","라떼","5","전통차","5","증편","3","수정과","3","허브티","3","호박죽","2","대추차","2","말차라떼","2","복분자","2","아이스티","2","초콜릿","2","캐모마일","2","쿠키","2","호떡","1","그릭요거트","1","단호박죽","1","막걸리","1","만두","1","미숫가루","1","수제비","1","쑥라떼","1","씨앗호떡","1","아메리카노","1","요거트","1","차","1","찹쌀떡","1","치즈","1","카스테라","1","케이크","1","타르트","1","팥죽","1","푸딩",,,,,,,,,,,,,,,,,,,,,,,,,,,,,,,,,,,,,,,,,,,,,,,,,,,,,,,,,,,,,,,,,,,,,,,,,,,,,,,,,,,,,,,,,,,,,,,,,,,,,"29","4.98","1105","1257","total","900","만족도","taste","729","맛","mood","294","분위기","service","294","서비스","purpose","94","목적","naver","56","예약","menu","14","메뉴","amount","11","음식량","location","11","위치","price","9","가격","cleanliness","4","청결도","parking","1","주차","waitingtime","1","대기시간",,,,,,,,,,"서울 종로구 팔판길 26 1층 단독",,,"3","안국역 3호선",,,,,,,,,"0507-1311-9587","4.98","1257","126.9812999","37.5829622"
"경기 파주시 신촌동 70-16","0","카페,디저트","220563","220036","220052","220563","1004760","1004380","1002043","1005205",,"예약","포장","단체 이용 가능","남/녀 화장실 구분","무선 인터넷","간편결제","주차","since 2020
파주에 위치한 전통떡과 현대적 모더니즘이 결합된 코리안디저트 카페입니다.
다양하고 신선한 떡과 전통디저트를 만날 수 있습니다.
강미옥대표와 전문스텝 3인이 매일 신선한 재료를 사용해 수작업으로 정성을 기울입니다.

답례품, 선물세트, 한과세트 주문 가능합니다.","예약","포장","단체 이용 가능","남/녀 화장실 구분","무선 인터넷",,,,"https://ldb-phinf.pstatic.net/20210130_148/1612013347254a0e24_JPEG/7M1FzcitWERqOqQ2uP3KSv1T.jpeg.jpg","https://ldb-phinf.pstatic.net/20210130_104/1612013402010IYiF5_JPEG/O0rFRvJM-uCeWVBvnwGrBkj2.jpeg.jpg","https://ldb-phinf.pstatic.net/20210130_175/1612013410499HhToY_JPEG/pnxCzNug_w7WLeTx-O6Vrwaj.jpeg.jpg","https://ldb-phinf.pstatic.net/20210130_40/1612013733471awaxi_JPEG/uCmAZH6O13PoZeowst-Gl0B9.jpeg.jpg","https://ldb-phinf.pstatic.net/20210130_161/1612013699266IvREb_PNG/KnKjOhOlf8jbBpDEI4si_We4.png","https://ldb-phinf.pstatic.net/20210130_32/1612013721495LPwbh_JPEG/1nipXXpqgZ7pQO0QNY5jQxbK.jpeg.jpg","https://ldb-phinf.pstatic.net/20210130_136/16120134367961gGAz_JPEG/2TNzr536c_PHIzN9sTLTbgpe.jpeg.jpg","https://ldb-phinf.pstatic.net/20210130_104/1612013654128HkERB_JPEG/Nt8ut-4Bqkq-HinCKPRkKSNq.jpeg.jpg","https://ldb-phinf.pstatic.net/20210130_177/1612013847243uDoyv_JPEG/ugJJ6wqy6GswsU6k49v9lK8M.jpeg.jpg","https://ldb-phinf.pstatic.net/20210130_41/1612013444279irHkU_JPEG/TuBCNKLyaBej3VeKJN4USQLE.jpeg.jpg","파주카페","파주전통카페","파주개성주악","디저트카페","선물세트","https://ldb-phinf.pstatic.net/20250903_249/1756907625490cgt6o_PNG/1.png","https://ldb-phinf.pstatic.net/20250903_178/1756907621639JDcNe_PNG/2.png",,,,,,,,"false","","https://ldb-phinf.pstatic.net/20230528_146/1685257474323aPrIb_JPEG/KakaoTalk_20230528_134017496_01.jpg","https://ldb-phinf.pstatic.net/20230528_179/1685257436306kWLW8_JPEG/KakaoTalk_20230528_160317363.jpg",,,,"0","쌍화차","9000","true","false","","https://ldb-phinf.pstatic.net/20230528_34/1685248903538i8Y0r_JPEG/KakaoTalk_20230528_134017496.jpg","https://ldb-phinf.pstatic.net/20210131_152/1612051218843cXPF9_JPEG/5iUxDxkUrnOSjajNZjOPEU3I.jpeg.jpg",,,,"5","해당화단팥죽","8000","true","false","매일 국내산 팥으로 직접 만드는 기본에 충실한 팥빙수~!
흑임자빙수 + 2,000원","https://ldb-phinf.pstatic.net/20210131_125/1612051187012ufJvu_JPEG/hJHSr60yL6qVDZYQ7ltO6yQe.jpeg.jpg",,,,,"6","해당화빙수(흑임자빙수)","8000","true","true","오란다 1500원
까불이 2000원","https://ldb-phinf.pstatic.net/20260404_133/17752715431506lIJI_JPEG/%B5%FE%B1%E2%B2%BF%BA%CE%B8%AE.JPEG","https://ldb-phinf.pstatic.net/20260404_37/17752715432060lbUd_JPEG/%C8%E6%C0%D3%C0%DA%B2%BF%BA%CE%B8%AE.JPEG","https://ldb-phinf.pstatic.net/20260404_125/1775271543159BlIHb_JPEG/%B0%A8%C5%C2%B2%BF%BA%CE%B8%AE.JPEG","https://ldb-phinf.pstatic.net/20260404_294/1775271543166fy12u_JPEG/%B0%A8%C5%C2%BF%C0%B6%F5%B4%D9.JPEG","https://ldb-phinf.pstatic.net/20260404_295/1775271543246P2faI_JPEG/%C7%C3%B7%A1%C0%CE%BF%C0%B6%F5%B4%D9.JPEG","12","해당화오란다","","true","true","100g 9,000원, 150g 14,000원, 3구(100gX3) 27,000원 포장추가","https://ldb-phinf.pstatic.net/20231123_258/1700716647677HpsKa_JPEG/KakaoTalk_20231121_213714691.jpg","https://ldb-phinf.pstatic.net/20231123_42/1700716484593tor1H_JPEG/KakaoTalk_20231121_211319421.jpg",,,,"13","해당화선물세트(호두강정)","","true","false","","https://ldb-phinf.pstatic.net/20230528_235/168525763883996PsR_JPEG/KakaoTalk_20230528_160643364.jpg",,,,,"1","대추차","9000","false","true","아메리카노
카페라떼
바닐라라떼
카라멜라떼
카라멜마끼야또","https://ldb-phinf.pstatic.net/20230528_219/16852481761052TngV_JPEG/KakaoTalk_20230528_132854223.jpg",,,,,"2","에스프레소(4,000원 부터~)","","false","false","","https://ldb-phinf.pstatic.net/20231128_62/1701166524142jqgEl_JPEG/KakaoTalk_20231128_190815017_02.jpg",,,,,"3","대추라떼","9000","false","false","","https://ldb-phinf.pstatic.net/20210131_288/1612050248250V3uBh_JPEG/mUZq6rwwhqhmjNroXkCd1l-A.jpeg.jpg",,,,,"4","흑임자라떼","8000","false","true","1호 35,000원 ~ 3호 55,000원
2단 110,000원
미니 8,000원","https://ldb-phinf.pstatic.net/20230528_157/1685248761901a4HlJ_JPEG/KakaoTalk_20230528_133827888_01.jpg","https://ldb-phinf.pstatic.net/20230528_178/16852487577080psc8_JPEG/KakaoTalk_20230528_133827888_03.jpg","https://ldb-phinf.pstatic.net/20230528_267/1685248752737I970P_JPEG/KakaoTalk_20230528_133827888.jpg","https://ldb-phinf.pstatic.net/20230528_164/1685248733583o9RKa_JPEG/KakaoTalk_20230528_133827888_02.jpg",,"7","해당화 떡케잌","","false","false","포장용 1만 원 판매","https://ldb-phinf.pstatic.net/20210131_201/16120504514743jyGp_JPEG/onqkt39KkNDy4Bb3JffKmCCT.jpeg.jpg","https://ldb-phinf.pstatic.net/20210131_207/1612050442823jQh4w_JPEG/iK2yCz6_54ONb7FWYS0rX_SA.jpeg.jpg",,,,"8","식혜(전통&단호박)","6000","false","false","100g
150g","https://ldb-phinf.pstatic.net/20230528_95/1685257608503Rnh4s_JPEG/KakaoTalk_20230528_160317363_04.jpg","https://ldb-phinf.pstatic.net/20230528_103/1685257608535OncPw_JPEG/KakaoTalk_20230528_160317363_06.jpg","https://ldb-phinf.pstatic.net/20230528_93/1685257608582MTkoU_JPEG/KakaoTalk_20230528_160317363_07.jpg","https://ldb-phinf.pstatic.net/20210131_64/1612052044840Ybe3a_JPEG/k4wLi9ujJNanw53wxKyzV4--.jpeg.jpg","https://ldb-phinf.pstatic.net/20210131_196/1612052067609M240S_JPEG/RTJPUSvaSFUeDO6SfXH6UO17.jpeg.jpg","9","호두강정","11000","false","false","겉바속촉의 정석! 즙청의 달콤함과 찹쌀의 쫀득함이 어우러진 수제 개성주악입니다.","https://ldb-phinf.pstatic.net/20230528_143/1685261987741zzF81_JPEG/KakaoTalk_20230528_171912448_02.jpg","https://ldb-phinf.pstatic.net/20230528_176/1685261984560RjRld_JPEG/KakaoTalk_20230528_171912448_01.jpg","https://ldb-phinf.pstatic.net/20230528_297/1685261981706I28Bg_JPEG/KakaoTalk_20230528_171912448.jpg",,,"10","개성주악x3EA","7500","false","true","페이스트리처럼 결이 살아있는 바삭함! 은은한 생강 향과 조청의 깊은 달콤함을 담았습니다.","https://ldb-phinf.pstatic.net/20210131_100/1612051953989ABUEE_JPEG/oXwZ2BhlFEm6y2uMQ73Re_DV.jpeg.jpg","https://ldb-phinf.pstatic.net/20210131_15/16120522466395cd1Q_JPEG/4WOdB6UIXiJJBEBq9qTAkxnf.jpeg.jpg",,,,"11","해당화약과","","false","true","다양한 가격의 케익과 선물세트(답례품 등) 주문 받고 있습니다. 사전 예약 필수입니다 ^^","https://ldb-phinf.pstatic.net/20210131_200/1612049696581YlwAX_JPEG/mA1X-_dJuG-kdhOlU4vRigtk.jpeg.jpg","https://ldb-phinf.pstatic.net/20210131_252/1612049710007nr4Kp_JPEG/nwWeu890DFgful3ygEz0AtpS.jpeg.jpg","https://ldb-phinf.pstatic.net/20210131_10/1612049725816tznaR_JPEG/qPLOGGR7qj_G-cxXw3bt4dli.jpeg.jpg","https://ldb-phinf.pstatic.net/20210131_294/1612049750684lKNzb_JPEG/PI6c4lhl0Vb0dCy1YX5KW_G8.jpeg.jpg","https://ldb-phinf.pstatic.net/20210131_190/1612049772440gwMmj_JPEG/eZ-zH8KTd9rJP3cxQTMwYfZe.jpeg.jpg","14","해당화 선물세트(전통떡)","","false","true","약과, 도라지정과, 곳감호두말이 등으로 구성된 디저트세트 입니다.","https://ldb-phinf.pstatic.net/20230528_277/1685246169970C9qts_JPEG/KakaoTalk_20230528_125505156.jpg",,,,,"15","해당화 선물세트(전통한과)","","false","false","","https://ldb-phinf.pstatic.net/20230528_212/1685257378762Lv6QO_JPEG/KakaoTalk_20230528_160218057.jpg",,,,,"16","새싹인삼라떼","8000","false","false","","https://ldb-phinf.pstatic.net/20230528_107/1685257678904L6eyO_JPEG/KakaoTalk_20230528_160317363_01.jpg","https://ldb-phinf.pstatic.net/20210131_125/1612050716054Cr7L4_JPEG/rz7mAoCDXvM7-Z-FuPnJFuSL.jpeg.jpg",,,,"17","생강유자차","7000","false","false","","https://ldb-phinf.pstatic.net/20230528_274/1685257534216zRgoF_JPEG/KakaoTalk_20230528_160317363_02.jpg","https://ldb-phinf.pstatic.net/20230528_298/1685257534242NEaHj_JPEG/KakaoTalk_20230528_160317363_03.jpg",,,,"18","복분자에이드","8000","false",,,,,,,,,,,,,,,,,,,,,,,,,,,,,,,,,,,,,,,,,,,,,,,,,,,,,,,,,,,,,,,,,,,,,,,,,,,,,,,,,,,,,,,,,,,,,,,,,,,,,,,,,,,,,,,,,,,,,,,,,,,,,,,,,,,,,,,,,,,,,,,,,,,,,,,,,,,,,,,,,,,,,,"해당화","InformationParking",,"InformationBasicParking",,"true",,,,,"1612297990","19","커피","16","팥빙수","15","식혜","13","빙수","12","쌍화차","11","대추차","10","라떼","10","흑임자","8","전통차","7","약과","6","아메리카노","5","흑임자라떼","4","강정","4","꽃차","4","단팥죽","3","복분자","3","한과","3","흑임자빙수","2","에이드","2","우유","2","유자차","2","인절미","2","호박식혜","1","수정과","1","안심","1","우유빙수","1","자몽차","1","쭈꾸미","1","차","1","카페라떼","1","쿠키","1","팥죽",,,,,,,,,,,,,,,,,,,,,,,,,,,,,,,,,,,,,,,,,,,,,,,,,,,,,,,,,,,,,,,,,,,,,,,,,,,,,,,,,,,,,,,,,,,,,,,,,,,,,,,,,,,,,,,,,,,,,,,,,,,,,,,,,,,,,,,"85","4.44","133","381","taste","118","맛","total","88","만족도","service","29","서비스","mood","18","분위기","purpose","13","목적","price","4","가격","menu","3","메뉴","parking","1","주차",,,,,,,,,,,,,,,,,,,,,,,,,"경기 파주시 지목로 65 카페 해당화",,,,,,,,,,,,,,"4.44","381","126.6983937","37.7264018"
"서울 송파구 신천동 29","0","카페,디저트","220563","220036","220052","220563",,,,,,"단체 이용 가능","포장","남/녀 화장실 구분","대기공간","간편결제","주차",,"고호재는 '옛 것을 좋아하는 이들의 집' 이라는 뜻으로
도심 속에서 즐길 수 있는 한국의 집 전통 디저트 궁중 다과 카페입니다","단체 이용 가능","포장","남/녀 화장실 구분","대기공간","화장실 휠체어 이용가능","출입구 휠체어 이용가능","좌석 휠체어 이용가능","장애인 주차구역","https://ldb-phinf.pstatic.net/20251006_69/1759715959595gIWpv_JPEG/photo_2025-10-06_10-59-03.jpg","https://ldb-phinf.pstatic.net/20240214_65/1707872082735wtVwQ_JPEG/1707360914311.jpg",,,,,,,,,"커피","전통다과","한상차림","팥빙수","전통차","https://ldb-phinf.pstatic.net/20250908_100/1757305435364s7GUX_PNG/%B0%ED%C8%A3%C0%E7_%B8%DE%B4%A9%C6%C7.png",,,,,,,,,"false","","https://ldb-phinf.pstatic.net/20251006_11/1759716128406lRXBw_JPEG/%BE%C6%C6%F7%C4%AB%C5%E4.jpg",,,,,"0","아포카토","7000","false","false","","https://ldb-phinf.pstatic.net/20241101_182/1730469127929StLw2_JPEG/%B2%C9%C2%F7%BC%BC%C6%AE.jpg",,,,,"1","꽃차세트","12000","false","false","","https://ldb-phinf.pstatic.net/20241101_242/1730469097216Aifva_JPEG/%B0%E8%C0%FD%B2%C9%C2%F7.jpg",,,,,"2","계절꽃차","8000","false","false","","https://ldb-phinf.pstatic.net/20241101_184/17304689401306QBzd_JPEG/%B8%C5%BD%C7%BF%A1%C0%CC%B5%E5.jpg",,,,,"3","매실에이드","7000","false","false","","https://ldb-phinf.pstatic.net/20241101_194/17304689187711bVDI_JPEG/%B8%C5%BD%C7%C2%F7.jpg",,,,,"4","매실차","6000","false","false","","https://ldb-phinf.pstatic.net/20241101_253/17304688857705kFS9_JPEG/%BE%E0%B0%FA%BE%C6%C0%CC%BD%BA%C5%A9%B8%B2.jpg",,,,,"5","약과크럼블아이스크림","7000","false","false","","https://ldb-phinf.pstatic.net/20241101_218/1730468865218eiR8v_JPEG/%B5%FE%B1%E2%BC%B3%B1%E2.jpg",,,,,"6","딸기설기","4000","false","false","","https://ldb-phinf.pstatic.net/20250908_109/1757305049564SbjST_JPEG/%C0%DB%C0%BA%B4%DC%C1%F6%BB%F3.jpg",,,,,"7","작은단지상(1인)","12000","false","false","","https://ldb-phinf.pstatic.net/20241101_157/1730468801423NUYnO_JPEG/%B8%C5%C8%AD%BC%BC%C6%AE%282%C0%CE%B4%D9%B0%FA%BB%F3%29.jpg",,,,,"8","매화세트(2인다과상)","15000","false","false","","https://ldb-phinf.pstatic.net/20241101_247/1730468683796vuCCX_JPEG/%B6%B1%BF%CD%C7%C3%B1%B8%C0%CC.jpg",,,,,"9","떡와플구이세트(음료선택)","14000","false","false","","https://ldb-phinf.pstatic.net/20241101_97/1730468630573tMveO_JPEG/%B6%B1%BF%CD%C7%C3%B1%B8%C0%CC%BC%BC%C6%AE.jpg",,,,,"10","떡와플구이","11000","false","false","","https://ldb-phinf.pstatic.net/20241101_158/1730468605054gIvan_JPEG/%C0%CE%C0%FD%B9%CC%C5%A9%B7%CE%C7%C3.jpg",,,,,"11","인절미크로플","12000","false","false","","https://ldb-phinf.pstatic.net/20240330_57/1711799914212EK1Es_JPEG/20231023_154132.jpg",,,,,"12","오미자에이드","7000","false","false","","https://ldb-phinf.pstatic.net/20240330_176/1711799682853W8ujD_JPEG/1711269425540.jpg",,,,,"13","개성주악","3700","false","false","","https://ldb-phinf.pstatic.net/20240214_209/1707862572090FRrgp_JPEG/1700817022114.jpg",,,,,"14","흑임자크로플","12000","false","false","","https://ldb-phinf.pstatic.net/20240214_300/170786253223316bXq_JPEG/20231124_175837.jpg",,,,,"15","오리지널 크로플","10000","false","false","",,,,,,"16","카라멜마끼아또","6500","false","false","","https://ldb-phinf.pstatic.net/20240208_177/17074010807154Vwwm_JPEG/%B4%EB%C3%DF%C2%F7.jpg",,,,,"17","대추차","6500","false","false","","https://ldb-phinf.pstatic.net/20240208_269/17074010509911GoGx_JPEG/%BB%FD%B0%AD%B6%F3%B6%BC.jpg",,,,,"18","생강라떼","6500","false","false","","https://ldb-phinf.pstatic.net/20240208_291/1707401033618WVBC5_JPEG/%C3%CA%C4%DA%B6%F3%B6%BC.jpg",,,,,"19","초코라떼","6000","false","false","","https://ldb-phinf.pstatic.net/20240208_221/1707400951130I9f9f_JPEG/%B8%BB%C2%F7%B6%F3%C5%D7.jpg",,,,,"20","말차라떼","6000","false","false","","https://ldb-phinf.pstatic.net/20240208_70/1707400925001rx5Ll_JPEG/%C8%E6%C0%D3%C0%DA%B6%F3%C5%D7.jpg",,,,,"21","흑임자라떼","6000","false","false","","https://ldb-phinf.pstatic.net/20240208_100/1707400885029s1EAX_JPEG/%BE%C6%C0%CC%BD%BA%BE%C6%B8%DE%B8%AE%C4%AB%B3%EB.jpg",,,,,"22","아메리카노","5500","false","false","","https://ldb-phinf.pstatic.net/20240208_82/1707342801437BIDTp_JPEG/%C0%CE%C0%FD%B9%CC%C5%A9%B7%CE%C7%C3.jpg",,,,,"23","인절미크로플","12000","false","false","","https://ldb-phinf.pstatic.net/20240208_150/1707342611921jwTvU_JPEG/photo_2024-02-08_06-49-54.jpg",,,,,"24","옛날팥빙수","14000","false","false","","https://ldb-phinf.pstatic.net/20240208_69/1707342382767tszh1_JPEG/%BE%D6%C7%C1%C5%CD%B4%AB%C6%BC.jpg",,,,,"25","고호재 애프터눈티","20000","false",,,,,,,,,,,,,,,,,,,,,,,,,,,,,,,,,,,,,,,,,,,,,,,,,,,,,,,,,,,,,,,,,,,,,,,,,,,,,,,,,,,,,,,,,"고호재 롯데월드몰점","InformationParking",,"InformationBasicParking","추가 요금 60분당 1,800원, 최대 18,000원","false","최초 60분 1,800원",,,,"1337912808","28","커피","18","팥빙수","13","빙수","10","전통차","9","라떼","9","크로플","7","오미자차","6","식혜","6","인절미","5","아이스크림","5","에이드","4","대추차","4","아메리카노","4","약과","4","흑임자","3","수정과","3","쌍화차","3","옛날팥빙수","3","와플","3","우유","2","곡물라떼","2","국화차","2","망고빙수","2","쌍화탕","2","아포가토","2","우유빙수","2","튀김","2","흑임자라떼","1","감자튀김","1","꽃차","1","다식","1","도넛","1","말차라떼","1","바닐라아이스크림","1","복분자","1","쑥라떼","1","오미자에이드","1","자몽에이드","1","찹쌀도너츠","1","흑임자떡",,,,,,,,,,,,,,,,,,,,,,,,,,,,,,,,,,,,,,,,,,,,,,,,,,,,,,,,,,,,,,,,,,,,,,,,,,,,,,,,,,,,,,,,,,,,,,,,,,,,,,,,,,,,,,,,,,,,,,,"0","0","144","358","taste","91","맛","total","70","만족도","mood","9","분위기","service","8","서비스","amount","6","음식량","price","4","가격","menu","3","메뉴","purpose","2","목적","waitingtime","2","대기시간","cleanliness","1","청결도",,,,,,,,,,,,,,,,,,,"서울 송파구 올림픽로 300 5층",,,"2","잠실역 2호선",,,,,,,,,"0507-1334-4561","0","358","127.1043843","37.5135245"
