Name,name_ch,Category,catogory_ch,BusinessStatus,OverallRating,ReviewCount,Address,NearbyTransportation,BusinessHours,Contact,Website,Amenities,TVAppearance,MenuItems/0/images/0,MenuItems/0/images/1,MenuItems/0/images/2,MenuItems/0/images/3,MenuItems/0/images/4,MenuItems/0/name,MenuItems/0/price,MenuItems/1/images/0,MenuItems/1/images/1,MenuItems/1/images/2,MenuItems/1/images/3,MenuItems/1/images/4,MenuItems/1/name,MenuItems/1/price,MenuItems/2/images/0,MenuItems/2/images/1,MenuItems/2/images/2,MenuItems/2/images/3,MenuItems/2/images/4,MenuItems/2/name,MenuItems/2/price,MenuItems/3/images/0,MenuItems/3/images/1,MenuItems/3/images/2,MenuItems/3/images/3,MenuItems/3/images/4,MenuItems/3/name,MenuItems/3/price,MenuItems/4/images/0,MenuItems/4/images/1,MenuItems/4/images/2,MenuItems/4/images/3,MenuItems/4/images/4,MenuItems/4/name,MenuItems/4/price,MenuItems/5/images/0,MenuItems/5/images/1,MenuItems/5/images/2,MenuItems/5/images/3,MenuItems/5/images/4,MenuItems/5/name,MenuItems/5/price,MenuItems/6/images/0,MenuItems/6/images/1,MenuItems/6/images/2,MenuItems/6/images/3,MenuItems/6/images/4,MenuItems/6/name,MenuItems/6/price,MenuItems/7/images/0,MenuItems/7/images/1,MenuItems/7/images/2,MenuItems/7/images/3,MenuItems/7/images/4,MenuItems/7/name,MenuItems/7/price,MenuItems/8/images/0,MenuItems/8/images/1,MenuItems/8/images/2,MenuItems/8/images/3,MenuItems/8/images/4,MenuItems/8/name,MenuItems/8/price,MenuItems/9/images/0,MenuItems/9/images/1,MenuItems/9/images/2,MenuItems/9/images/3,MenuItems/9/images/4,MenuItems/9/name,MenuItems/9/price,MenuItems/10/images/0,MenuItems/10/images/1,MenuItems/10/images/2,MenuItems/10/images/3,MenuItems/10/images/4,MenuItems/10/name,MenuItems/10/price,MenuItems/11/images/0,MenuItems/11/images/1,MenuItems/11/images/2,MenuItems/11/images/3,MenuItems/11/images/4,MenuItems/11/name,MenuItems/11/price,MenuItems/12/images/0,MenuItems/12/images/1,MenuItems/12/images/2,MenuItems/12/images/3,MenuItems/12/images/4,MenuItems/12/name,MenuItems/12/price,MenuItems/13/images/0,MenuItems/13/images/1,MenuItems/13/images/2,MenuItems/13/images/3,MenuItems/13/images/4,MenuItems/13/name,MenuItems/13/price,MenuItems/14/images/0,MenuItems/14/images/1,MenuItems/14/images/2,MenuItems/14/images/3,MenuItems/14/images/4,MenuItems/14/name,MenuItems/14/price,MenuItems/15/images/0,MenuItems/15/images/1,MenuItems/15/images/2,MenuItems/15/images/3,MenuItems/15/images/4,MenuItems/15/name,MenuItems/15/price,MenuItems/16/images/0,MenuItems/16/images/1,MenuItems/16/images/2,MenuItems/16/images/3,MenuItems/16/images/4,MenuItems/16/name,MenuItems/16/price,MenuItems/17/images/0,MenuItems/17/images/1,MenuItems/17/images/2,MenuItems/17/images/3,MenuItems/17/images/4,MenuItems/17/name,MenuItems/17/price,MenuItems/18/images/0,MenuItems/18/images/1,MenuItems/18/images/2,MenuItems/18/images/3,MenuItems/18/images/4,MenuItems/18/name,MenuItems/18/price,MenuItems/19/images/0,MenuItems/19/images/1,MenuItems/19/images/2,MenuItems/19/images/3,MenuItems/19/images/4,MenuItems/19/name,MenuItems/19/price,MenuItems/20/images/0,MenuItems/20/images/1,MenuItems/20/images/2,MenuItems/20/images/3,MenuItems/20/images/4,MenuItems/20/name,MenuItems/20/price,MenuItems/21/images/0,MenuItems/21/images/1,MenuItems/21/images/2,MenuItems/21/images/3,MenuItems/21/images/4,MenuItems/21/name,MenuItems/21/price,MenuItems/22/images/0,MenuItems/22/images/1,MenuItems/22/images/2,MenuItems/22/images/3,MenuItems/22/images/4,MenuItems/22/name,MenuItems/22/price,MenuItems/23/images/0,MenuItems/23/images/1,MenuItems/23/images/2,MenuItems/23/images/3,MenuItems/23/images/4,MenuItems/23/name,MenuItems/23/price,MenuItems/24/images/0,MenuItems/24/images/1,MenuItems/24/images/2,MenuItems/24/images/3,MenuItems/24/images/4,MenuItems/24/name,MenuItems/24/price,MenuItems/25/images/0,MenuItems/25/images/1,MenuItems/25/images/2,MenuItems/25/images/3,MenuItems/25/images/4,MenuItems/25/name,MenuItems/25/price,MenuItems/26/images/0,MenuItems/26/images/1,MenuItems/26/images/2,MenuItems/26/images/3,MenuItems/26/images/4,MenuItems/26/name,MenuItems/26/price,MenuItems/27/images/0,MenuItems/27/images/1,MenuItems/27/images/2,MenuItems/27/images/3,MenuItems/27/images/4,MenuItems/27/name,MenuItems/27/price,MenuItems/28/images/0,MenuItems/28/images/1,MenuItems/28/images/2,MenuItems/28/images/3,MenuItems/28/images/4,MenuItems/28/name,MenuItems/28/price,MenuItems/29/images/0,MenuItems/29/images/1,MenuItems/29/images/2,MenuItems/29/images/3,MenuItems/29/images/4,MenuItems/29/name,MenuItems/29/price,MenuItems/30/images/0,MenuItems/30/images/1,MenuItems/30/images/2,MenuItems/30/images/3,MenuItems/30/images/4,MenuItems/30/name,MenuItems/30/price,MenuItems/31/images/0,MenuItems/31/images/1,MenuItems/31/images/2,MenuItems/31/images/3,MenuItems/31/images/4,MenuItems/31/name,MenuItems/31/price,MenuItems/32/images/0,MenuItems/32/images/1,MenuItems/32/images/2,MenuItems/32/images/3,MenuItems/32/images/4,MenuItems/32/name,MenuItems/32/price,MenuItems/33/images/0,MenuItems/33/images/1,MenuItems/33/images/2,MenuItems/33/images/3,MenuItems/33/images/4,MenuItems/33/name,MenuItems/33/price,MenuItems/34/images/0,MenuItems/34/images/1,MenuItems/34/images/2,MenuItems/34/images/3,MenuItems/34/images/4,MenuItems/34/name,MenuItems/34/price,MenuItems/35/images/0,MenuItems/35/images/1,MenuItems/35/images/2,MenuItems/35/images/3,MenuItems/35/images/4,MenuItems/35/name,MenuItems/35/price,MenuItems/36/images/0,MenuItems/36/images/1,MenuItems/36/images/2,MenuItems/36/images/3,MenuItems/36/images/4,MenuItems/36/name,MenuItems/36/price,MenuItems/37/images/0,MenuItems/37/images/1,MenuItems/37/images/2,MenuItems/37/images/3,MenuItems/37/images/4,MenuItems/37/name,MenuItems/37/price,MenuItems/38/images/0,MenuItems/38/images/1,MenuItems/38/images/2,MenuItems/38/images/3,MenuItems/38/images/4,MenuItems/38/name,MenuItems/38/price,MenuItems/39/images/0,MenuItems/39/images/1,MenuItems/39/images/2,MenuItems/39/images/3,MenuItems/39/images/4,MenuItems/39/name,MenuItems/39/price,MenuItems/40/images/0,MenuItems/40/images/1,MenuItems/40/images/2,MenuItems/40/images/3,MenuItems/40/images/4,MenuItems/40/name,MenuItems/40/price,MenuItems/41/images/0,MenuItems/41/images/1,MenuItems/41/images/2,MenuItems/41/images/3,MenuItems/41/images/4,MenuItems/41/name,MenuItems/41/price,MenuItems/42/images/0,MenuItems/42/images/1,MenuItems/42/images/2,MenuItems/42/images/3,MenuItems/42/images/4,MenuItems/42/name,MenuItems/42/price,MenuItems/43/images/0,MenuItems/43/images/1,MenuItems/43/images/2,MenuItems/43/images/3,MenuItems/43/images/4,MenuItems/43/name,MenuItems/43/price,MenuItems/44/images/0,MenuItems/44/images/1,MenuItems/44/images/2,MenuItems/44/images/3,MenuItems/44/images/4,MenuItems/44/name,MenuItems/44/price,MenuItems/45/images/0,MenuItems/45/images/1,MenuItems/45/images/2,MenuItems/45/images/3,MenuItems/45/images/4,MenuItems/45/name,MenuItems/45/price,MenuItems/46/images/0,MenuItems/46/images/1,MenuItems/46/images/2,MenuItems/46/images/3,MenuItems/46/images/4,MenuItems/46/name,MenuItems/46/price,MenuItems/47/images/0,MenuItems/47/images/1,MenuItems/47/images/2,MenuItems/47/images/3,MenuItems/47/images/4,MenuItems/47/name,MenuItems/47/price,Reviews/0/Author,Reviews/0/Content,Reviews/0/Date,Reviews/0/Name,Reviews/0/ReviewTitle,Reviews/1/Author,Reviews/1/Content,Reviews/1/Date,Reviews/1/Name,Reviews/1/ReviewTitle,Reviews/2/Author,Reviews/2/Content,Reviews/2/Date,Reviews/2/Name,Reviews/2/ReviewTitle,Description,SearchKeyword
한과와락,漢格瓦拉克,"카페,디저트",咖啡館，甜點,영업 중,5686,1497,서울 강남구 봉은사로4길 31-5,신논현역 6번 출구에서 244m,영업 중 21:30에 영업 종료,0507-1443-6204,https://www.instagram.com/hgwr_official,"남/녀 화장실 구분,포장,무선 인터넷,간편결제",,https://ldb-phinf.pstatic.net/20250101_266/1735688436227TfQ2K_JPEG/1703306772079.jpg,https://ldb-phinf.pstatic.net/20231216_260/17027006636681Jyzl_JPEG/1702698878106.jpg,,,,개성주악,2500~3300,https://ldb-phinf.pstatic.net/20231214_71/1702545833380OYdTW_JPEG/%C1%F8%C2%A5%BE%E0%B0%FA.jpg,https://ldb-phinf.pstatic.net/20230818_13/1692360788340N8WA1_JPEG/KakaoTalk_20230818_211158727_01.jpg,,,,개성약과,2500,https://ldb-phinf.pstatic.net/20240307_287/1709799084836ld0xj_JPEG/1000007827.jpg,https://ldb-phinf.pstatic.net/20240307_4/1709799074659WnqAL_JPEG/1000007881.jpg,,,,와락크림라떼,7000,https://ldb-phinf.pstatic.net/20260311_192/1773201141470Hamxt_PNG/15179.png,,,,,금귤정과,3700,https://ldb-phinf.pstatic.net/20260311_51/1773201268015CPjUU_JPEG/15083.jpg,https://ldb-phinf.pstatic.net/20251005_281/1759639929587d1GBU_JPEG/%C7%C1%B8%AE%B9%CC%BE%F6%B9%DA%BD%BA.jpg,https://ldb-phinf.pstatic.net/20250418_5/1744949502126KuUif_JPEG/6%B1%B8%B9%DA%BD%BA.jpg,,,선물세트,18000~75000,https://ldb-phinf.pstatic.net/20260216_134/17712091169176zNT2_PNG/14953.png,https://ldb-phinf.pstatic.net/20241130_192/1732940058622FHgbQ_JPEG/1000011108.jpg,,,,딸기떡케이크(겨울시즌),9000~9800,https://ldb-phinf.pstatic.net/20260109_126/1767931569389Kq4um_JPEG/14830.jpg,,,,,두쫀떡(K-두쫀쿠),5800,https://ldb-phinf.pstatic.net/20250316_218/1742119621926sCXWR_JPEG/1000012046.jpg,,,,,소반상,12000,https://ldb-phinf.pstatic.net/20241113_164/17314752207801LaT5_JPEG/%C2%F7.jpg,,,,,꽃잎차TEA),7500,https://ldb-phinf.pstatic.net/20240709_254/1720515852059FglBY_JPEG/KakaoTalk_20240709_180341604.jpg,https://ldb-phinf.pstatic.net/20240709_187/1720515852013vsFa9_JPEG/KakaoTalk_20240709_180341604_01.jpg,,,,오디석류아이스티(with 다즐링차),7500,https://ldb-phinf.pstatic.net/20240307_295/1709799722941URPXw_JPEG/1000007929.jpg,https://ldb-phinf.pstatic.net/20240307_292/1709799201959sDk6U_JPEG/1000007913.jpg,https://ldb-phinf.pstatic.net/20240216_83/1708058413342R9xom_JPEG/KakaoTalk_20240216_133715297_03.jpg,https://ldb-phinf.pstatic.net/20240216_287/1708058413333xqYmJ_JPEG/KakaoTalk_20240216_133715297_04.jpg,,꽃베리에이션(에이드),7500,https://ldb-phinf.pstatic.net/20240709_205/1720515253077QrBtv_JPEG/KakaoTalk_20240709_175118284_06.jpg,https://ldb-phinf.pstatic.net/20240709_7/1720515253127Bxy83_JPEG/KakaoTalk_20240709_175118284_07.jpg,,,,사과떡케이크,7500,https://ldb-phinf.pstatic.net/20240709_84/17205153804772hNAX_JPEG/KakaoTalk_20231214_133845365_01.jpg,https://ldb-phinf.pstatic.net/20240709_62/1720515355866GeSpn_JPEG/KakaoTalk_20240709_175118284_03.jpg,,,,롤떡케이크,6900,https://ldb-phinf.pstatic.net/20241222_123/1734837340444ko3NB_JPEG/1000011204.jpg,,,,,상주 곶감 단지&말이&샌드,3000~4500,https://ldb-phinf.pstatic.net/20240315_270/17104828449766cCbJ_JPEG/KakaoTalk_20240315_150517380.jpg,,,,,"아메리카노,라떼,바닐라라떼,디카페인",5000~6000,https://ldb-phinf.pstatic.net/20240315_255/1710481139043GCa9F_JPEG/KakaoTalk_20240315_143603548.jpg,https://ldb-phinf.pstatic.net/20240315_273/1710481139066CsQpJ_JPEG/KakaoTalk_20240315_143603548_01.jpg,,,,만두과,3000,https://ldb-phinf.pstatic.net/20240903_19/17253524131519Wg2y_JPEG/%BA%B9%BA%D0%C0%DA%B9%AB%C8%AD%B0%FA.jpg,,,,,무화과복분자떡케이크(가을시즌),8500,https://ldb-phinf.pstatic.net/20250418_18/17449490725965JWsG_JPEG/%BE%C6%C0%CC%BD%BA%C5%A9%B8%B2.jpg,https://ldb-phinf.pstatic.net/20250418_56/1744949052391sJmV0_JPEG/%BE%C6%C0%CC%BD%BA%C5%A9%B8%B2%B1%D7%B8%B2.jpg,,,,항아리젤라또,9500,https://ldb-phinf.pstatic.net/20251121_171/1763704243605LCfdR_JPEG/14587.jpg,,,,,크리스마스세트,20000,,,,,,,,,,,,,,,,,,,,,,,,,,,,,,,,,,,,,,,,,,,,,,,,,,,,,,,,,,,,,,,,,,,,,,,,,,,,,,,,,,,,,,,,,,,,,,,,,,,,,,,,,,,,,,,,,,,,,,,,,,,,,,,,,,,,,,,,,,,,,,,,,,,,,,,,,,,,,,,,,,,,,,,,,,,,,,,,,,,,,,,,,,,,,,,,,,,,,,,,,,,,gelaB,"먹기가 아까운 예쁜 K-디저트 한과와락 ⌚영업시간 매일 12:00 - 21:30  0507-1443-6204 ️ 주차불가 (유료 세명 주차장)  화장실 남녀구분 와이파이 무료 외부 K-디저트와 고즈넉한 분위기로 유명한 강남전통디저트 한과와락! 강남 한복판에 기와느낌의 주택이 있는 줄은 처음 알았는데 굉장히 유니크하고 예쁘네요. 전통의 가치와 소통하다 라는 슬로건으로 카페를 운영중이신 듯하네유. 내부 강남역카페인데 내부는 궁의 정원같은 느낌이에요. 테이블마다 은은한 조명이 달려있어서 분위기가 참 좋았답니다. 전 약간 흐릿한 날에 방문했는데 그 분위기마저 굉장히 잘어울렸어요. 아늑한 느낌이랄까요? 공간자체에서 주는 분위기가 참 아늑한 것 같아요. 그리고 컨셉에 맞게 소품도 잘 배치해두신 것 같아서 두배로 감정이입(?)이 됐네요. 여봐라~ 수정과를 들이거라~ 창도 많아서 답답한 느낌도 없구요. 2층 바닥이 나무장판이여서 그런지 뭔가 좀 더 집같기도?ㅎㅎ 다도세트를 멋지게 전시도 해놨어요. 연인끼리나 부모님모시고 방문해도 정말 좋을 것 같은 분위기에요. 3층이라 편하게 있을 수 있을 것 같구요. 3층은 좌식과 루프탑 좌석이 있어요. 2,3층은 해가 잘 들어서 날 좋을 때 가서 앉으면 정말 좋은 시간 보낼 수 있을 것 같음,, 매 층마다 담요와 방석, 물 등이 다 구비되어 있어서 귀찮게 1층까지 내려갈 일이 없게 만든게 좋네요 ㅎㅎ 3층까지 있어서 자리를 골라앉는 재미가 있네요ㅎㅎ 메뉴 ☕ 음료 메뉴는 차까지 있어서 참 다양하더군요?! 원래 무조건 아이스아메리카노를 먹는데 한과랑 먹기엔 차가 더 좋을 것 같은거에요! 카페인 함량까지 쓰여있어서 참고하기도 좋네요 에이드류나 시그니처 음료까지 디저트와 조합을 고려해서 만든 것 같아요. 보기만 해도 너무 예쁜 한과와락의 디저트.. 개성주악부터 시작해서 떡케이크와 정과 너무 귀여워서 어떻게 먹쥬..? 선물세트도 절찬리 판매중..! 하나 하나 골라먹는 맛이 있을 정도로 다양하게 구성되어 있네요. 주문한 메뉴 전 다양하게 맛 볼 수 있는 소반 한 상과 율무흑임자라떼 그리고 다홍 차를 시켰어요. 너무 예쁜 다과상이여서 사진을 얼마나 찍었는지ㅋㅋ 왼쪽 상단부터 상주곶감단지와 샌드, 과일정과꼬치, 호두정과, 개성주악, 개성약과 이것 저것 맛보기 참 좋은 구성같아요. 개성주악은 처음 먹어봤는데 달달한 찹쌀도너츠 같더라구요? 근데 조청맛이 은은하게 나는! 개인적으로 쫀득쫀득한 식감 너무 좋아해서 정말 맛있었네요. 개성약과는 페스츄리 사이사이에 수제청이... ",2026.04.11.,gelaB's palette,[서울/강남] 강남역카페에서 즐기는 고즈넉한 공간 한과와락 리뷰,딸기,"개성주악이 먹고 싶다는 친구따라 #강남카페 #한과와락 에 다녀왔다 (신논현역에서 더 가깝다) 위치 신논현역 9호선, 신분당선 6번 출구에서 도보 5분, 강남역 2호선 11번 출구에서는 도보 8분 정도의 거리 환과 와락은 #전통디저트 (한과, 약과 등)을 현대적으로 재해석한 디저트 카페다 ⏰운영시간 영업시간은 매일 12시 ~ 21시 30분 주차공간 주차공간은 따로 없어서 근처에 주차 후 방문해야 한다 ✨외관, 분위기 총 3층으로 이루어져 있고 전체적으로 분위기가 아늑하고 좌석도 편안했다 테이블 간 간격도 여유 있어서 데이트 코스로도 괜찮은 #감성카페 느낌!  메뉴 + 가격 대표 메뉴는 3주마다 바뀌는 #개성주악, #개성약과, #와락크림라떼 이다 우리는 기본 개성주악 (2,500원), 금귤정과 (3,700원), 사과떡케이크 (7,500원), 같이 마실 와락크림라떼 (7,000원)를 주문했다 친구가 차도 시켰는데 다홍인지 온기였는지 기억은 안나는데 생각보다 밍밍했다고 했다 이것저것 시켰더니 트레이가 한가득이다ㅋㅋ 개성주악은 정말 오랜만에 먹어봤는데 쫀득쫀득한 식감이 너무 좋았다 그리고 같이 달짝지근한 주성개악을 금귤이랑 같이 먹으니 정말 맛도리였다 #사과떡케이크 는 쫀득한 떡을 베이스로 달달한 수제 사과잼과 부드러운 사과크림이 층층이 들어가 있고 위에 토핑으로 올라간 바삭한 쌀 크럼블까지 더해져 식감까지 조화로웠다 전통 디저트를 이렇게 부담없이 즐길 수 있다는 점이 만족스러웠다 다른 시즌 메뉴들도 맛있어 보이는게 많아서 다음에는 개성약과, 롤떡케이크, 상주 곶감을 활용한 디저트도 먹어보고 싶다 ✔️ 재방문의사 : 100% ✔️ 한줄평 : 전통 디저트를 트렌디하게 즐길 수 있는 강남 #한과카페 #신논현카페 #강남디저트 #강남카페추천 #한과와락강남 #디저트맛집 #내돈내산 #솔직후기",2026.04.12.,주접 떠는 덕질 블로그 ♡LEVI ACKERMAN♡,"[서울/강남] 전통 디저트 카페 &quot;한과와락&quot; | 개성주악, 금귤정과 내돈내산 후기",,,,,,"안녕하세요
'한과와락'은 K 디저트를 사랑하는 청년들이 모여서 만든 강남역카페 입니다

전통 방식과 현대의 기술을 접하여 만드는 이색 디저트 맛집으로
사랑을 받고 있습니다
매일 새벽에 직접 제작을 하며
당일생산 당일폐기를 원칙으로 합니다

강남에서 베이커리가 아닌 다양한 색다름이 필요하시다면,
한국의 예쁜 분위기가 있는 강남카페를 찾으시면, 감성있는 카페를 찾으신다면,
데이트 또는 소개팅 하기 좋은 조용한 강남역디저트카페를 원하시면,
부모님과 오랜만에 데이트를 하신다면
커피도 맛있는 곳, 블랜딩을 한 차를 즐길 수 있는 곳
오늘은 대형카페가 아닌 작은 일상같은 카페, 강남역과 신논현역 사이에 위치한
 '한과와락'을 추천합니다

1,2층은 고즈넉한 분위기의 인테리어이며,
3층은 좌식으로 따뜻하고 조용한분위기입니다.

주기적인 연구로 신상 디저트와 음료가 나오고 있습니다. 이색디저트카페로 어떠신가요?

역삼동카페를 찾으신다면 개성주악과 페스츄리 약과가 있고, 선물 및 답례품으로 좋은 강남역 디저트맛집 한과와락이 있습니다.

영업시간은 오전 11시30분부터 오후 10시 까지 입니다.

주차공간이 따로 준비되어있지 않은 점 양해부탁드립니다
가장 가까운 주차장은 세명 유료주자창이 있습니다.",한과와락 강남구
온당디저트,翁當甜點,케이크전문,蛋糕特色,영업 중,1,33,서울 강남구 역삼로64길 18 1층 101호,선릉역 1번 출구에서 695m,영업 중 17:00에 라스트오더,0507-1403-3263,,"예약,포장,주차",,https://ldb-phinf.pstatic.net/20260405_102/1775347645630vQpLW_JPEG/KakaoTalk_20260405_090229236_01.jpg,,,,,떡케이크3호,75000,https://ldb-phinf.pstatic.net/20260405_71/1775347596639npre2_JPEG/222.jpg,,,,,떡케이크2호,68000,https://ldb-phinf.pstatic.net/20260405_182/1775347439696UzhB0_JPEG/KakaoTalk_20260405_090229236.jpg,,,,,떡케이크 1호,55000,https://ldb-phinf.pstatic.net/20260405_133/17753468826252hOUX_JPEG/IMG_0010_-_%BA%B9%BB%E7%BA%BB.JPG,,,,,쌀생크림케이크 1호,44000,https://ldb-phinf.pstatic.net/20260405_66/1775346961900ReBoP_JPEG/IMG_0153.JPG,,,,,바람떡 (5구),16000,https://ldb-phinf.pstatic.net/20260405_209/1775347042984q1jKQ_JPEG/IMG_0138.JPG,,,,,개성주악(오리지널) 1개,2300,https://ldb-phinf.pstatic.net/20260405_4/1775346793788tfT4A_JPEG/IMG_0066.JPG,,,,,초코인절미 (4알),3300,https://ldb-phinf.pstatic.net/20260405_250/1775346819486RhTex_JPEG/IMG_0091.JPG,,,,,땅콩인절미 (4알),3300,https://ldb-phinf.pstatic.net/20260405_261/1775346853635vT09M_JPEG/IMG_0102.JPG,,,,,단호박인절미 (4알),3300,https://ldb-phinf.pstatic.net/20260405_12/17753467199229wcbn_JPEG/IMG_0076.JPG,,,,,흑임자인절미(4알),3300,https://ldb-phinf.pstatic.net/20260313_246/1773403952702umpLR_JPEG/KakaoTalk_20251215_180835447.jpg,,,,,두바이쫀득쿠키(4개세트),22900,,,,,,,,,,,,,,,,,,,,,,,,,,,,,,,,,,,,,,,,,,,,,,,,,,,,,,,,,,,,,,,,,,,,,,,,,,,,,,,,,,,,,,,,,,,,,,,,,,,,,,,,,,,,,,,,,,,,,,,,,,,,,,,,,,,,,,,,,,,,,,,,,,,,,,,,,,,,,,,,,,,,,,,,,,,,,,,,,,,,,,,,,,,,,,,,,,,,,,,,,,,,,,,,,,,,,,,,,,,,,,,,,,,,,,,,,,,,,,,,,,,,,,,,,,,,,,,,,,,,밍키,강남 주문제작케이크 떡케이크주문 온당디저트 추천추천드림당~ ✔️강남 주문제작케이크 온당디저트 추천하는 이유! 1. 맛있음 디저트 덕후지만 떡은 그냥저냥? 맛있는 떡 아니면 절대 안먹는 ㅋㅋㅋ 까탈왕인데 온당디저트 떡케이크 진짜 맛있더라구여 위에 올라간게 앙금이라 앙금떡케이크인데 생각보다 늠 맛도리라서 놀라따 2. 예쁨 주문제작케이크 의의가 모겟음까? 이쁘면 일단 반은 먹고 드루가잔하용?? 벚꽃시즌이라고 벚꽃디저트 만들어버리심 넘 예뻐서 먹기 아까웠당 디자인 넘모 감각적이라 특별한 날 특별한 용도로 사용할 강남 주문제작케이크 온당디저트 추천해용 3. 가격도 합리적 주문제작케이크 가격 터무니없이 비싼 경우도 많은뎅 요기는 가격도 합리적이구 이쁘구 맛도 앙금떡케이크 좋아하실 분들은 짱 좋아하실거가태용 가게에 배관?? 뭐 그런거땜시롱 픽업은 사장님댁 근첰ㅋㅋㅋㅋ 에서 햇지만ㅋㅋㅋㅋ 떡케이크 사진은 진짜 열시미 찍엇다...... 제가 픽업했던 때가 진짜 딱 벚꽃휘날리던 때여가지구 (지금은 비도오고 그래서 벚꽃엔딩이다~~) 아 이러케 이쁜 떡케이크 심지어 벚꽃 그려진 떡케이크 ㅠㅠ 벚꽃배경으로 찍어야지ㅠㅜㅠ 하고서 회사 근처에 벚꽃 핀 곳은 다 찾아다님ㅋ ㅠㅠㅠㅠㅋㅋㅋ 쫜 뒤로 살짝 보이는 벚꽃 어떵가요 안에 슬쩍 보면 요로하여요 넘 이쁘죵 벚꽃잎 하나하나 표현한게 넘 사랑스러운데 저게 다 앙금이더라고여 백설기 위에 앙금 얹은 앙금떡케이크라 달달하였다! 칼이랑 양초도 같이 주신당 저는 1호 사이즈였구여 당근 가게로 가는 줄 알구 카메라까지 챙겨갔는뎈ㅋㅋㅋ 너무 케이크만 덜렁 픽업하게대서 상당히 당황하여따 ㅋㅋㅋㅋ 사실 가게 사진을 더 마니 찍고싶엇눈데..!ㅋㅋ 하... 이러케댄이상 회사 근처 벚꽃투어다... 뒤로 살짝 보이는 벚꽃 보이시려나효 안대겟다 이걸로 약하다 발레학원근처로 간다 ㅋㅋㅋㅋㅋㅋ나만알던 벚꽃명소 총출동댐 쫜 여러케보니까 이뿌져 바닥에 떨어진 벚꽃이랑 떡케이크 디자인이랑 늠 잘어울리는 거~ 이걸로 충분하지 않아.. 한곳 더 들림.. 가즈아.. 그리고 이러면안대지마는 벚꽃도 줍줍해서 얹어봄 하 점심시간에ㅔ 돌아다니기 개빡셋다 벚꽃구경다햇네 삼실에 돌아와서 까보긔 넘이쁘다 자세히 들여다보니 더 이쁘다 예쁜 떡케이크 찾으시나여 여기 어떠세용 참 이뿌져 어디꺼냐구여 온당디저트 떡케이크입니다료 강남 주문제작케이크 필요하시면 떡케이크 업어가셔라 아까 줍줍해온 벚꽃이랑 놓고보니 색감이 진짜 존똑... ,2026.04.10.,발로 포스팅하는 밍키네★,강남 주문제작케이크 온당디저트 앙금떡케이크 존맛탱,제리메리,"조카가 어린이집을 졸업했다. 3월부터 유딩이라니!!! 어린이집 졸업 축하 겸 유치원 입학축하로 주문제작 케이크를 준비했다. 강남 주문제작케이크 찾는다면 여기! 선릉 케이크 ‘온당’ 이다. 선릉 케이크 살 때 가기 좋은 온당은 떡케이크 전문점이다. 카카오톡채널 ‘온당’ 통해 사장님과 케이크 디자인 등을 논의하고 주문 하면 된다. 디자인이 고민되면 @ondang_ricecake 에서 실제 사진을 참고하면 된다! 선릉 케이크, 강남 주문제작케이크 온당 위치 : 선릉역 도보 10분 역삼 아이파크 206동 402호 영업 : 10시-18시 *일요일 휴무 0507-1403-3263 배달 : 네이버 스마트스토어 ‘온당디저트’ 주문 가능 내가 원한 디자인은 요렇게였다. 우리 조카가 래브라도 경장을 너무너무 좋아해서, 래브라도 경장과 도베르만으로 구성된 이미지로 만들어달라 요청했다. 그리고 그렇게 나온 결과는?? 짜잔!! 너무 예쁘게 디자인된 조카 졸업 케이크!! 열어보기도 전에 원하던 디자인 그대로 나와서 좋았다. 나는 직접 가서 수령이었고, 문앞에서 따뜻하게 전달주셨다. 봤자마자 디자인을 볼 수 있는 패키지라서 아주 좋았다. 바로 보자마자 감탄.. 와 너무 마음에 들잖아? 아이 졸업 케이크나 입학 케이크 같이 강남 주문제작케이크를 찾으면 여기 온당이 최고다! 인스타에서 본 상어 케이크들도 너무 예뻤는데, 우리 조카 케이크 래브라도 경장도 너무너무 ! 선명한 색감이 백설기랑 어우러지면서 더 예쁘다. 우리조카.. 래브라도 경장 케이크 보자마자 얼른 뜯어서 먹으려고 분주하게 움직였다. 파티도 전에 위에 깔린 앙금을 찍어먹어버렸다. 맛있다고 좋아했다. 졸업 기념 노래도 부르고 초도 불러야지! 했더니 급하게 후 부는 우리 조카! 그러고 스윽스윽 잘라서 맛나게 먹었다. 위에 앙금이 너무 맛있다고 좋아했다. 아빠도 드시더니 떡이 맛있다고!! 케이크를 잘 안먹어서 떡케이크로 한건데, 정말 잘한 선택이었다. 디자인도 예쁘고, 맛도있고! 강남 주문제작케이크 찾는다면 온당 케이크! 여기 스마트스토어에서 배달주문도 가능하다. 우리 조카 어린이집 졸업 축하행!!! 담에 유치원 졸업때도 이모가 케이크 선물해줄게!! 포스팅 끝! #온당 #선릉케이크 #선릉떡케이크 #강남주문제작케이크 #역삼케이크 #역삼떡케이크 #떡케이크 #강남떡케이크",2026.02.21.,제리메리의 소소한 일상,"강남 주문제작케이크, 졸업, 기념일 떡케이크 추천 ‘온당’",cookie,"온당 주소 : 서울 강남구 역삼로 307 206-402 영업시간 : 월~토 10:00 - 18:00 <매주 일요일 정기휴무> 전화 : 0507-1403-3263 12월은 연말이라 약속도 많고, 크리스마스가 있어서 바쁜 달인데요 :) 하나뿐인 남동생(이라 쓰고 웬수라 읽는...ㅋㅋㅋㅋ) 생일이라 뭔가 특별한 케이크를 선물해주고 싶었어요! 자타공인 떡돌이라 예쁜 생일 떡케이크를 알아보던 중 강남 주문제작케이크로 평이 좋은 온당에서 아주 예쁜 케이크를 만들어주셨답니다 :) 주문제작 케이크 받자마자 정말 깜짝놀랐어요!!!! 너무너무 예쁘죠? ㅎㅎㅎㅎ 케이크 상자도 앞 쪽은 투명해서 바로 내부가 보여서 더 좋더라구요 :) 크리스마스 분위기까지 나도록 포인세티아 꽃으로 장식해주셨는데, 꽃은 앙금이더라구요! 설기 케이크랑 같이 먹으니 보기에만 예쁜 게 아니라 맛까지 좋더라구요 ㅎㅎㅎㅎ 저는 하루 전 날 저녁에 픽업해와서 다음 날 점심에 생일파티했답니다 :) 떡으로 어쩜 이런 예쁜 퀄리티의 케이크가 가능한거죠?? 신기신기!!!!! 초 꼽기 전 열심히 사진도 찍어봅니다 ㅎㅎㅎㅎ 오늘 아빠가 선물로 가져오신 식탁보와 케이크의 조합이 완전 크리스마스 그 자체더라구요 ㅎㅎㅎ 강남 주문제작케이크 온당은 케이크 주문 시 기본으로 제공되는 초가 아래 사진처럼 예쁘더라구요! 따로 구매하지 않아도, 초까지 예뻐서 감동이었어요 ㅠㅠ! 서른이 넘어가니 케이크 할 때 항상 초 하나만 꼽고있는데...ㅋㅋㅋㅋ센스있게 물결초 서비스 최고! 노래 부르기 전에 모두를 감동시킨 떡케이크 비주얼을 영상으로도 자세히 담아봅니다 :) 동생 부부와 고양이까지 케이크에 담아 주셨는데, 너무 좋아해서 뿌듯하더라구요 :) 다같이 신나서 노래부릅니다 ㅎㅎㅎㅎ 그리고 케이크 잘라야하는데.... 대문자 F인 저는 차마 잘려지는 모습을 볼 수가 없더라구요 ㅠㅠㅋㅋㅋㅋㅋ 작품같은 그림이 다칠세라 살살 잘라줍니다 ㅎㅎㅎ 케이크 자르는데 조심하라며, 얼굴 잘린다며 소리지르고 난리가 났었네요 ㅋㅋㅋㅋㅋ 힝.... 잘라서 먹지 않고 그냥 보관하고싶어요 ㅠㅠㅋㅋㅋ 떡케이크 맛나게 먹어야하니 잘라야하는 하는데 뭔가 작품 훼손하는 느낌 ㅠㅋㅋㅋㅋ 꿀설기 케이크라서 포슬포슬 정말 맛있더라구요! 백설기를 안 좋아하기는 힘드니까요 ㅋㅋㅋㅋ 윗부분도 크림인 줄 알았는데 앙금이더라구요!!! 아래쪽 설기와 같이 먹으니 더더 꿀맛!!!! 얼굴 부분은 아까워서 마지막까지 못 먹겠다며 ㅋㅋㅋㅋ 얼굴만 남겨두고 먹다가 가장 마지막에 먹었답니다 :) 그리고 온당 사장님이... ",2025.12.21.,EAT PLAY LOVE,강남 주문제작케이크 추천 온당 떡케이크 후기,"떡케이크전문, 라이스 디저트 카페
@ondang_ricecake
*케이크 디자인 문의 또는 궁금한 사항은
 카카오채널: 온당 으로 주세요",온당디저트 강남구
시에나블루,赭石藍,케이크전문,蛋糕特色,영업 중,192,103,서울 강동구 천호대로 991 1층 시에나블루 케이크,천호역 1번 출구에서 57m,영업 중 16:00에 영업 종료,0507-1400-7913,https://www.instagram.com/sienna.blue_?igsh=eW5qcW1wMnE1MGFk&utm_source=qr,주차,,https://ldb-phinf.pstatic.net/20260305_81/1772694259110NvEBW_JPEG/_MG_4561-9.jpg,,,,,한식디저트 선물,50000~100000,https://ldb-phinf.pstatic.net/20260305_184/1772694223599mvBNy_JPEG/_MG_4339-9.jpg,,,,,상차림떡,100000~120000,https://ldb-phinf.pstatic.net/20260305_256/1772694605677KvXma_JPEG/_MG_4285-9.jpg,,,,,바람떡,45000~60000,https://ldb-phinf.pstatic.net/20260305_5/17726943961850TCQ0_JPEG/_MG_6767-9_-_%BA%B9%BB%E7%BA%BB.jpg,,,,,쌀구움과자 답례품,9000~30000,https://ldb-phinf.pstatic.net/20260305_176/1772694486320YLyWR_JPEG/_MG_3926-99.jpg,,,,,개성주악 선물,40000~50000,https://ldb-phinf.pstatic.net/20260305_280/1772694354876uFFMo_JPEG/_MG_5180-9.jpg,,,,,앙금플라워떡케이크,60000~200000,,,,,,,,,,,,,,,,,,,,,,,,,,,,,,,,,,,,,,,,,,,,,,,,,,,,,,,,,,,,,,,,,,,,,,,,,,,,,,,,,,,,,,,,,,,,,,,,,,,,,,,,,,,,,,,,,,,,,,,,,,,,,,,,,,,,,,,,,,,,,,,,,,,,,,,,,,,,,,,,,,,,,,,,,,,,,,,,,,,,,,,,,,,,,,,,,,,,,,,,,,,,,,,,,,,,,,,,,,,,,,,,,,,,,,,,,,,,,,,,,,,,,,,,,,,,,,,,,,,,,,,,,,,,,,,,,,,,,,,,,,,,,,,,,,,,,,,516,"개성주악 찹쌀가루에 멥쌀가루나 밀가루를 섞은 후, 막걸리나 소주를 넣고 익반죽하여 둥글게 빚은 것을 기름에 지진 뒤 조청, 꿀 등을 이용해 약과처럼 집청해서 만든 한과의 일종. 개성 향토 음식으로 정월 초나 잔치 등의 행사 때 해 먹는다. 나무위키. https://namu.wiki/w/개성주악 요즘 한과 디저트를 곳곳에서 찾아볼 수 있는데요. 신세계 백화점 식품관에도 한과 디저트 매장이 있더라고요. 백화점 식품관은 요즘 유행하는 상품을 판매하니, 한과 디저트도 요즘 유행이라는 의미죠? ^^ 오늘은 지인 추천 디저트 카페인 시에나블루 케이크 방문 후기를 남길게요. 작년 여름에 처음 방문 했는데 그 후에도 나들이 갈때 종종 들른답니다. 내돈내산 후기 ^^ 개성주악, 정말 맛있고 새로운 느낌의 디저트 였어요. 맛은 약과였지만, 겉은 바삭, 속은 쫀득하고 부드러운 디저트. 사진의 과일 아랫부분이 개성주악이예요. 사진의 디저트는 모두 딸기주악인데, 왼쪽은 딸기, 오른쪽은 산딸기가 개성주악에 올라간 디저트예요. 크기는 엄지와 검지를 맞대고 동글게 만들었을때 크기 정도니까… 직경 5cm 정도? 아담했답니다. 딸기주악 외에도 시에나블루 케이크는 금귤, 고구마 등이 올라간 주악도 판매했는데 하나씩 맛보니 어찌나 맛있던지 ^^ 주악 외에 커피도 맛있었어요. 비오던날 들렀던 곳이라 운전에 집중하기위해 아아 커피도 주문했는데, 첫 모금에 “와 커피 맛이 주악과 절묘하게 어울리는 느낌이다!” 라는 느낌이었어요. 산미는 적고 볼드(bold)함이 강해서 대체로 스타벅스 커피 맛이었는데요. 다양한 로스팅의 커피를 모두 좋아하는 (그렇지만 물에 많이 희석된 어메리카노는 불호하는) 제겐 잘 맞았어요. 음료 메뉴는 아래 참고해 주세요. 주인장께 문의해보니, 이곳에서 오랫동안 (5년?) 자리잡고 계셨다는 데 그간 온라인 판매만 하다가 최근 오프라인 매장을 열었다고 하네요. 시에나블루 케이크는 케익 주문 제작도 하더라고요. 매장 인테리어도 아기자기하고, 젊은 분들이 매장 이용을 많이해서 그런지 활기찬 느낌이었어요. (사진은 잠깐 사람이 자리를 비웠을 때 재빠르게 찍었지요.) 커피와 5개 주악을 샀는데 포장도 귀엽네요. 며칠 뒤 다시 들렀을 땐 매장에서 즐기고 갔는데요. 너무 맛있어 보이죠? ^^ 시에나블루 케이크 매장은 천호 문구거리에 위치해 있으니, 추억의 문구점 구경해도 좋을 것 같아요. #개성주악 #디저트 #디저트카페 #시에나블루케이크 #천호동",2024.01.14.,•_•,시에나블루 케이크,우유대장,친한 언니의 추천으로 가 본 시에나블루케이크 요즘 유행한다는 개성주악이 할머니 입맛에 잘 맞을듯 하여 하나 사다드리고자 퇴근 후 들렀다. 적당한 넓이에 예쁜 인테리어를 가지고 있어서 볕이 좋은 날 먹고 가도 좋겠다 싶다. 하얀색과 나무가 주는 편안함 사이로 긴 소파 아래에 있는 독특한 패턴이 눈에 들어온다. 시에나블루케이크의 메뉴는 개성주악 뿐 아니라 여러 음료도 함께 있다. 개성주악이 목적이라면 빨리 오는 것을 추천한다. 영업 종료 직전에 갔더니 두 종류밖에 남아있지 않았다. 가장 기본과 금귤이 올라간 것으로 세개씩 담아 집으로 가져가는 길. 버스정류장에 비치는 햇살을 받은 모습이 예쁘다. 집에 가져가 나눠 먹으니 다들 좋아했다. 쫀득한 찹쌀도넛에 조청으로 바삭함을 더한 느낌이라 나눠먹으려 자를 때 소리가 너무 기분 좋더라. 맛도 좋아서 다음에는 종류별로 사가볼까 한다 :),2023.06.19.,우유대장이 끓이는 따듯한 우유,체크인 챌린지 13_시에나블루케이크,민트,"드디어 긴장되고 떨렸던 상견례 첫인사 자리가 끝났습니다..!!! 상견례 선물 준비한 이유 상견례 선물 준비할까말까 고민을 엄청 많이 했는데요.. ✔️처음에 만났을 때 어색한 분위기를 풀어 줄 아이스브레이킹하기 좋음 ✔️상견례가 끝나고도 두고두고 좋은 인상을 줄 수 있음 ✔️사진 찍으며 기념할 수 있음 요런 이유로 상견례 선물을 준비하기로 결정했습니다. 제가 주문한 바람떡 사진인데요 제가 주문했던 곳은 '시에나블루'로 선택했던 이유는 ✔️상견례 선물 전문 ✔️연한 핑크/연한 파랑의 예쁜 식감 &신랑신부를 상징하는 색 ✔️전날에도 주문 가능! ✔️퀵배송으로 상견례 장소까지 편하게 받을 수 있음 ✔️문구카드 작성 가능 요런 장점들이 많아 시에나 블루를 선택하게 되었습니다. 상견례 선물 가격 가격 바람떡 꽃송편 45,000원*2 실크보자기+인사문구택+노리개+쇼핑백 16,000원 퀵 배송비 16,000원 총 122,000원 결제 주문방법은 1) 네이버를 통해 주문 시 '퀵'을 선택& 옵션에서 퀵배송 픽업일시 작성 2) 배송지는 상견례 장소로 설정 3) 결제 4) 문자를 통해 퀵 요금 입금 요청이 오면 입금 5) 문자 통해 작성 문구 발송 참고로 저는 시에나블루(천호역) - 상견례장소(광화문역) 거리에 16,000원 퀵 요금이 나왔고, 비슷한 거리의 종로구, 성북구, 동작구, 영등포구도 퀵 비용은 비슷한 16,000원으로 예상됩니다. 좀 더 가까운 용산구, 강남구, 동대문구는 퀵 비용이 좀 더 저렴할 것 같네요. 상견례 문구 추천 상견례 카드 상견례 선물은 핑크 / 파랑의 보자기에 예쁘게 싸져 왔습니다. 저희가 작성했던 문구는 소중한 인연으로 두 가정이 만나게 되어 기쁩니다. 앞으로 좋은 인연으로 함께하길 바랍니다. 입니다. 그 외에 저희가 후보로 추렸던 문구는 아래와 같습니다. 사랑으로 키워주신 은혜 진심으로 감사드립니다. 서로 아끼고 행복하게 살겠습니다. 두 가정의 소중한 인연이 시작되는 날 기쁜 마음을 담아 작은 정성을 준비했습니다. 앞으로 잘 부탁드립니다. 너무 이쁘죠.. 서로에게 선물을 준다는 의미로 여자쪽 집은 파란색, 남자쪽 집은 핑크색으로 나누어 가졌습니다. 상견례 바람떡 맛 왼쪽에 하나는 누가 먼저 먹어버려서.. 감안하고 봐주세욥ㅎㅎ 화이트+연파랑 색의 조합이 너무 예쁘죠  모양도 송편+꽃모양+잎사귀까지 같이... ",2026.03.11.,MINTLOG,상견례 선물 첫인사 선물 내돈내산 :: 퀵배달 가능한 바람떡 상견례 문구 추천,"강동구 떡케이크 전문 공방 시에나블루입니다
앙금플라워 주문 제작, 생일, 환갑, 칠순, 팔순 떡케이크와 다양한 한식 디저트를 전문으로합니다",시에나블루 강동구
서울버터샌드,首爾奶油三明治,"카페,디저트",咖啡館，甜點,영업 중,672,264,서울 관악구 조원로10길 28 101호 서울버터샌드,구로디지털단지역 6번 출구에서 532m,영업 중 21:00에 영업 종료,,https://www.instagram.com/seoul_butter_sand_/,"포장,예약","생방송투데이 3125회, 22.08.30.2022년 8월 30일 버터바",https://ldb-phinf.pstatic.net/20260316_199/1773655914496tNIiQ_JPEG/4092.jpg,,,,,서울 소금 버터떡 4개 [전화예약],10000,https://ldb-phinf.pstatic.net/20240905_266/1725512711049kn68T_JPEG/1000007065.jpg,,,,,(설날선물)개성주악10구세트,,https://ldb-phinf.pstatic.net/20260209_91/1770608827560GPWuS_JPEG/2836.jpg,,,,,[원조] 두바이쫀득 개성주악 6구셋트,,https://ldb-phinf.pstatic.net/20260210_202/1770716029591PSGjb_JPEG/3190.jpg,,,,,[원조]두바이쫀득 개성주악,5700,https://ldb-phinf.pstatic.net/20260210_222/1770716084497TVUys_JPEG/3084.jpg,,,,,오리지널 개성주악,2800,https://ldb-phinf.pstatic.net/20260210_148/1770716048869WQQN6_JPEG/3188.jpg,,,,,산딸기 개성주악,4500,https://ldb-phinf.pstatic.net/20240920_210/1726821478095RXUQS_JPEG/1000007222.jpg,,,,,밤 개성주악,4500,https://ldb-phinf.pstatic.net/20260210_264/1770716061756s0mkf_JPEG/3189.jpg,,,,,피넛버터 개성주악,4500,https://ldb-phinf.pstatic.net/20210811_246/1628628617513n3JOk_JPEG/k46DLaq3UnUPY_lbQSuZyXNk.jpg,,,,,수제 서울오리지널버터바,7300,https://ldb-phinf.pstatic.net/20230202_189/1675334514180c9XRE_JPEG/1531C618-195D-4BE2-BC6E-A0A7506F93F4.jpeg,,,,,수제 단짠황치즈 버터바,7800,https://ldb-phinf.pstatic.net/20240826_173/1724649626464FT9xE_JPEG/1000006986.jpg,,,,,수제 얼그레이 버터바,7800,https://ldb-phinf.pstatic.net/20240813_187/1723515066632lWiBx_JPEG/1000006833.jpg,,,,,수제 피스타치오 초코 버터바,8500,https://ldb-phinf.pstatic.net/20260210_280/1770716137084ssK36_JPEG/3184.jpg,,,,,미니약과 개성주악,4500,https://ldb-phinf.pstatic.net/20230803_177/1691034174818icP7T_JPEG/IMG_3899.jpeg,,,,,피스타치오슈페너(ice),6800,https://ldb-phinf.pstatic.net/20230517_117/1684292493198Isrjb_JPEG/6F055BBE-638C-4374-BD32-7880C8739205.jpeg,,,,,버터슈페너 (ice),6500,https://ldb-phinf.pstatic.net/20241209_215/17337286655811C6Pp_JPEG/1000008988.jpg,,,,,생딸기 수제우유생크림 컵케익,,https://ldb-phinf.pstatic.net/20230512_254/168385120391320wKY_JPEG/3F1A191A-5D12-40DD-AFA1-16C6BB52A280.jpeg,,,,,수제 서울흑임자버터바,7800,https://ldb-phinf.pstatic.net/20230925_283/1695620527948cgM92_JPEG/20230925_141653.jpg,,,,,누텔라 개성주악,4000,https://ldb-phinf.pstatic.net/20260210_299/1770716121581NJrTA_JPEG/3185.jpg,,,,,무화과 크림치즈 개성주악,4500,https://ldb-phinf.pstatic.net/20260210_119/1770716149310bF7Np_JPEG/3101.jpg,,,,,고구마 개성주악,4000,https://ldb-phinf.pstatic.net/20260210_165/1770716186005GFIow_JPEG/3094.jpg,,,,,크림치즈 개성주악,4000,https://ldb-phinf.pstatic.net/20210827_83/1630016207786xy9E5_JPEG/z0rfK_qqNqAvMkHngKom9qQh.jpg,,,,,수제 제주말차버터바,7800,https://ldb-phinf.pstatic.net/20210930_235/1632970930023dzUba_JPEG/gja2FVfzWtl8vJrwCdtMbHO1.jpg,,,,,수제 서울레몬버터바,7800,https://ldb-phinf.pstatic.net/20211025_73/1635144444779fl8iK_JPEG/oDRhvQGgWnd176nszanvUaUC.jpg,,,,,수제 서울초코버터바,8200,https://ldb-phinf.pstatic.net/20211220_116/1639972639499d2nHP_JPEG/KakaoTalk_20211217_093835675.jpg,,,,,수제 시나몬 버터바,7800,,,,,,아메리카노,4000,,,,,,,,,,,,,,,,,,,,,,,,,,,,,,,,,,,,,,,,,,,,,,,,,,,,,,,,,,,,,,,,,,,,,,,,,,,,,,,,,,,,,,,,,,,,,,,,,,,,,,,,,,,,,,,,,,,,,,,,,,,,,,,,,,,,,,,,,,,,,,,,,,,,,,,,,,,쪼아,"안녕하세요, 쪼아맘이에요 = ) 두쫀쿠에 이어 요새 유행하는 뉴디저트가 나왔다길래 오랫만에 지인만나러 가는길에 구로에 맛집이 있다하여 다녀와봤어요. 서울버터샌드 정보 주소 서울 관악구 조원로10길 28 101호 서울버터샌드 ☎연락처 - ⏰영업시간 월 - 금 11:00 ~ 21:00 토 - 일 10:00 ~ 21:00 주차 주차 불가 서울버터샌드 매장 두쫀쿠를 이을 뉴디저트는 바로 버터떡!!! 화이트톤에 아담하고 깔끔한 분위기의 매장이에요. 버터바와 개성주악으로 유명했다는 서울버터샌드 다음엔 버터바와 개성주악이닷!! 서울버터샌드의 서울소금버터떡 4구에 10,000원 가격은 사악하긴해요 흐흐 그래두 유행하니 맛봐야지~~ 서울버터샌드의 주메뉴중 하나인 개성주악 요렇게 생겼네요. 오동통한 약과 느낌인걸? 명절 선물 또는 외국인 친구들에게 선물해도 좋을듯해요. 커피 음료도 있으니 참고해주세요. 2박스 사서 집으로 고고 즐거운 발걸음~~ 눈뉴난나~~ 서울버터샌드 버터떡 동글동글하게 구워진 겉모양이 보기만 해도 바삭할 것 같아서 얼른 맛봤는데, 역시 식감이 정말 매력적인 디저트였어요. 게다가 겉에 살짝 올라간 소금 덕분에 마냥 달기만 한 맛이 아니라 단짠단짠한 매력이 있어 더 맛있었어요. 겉은 바삭하고 속은 쫀득한 느낌이 좋았어요. 최근에 먹어본 디저트중의 최강의 겉바속쫀이였어요 아메리카노와 먹으면 환상궁합!! 요즘 유행하고 있다는 버터떡,,, 궁금해서 맛보았는데 아주 만족스러웠어요. 버터떡 말고도 원래 유명한 개성주악, 버터바도 있으니 방문해서 색다른 디저트들도 맛보셔요. 그럼 오늘도 쪼아하세요 = )",2026.03.18.,쪼아의 365일,"구로디지털단지 디저트, 겉바속쫀 버터떡 맛집 서울버터샌드 다녀와봤어요.",멍무이,"26.04.06 버터떡 유행 지났지만 뒤늦은 포스팅.. ㅋㅋ 근데 여기는 주기적으로 먹을 집인 것 같아 기록 남겨보려고 한다~~~~!!!  위치: 관악구 조원로10길 28 101호 (신림동 1652-20)  영업시간: 평일 11시 ~ 21시 / 토,일 10시 ~ 21시 연락처: 010-****-**** 주차: 불가 / 픽업정도 잠시 주차는 가능 출처_네이버 서울버터샌드는 내가 직접 간 적은 없다. 매번 남편이 선물하듯 포장해 오는 곳!!!! 이곳은 개성주악을 파는 곳인데 소금 버터떡도 같이 팔고 있는듯하다. 나는 소금빵을 엄청 좋아하는데 소금버터떡은,,,,,, 리얼 맛있었다. 일반 버터떡보다 진짜 더 맛있다. 소금의 매력이란,,,  소금빵처럼 버터떡 위에 소금 솔솔솔 다들 버터떡에 연유 찍어드시나요~? 연유 찍어 먹으면 단짠단짠  하지만 그냥 먹어도 맛있다. 살 덜 찌고 싶으면 그냥 먹는 거 추천 ㅋㅋㅋㅋ 겉은 바삭 안은 쫀쫀한 떡  위에는 기본, 밑에는 고구마 크림치즈 경주에서 개성주악 처음 먹어보고 생각했던 것보다 맛이 없어서 나는 개성주악을 안 좋아하는 줄 알았다...!!! 근데 여기서 먹어보고 다시 바뀌었다. 나,,,, 개성주악 많이 좋아하네......  서울버터샌드의 개성주악은 약간 찹쌀도넛 느낌!!! 기름진 거 매우 싫어하는 사람 빼고는 호불호 없이 좋아할 것 같은 맛! 이건 다른 날에 남편이 또 포장해왔었는데 사장님 추천받고 산딸기 개성주악을 추가로 사 왔었다. 산딸기는 새콤해서 새콤달콤한 느낌으로 먹는 맛  다음에는 누텔라와 두바이초코 개성주악을 남편에게 부탁했다 ㅋㅋㅋㅋㅋㅋㅋㅋㅋㅋㅋㅋ 자주는 살찔까봐 못 먹겠고,,, 주기적으로 먹을 디저트 집으로 선정! 서울버터샌드 추천드립니다",2일 전,Ｓｏｕｎｉ’ｓ Ｄｉａｒｙ,"[서울 / 관악] 소금 버터떡, 개성주악 추천~~~ 서울버터샌드",,,,,,"버터떡 맛집 개성주악 맛집 버터바 맛집

버터바맛집 생방송투데이 버터바편 방영맛집

과하지않는 단맛과 적절한 꾸덕고소달달

구디카페 꼭 한번은 들려야 하는
특별함이 있는 곳

디자인과 캘리작가 출신 사장님께서 직접
캘리그라피 엽서를 원하는문구를 써드려요!!
쫀득버터바 먹고 멋진 추억을 만들어가세요",서울버터샌드 관악구
쓰임,用法,"카페,디저트",咖啡館，甜點,영업 중,134,139,서울 관악구 신사로20길 27-3 1층,신대방역 1번 출구에서 466m,영업 중 19:30에 라스트오더,0507-1367-9957,https://www.instagram.com/sseim_cafe,,,https://ldb-phinf.pstatic.net/20230106_102/1672990234388Bs5Fn_JPEG/FFF7A8F3-A181-4A5A-9AD5-698F3DE86E45.jpeg,,,,,개성주악,2500~3700,https://ldb-phinf.pstatic.net/20221211_130/1670765535342mi5Tx_JPEG/KakaoTalk_20221211_222839625_05.jpg,,,,,양갱,2500~3000,https://ldb-phinf.pstatic.net/20221211_185/16707654980217pvOp_JPEG/KakaoTalk_20221211_222839625.jpg,,,,,수정과,6000,https://ldb-phinf.pstatic.net/20221214_39/1671009058801oPUIH_JPEG/KakaoTalk_20221214_180233402_02.jpg,,,,,흑임자라떼,5500,https://ldb-phinf.pstatic.net/20221214_6/1671009082456tK2pe_JPEG/KakaoTalk_20221214_180233402_01.jpg,,,,,쑥라떼,5500,https://ldb-phinf.pstatic.net/20260121_16/1768971384195o2mqt_JPEG/IMG_5845.jpeg,https://ldb-phinf.pstatic.net/20260121_137/1768971384529V6Nxe_JPEG/IMG_5861.jpeg,https://ldb-phinf.pstatic.net/20260121_216/1768971384544Rytx6_JPEG/IMG_5860.jpeg,https://ldb-phinf.pstatic.net/20260121_62/1768971384393APUyy_JPEG/IMG_5858.jpeg,https://ldb-phinf.pstatic.net/20260121_28/1768971384443dN6Ju_JPEG/IMG_5859.jpeg,26년 설날 선물세트,,https://ldb-phinf.pstatic.net/20250107_277/17362188121043GIXE_JPEG/IMG_8292.jpeg,https://ldb-phinf.pstatic.net/20250107_295/1736218772470PW0dj_JPEG/IMG_8766.jpeg,https://ldb-phinf.pstatic.net/20240701_176/17198438924040eFgY_JPEG/IMG_4429.jpeg,https://ldb-phinf.pstatic.net/20240701_123/17198438924295oXLV_JPEG/IMG_2832.jpeg,https://ldb-phinf.pstatic.net/20240701_270/1719843892393wLomN_JPEG/IMG_9589.jpeg,티라미수,7500~10500,https://ldb-phinf.pstatic.net/20240701_106/1719843368722EpFIl_JPEG/IMG_4620.jpeg,https://ldb-phinf.pstatic.net/20240701_15/1719843368627oqs2F_JPEG/IMG_4619.jpeg,,,,두바이 초콜릿 티라미수,15000,https://ldb-phinf.pstatic.net/20221214_86/1671009036590lJGRi_JPEG/KakaoTalk_20221214_180233402_03.jpg,,,,,아메리카노,4000,https://ldb-phinf.pstatic.net/20221211_2/1670765827113eby0x_JPEG/%BE%B2%C0%D3%B4%EB%C1%F6_5-100.jpg,,,,,카페라떼,4500,https://ldb-phinf.pstatic.net/20221214_29/1671009098441rEBEl_JPEG/KakaoTalk_20221214_180233402.jpg,,,,,아인슈페너,4500,https://ldb-phinf.pstatic.net/20221211_294/1670765956614Yn3fa_JPEG/KakaoTalk_20221211_222839625_01.jpg,,,,,말차라떼,5500,https://ldb-phinf.pstatic.net/20221211_79/1670765657910b5Rg1_JPEG/KakaoTalk_20221211_222839625_04.jpg,,,,,오미자몽에이드,5500,https://ldb-phinf.pstatic.net/20221211_138/16707656707131FEOh_JPEG/KakaoTalk_20221211_222839625_03.jpg,,,,,청청에이드,5500,,,,,,,,,,,,,,,,,,,,,,,,,,,,,,,,,,,,,,,,,,,,,,,,,,,,,,,,,,,,,,,,,,,,,,,,,,,,,,,,,,,,,,,,,,,,,,,,,,,,,,,,,,,,,,,,,,,,,,,,,,,,,,,,,,,,,,,,,,,,,,,,,,,,,,,,,,,,,,,,,,,,,,,,,,,,,,,,,,,,,,,,,,,,,,,,,,,,,,,,,,,,,,,,,,,,,,,,,,,,,,,,,,,,,,,,,,,,,,,발라당,"개성주악 맛집이 있다 그래서 찾아와본 쓰임 여기가 입구고 2층에 있당 친구네 201호 놀러온 너낌 문이 닫혀있지만 open 입니당 oh 들어가자마자 베르판 팬탑 램프 oh 색깔마저 나으 취향 맞춤 이렇게 위태롭게 올려두는 여유로움!!!! 깨져도 다시 살 수 있다는 사장님의 능력을 보여주는 모습!! 사장님 혼자서 척척 거울도 이쁘쟈냐 돈 많이 쓴 인테리어 좋아^_^ 자리도 꽤 넉넉하게 있당 작은 공간인데 야무지게 잘 만드심ㅎㅎㅎ 개성주악 카페에서 시키면 무슨 파인다이닝 같은 플레이팅 너무좋쟈나?? 종류 다양하고 약과주악(2,800)이랑 밤주악(3,500)을 사범 아조 미니미 한 사이쥬. 낱개포장 해주심ㅎㅎㅎ 밑에는 찹쌀도넛같고 밤도 절여놔서 엄청 달콤하당!! 쫠깃쫠깃 너무 작아서 아쉬웠는데 하나만 먹어도 당 충전 완료 되는 맛 ㅎㅎㅎㅎ 다음엔 오리지날을 먹그싶다",2023.08.03.,▲▲닿 다,영등포구청 카페 :: 쓰임 / 개성주악 맛집,비숑,양갱과 개성주악 카페 쓰임 2층으로 총총 주악에 정신팔려서 ; 음료 메뉴판을 안찍어왔네 ~_~ㅋㅋ 다양한 커피들과 수정과며 오미자 같은 한식 음료?도 판매하고 있던 쓰임 개성주악 라인업 상당하다구요 !! 조기마감되는 경우가 있어 인스타그램 스토리를 확인바란다고 https://www.instagram.com/sseim_cafe/ 윤기 좌르르르~~ 흐르는 개성주악들 들어갔을때 테이블 없이 테이크아웃 매장인가 했는데 서너테이블정도 있더라 :)! 나름 주악 오브제인가 ㅋㅋ 귀엽 커피는 아메리카노와 아인슈페너 커피 모두 무난히 잘 마셨고 궁금했던 개성주악 ! 개인적으로 애플시나몬 주악은 애플이나 시나몬맛이 더 강했으면 좋겠더라 살짝 크림치즈에 묻히는 기분 ~_~ 그 옆은 기본 개성주악 주악 식감이 개성주악 탕후루? 같았달까 완전 바삭하면서 고소하고 즙청이 쫘악~나옴 ㅋㅋ 약과주악은 딱 아는맛이었고 인절미주악은 고소함이 두배였던 *_*,2023.08.15.,비숑의 얌얌냠냠,[영등포구청역 카페] 쓰임,,,,,,"2025.11.26 수요일, 카페 쓰임 재오픈합니다!
기다려주셔서 감사합니다!",쓰임 관악구
편,邊,"카페,디저트",咖啡館，甜點,영업 중,50,18,서울 광진구 뚝섬로 646 HS타워 1층,구의역 4번 출구에서 899m,영업 중 17:00에 라스트오더,0507-1336-3492,https://blog.naver.com/pyun_korea/223721393545,포장,,https://ldb-phinf.pstatic.net/20250408_4/1744095572289QUwxY_JPEG/IMG_8304_jpg.jpeg,https://ldb-phinf.pstatic.net/20250408_172/1744095543430yU9mw_JPEG/DSC04429.jpeg,https://ldb-phinf.pstatic.net/20250408_101/17440955435443D9e6_JPEG/DSC04347.jpeg,https://ldb-phinf.pstatic.net/20250408_239/17440955019165TFJm_JPEG/IMG_1923_jpg.jpeg,https://ldb-phinf.pstatic.net/20240623_235/1719149572356EUFfe_JPEG/IMG_0702.jpeg,"이북식인절미,쑥갠떡,인절미,개성주악",,https://ldb-phinf.pstatic.net/20251125_15/1764039322476l1kbD_JPEG/ABDD8EF9-4DD0-4648-982C-6B3EDBB5ADB5.jpeg,,,,,(백미)이북식인절미 소(16개),20000,https://ldb-phinf.pstatic.net/20251125_275/1764039334629QB8t1_JPEG/ABDD8EF9-4DD0-4648-982C-6B3EDBB5ADB5.jpeg,,,,,(백미)이북식인절미 중(24개),30000,https://ldb-phinf.pstatic.net/20251125_234/1764039350058RmoLP_JPEG/581F05AB-13F5-4534-9A24-037313229B55.jpeg,,,,,(백미)이북식인절미 대(40개),50000,,,,,,(제주쑥)이북식인절미 소(16개),24000,,,,,,(제주쑥)이북식인절미 중(24개),36000,,,,,,(제주쑥)이북식인절미 대(40개),60000,https://ldb-phinf.pstatic.net/20251125_81/1764040026345VbWP5_JPEG/IMG_0085.jpeg,https://ldb-phinf.pstatic.net/20251125_16/1764040026491LC43E_JPEG/83CA8C72-2B93-4BA0-A6FE-531DF3FC1C49.jpeg,https://ldb-phinf.pstatic.net/20251125_39/1764040026535NRf7W_JPEG/1CB731BE-FD0F-44AF-AE7D-E96581ED223E.jpeg,https://ldb-phinf.pstatic.net/20251125_282/1764040026600tru8I_JPEG/7D41197A-8DE5-4F66-BFFA-7CC9741497A3.jpeg,https://ldb-phinf.pstatic.net/20251125_196/1764040026702k6oud_JPEG/CDAACA07-1451-40A4-AA66-DD7CAA122AFF.jpeg,오란다 14개입 박스,,https://ldb-phinf.pstatic.net/20250912_46/1757636248999osR5J_JPEG/IMG_7452_jpg.jpeg,https://ldb-phinf.pstatic.net/20250912_265/1757636217936W98W8_JPEG/IMG_7182_jpg.jpeg,https://ldb-phinf.pstatic.net/20250912_247/1757636217907JVk8w_JPEG/IMG_7178_jpg.jpeg,https://ldb-phinf.pstatic.net/20250912_104/17576362175899tQqj_JPEG/IMG_6887_jpg.jpeg,https://ldb-phinf.pstatic.net/20250912_152/1757636218029gwFhe_JPEG/IMG_7873_jpg.jpeg,모닝세트(OPEN-10:30AM),4900,https://ldb-phinf.pstatic.net/20251125_189/1764039393951lJmCB_JPEG/IMG_9953.jpeg,https://ldb-phinf.pstatic.net/20250912_195/1757647753909IyLfV_JPEG/2BF57A51-4AFF-4D42-9FCC-F8308175B9FD.jpeg,https://ldb-phinf.pstatic.net/20250912_264/1757647755422NuHVT_JPEG/IMG_8573_jpg.jpeg,https://ldb-phinf.pstatic.net/20250912_140/1757647755397wRa3e_JPEG/IMG_8687_jpg.jpeg,https://ldb-phinf.pstatic.net/20250912_158/1757647755498NpOvs_JPEG/IMG_9039_jpg.jpeg,답례떡,,https://ldb-phinf.pstatic.net/20250912_6/17576358476088KS69_JPEG/IMG_0729_jpg.jpeg,,,,,제주쑥밥알 인절미 1호(10개),20500,,,,,,제주쑥갠떡 1호(39개),35000,,,,,,단호박카스테라인절미 1호,20000,,,,,,흑임자 인절미 1호,19000,,,,,,,,,,,,,,,,,,,,,,,,,,,,,,,,,,,,,,,,,,,,,,,,,,,,,,,,,,,,,,,,,,,,,,,,,,,,,,,,,,,,,,,,,,,,,,,,,,,,,,,,,,,,,,,,,,,,,,,,,,,,,,,,,,,,,,,,,,,,,,,,,,,,,,,,,,,,,,,,,,,,,,,,,,,,,,,,,,,,,,,,,,,,,,,,,,,,,,,,,,,,,,,,,,,,,,,,,,,,,,,,,,,,,,,,,,,,,,,커피공쥬,볼일 보다가 떡순이가 그냥 지나치지 못하는 카페 떡떡떡카페 편 들어가보니 각종 음료와 커피도 도 구비되어있었다 전날은 흑임자 맛에 푸욱 오늘은 다른 거 먹어봐야지^^ 그래서 카스테라 인절미와 딸기모찌 픽 든든하게 사서 집으로 출발 커피가 너무 신선하고 맛있다 떡은 당근 맛있고~~ 오늘은 지인들과 왔다 골고루 시켜보았다 그래도 나는 커피♡러버 집에 와서 잘 라 ㅎㅎ봄 커피 맛집 흑임자 맛집 친절 맛집입니다 내일 ♡혹 모레 ♡또 오겠습니다,2025.03.11.,커피ㆍ맛집ㆍ그리고~문학,카페 편 맛있는 떡까페,어닝스튜디오,"오늘도 안녕하세요. 어닝스튜디오입니당~ 오래도록 저희 어닝스튜디오와 소중한 인연을 맺어온 광진구 카페 '편'에서 드디어 반가운 소식을 전해주셨어요! 2호점을 오픈하시면서 다시 한번 저희를 찾아주셨답니다. 얼마나 감사하고 기뻤는지 몰라요! 사진으로 만나볼게요! '편'만의 특별하고 따뜻한 분위기를 더욱 살려줄 예쁜 접이식어닝을 정성껏 제작해드렸어요 ! '편'은 한국 전통의 맛과 멋을 담은 떡과 떡 디저트를 선보이는 특별한 떡 카페인데요. 이번 2호점은 자그마하지만 아늑한 분위기를 이어가면서도 새로운 공간의 매력을 더하고 싶어 하셨어요. 그래서 저희는 '편'의 아이덴티티를 살리면서도 지나가는 분들의 시선을 사로잡을 수 있는 어닝 디자인에 집중했답니다. 이번에 설치해드린 어닝은 자그마한 사이즈의 접이식어닝이에요. 하지만 그 효과는 절대 작지 않죠! '편'의 귀여운 한국적인 로고가 잘 보이도록 레이스를 길게 뽑아 3등분으로 나누어 제작했어요. 오가는 분들이 자연스럽게 '편'이라는 이름을 기억하고, 떡 카페의 포근한 이미지를 느낄 수 있도록 세심하게 디자인했답니다. 어닝 원단 색상은 시크하고 깔끔한 블랙으로 선택했어요. 블랙은 어떤 배경에도 잘 어울리면서 '편'의 정갈한 분위기를 한층 돋보이게 해주거든요. 하지만 여기서 끝이 아니죠! 저희 어닝스튜디오의 특별한 매력, 바로 레이스 바이어스 띠 색상 지정이 가능하다는 사실! 이번에는 어닝 인쇄 색상과 동일한 깨끗한 흰색으로 바이어스 띠를 넣어주었답니다. 덕분에 블랙 원단 위에 흰색 글씨와 띠가 대비되어 시각적으로 훨씬 선명하고 가독성이 좋아졌어요. 어닝이 마치 하나의 멋진 간판처럼요! 어닝 스펙은 가로 2500mm에 돌출 1500mm로, 공간에 딱 맞는 사이즈예요. 구동 방식은 수동어닝으로 제작되어 더욱 간편하고 아늑하게 사용하실 수 있도록 했어요. 고객님께서 완성된 어닝을 보시고 정말 엄청나게 만족스러워하셔서 저희 마음도 덩달아 뿌듯했쥬 ㅎㅎ 언제나 저희 어닝스튜디오를 믿고 맡겨주시는 고객님께 진심으로 감사드려요. 저희는 항상 최고의 품질과 섬세한 서비스, 그리고 고객님과의 편안하고 즐거운 소통을 통해 고객님의 공간을 더욱 빛내드릴 준비가 되어 있답니다! 혹시 저희가 잠시 바빠서 전화를 못 받더라도 언제든 카카오톡, 카카오채널, 또는 문자 메시지로 편하게 연락 남겨주세요 :) 확인하는 대로 총알같이 콜백 드릴 테니 걱정 마시고요! 고객님의 소중한 공간을 위한 어닝, 저희 어닝스튜디오가 언제나... ",2025.07.29.,어닝스튜디오,반가운 인연 속 현장 : 광진쿠 카페 &#39;편&#39; : 가독성이 좋은 유니크한 접이식어닝,을미챱챱,"안녕하세요, 을미입니다. 자양동에 한강 근처 카페 독특한 디저트 카페를 찾았어요 자양동 떡 카페 ""편""을 소개합니다. 자양동 떡 카페 편  영업시간 및 찾아오는길  외관/내관 전경  주문메뉴  시식 후기  마무리  총평 및 요약 영업시간 및 찾아오는길 편 ⛳서울 광진구 뚝섬로 646 1층 ⏱매일 오전 10:00 - 오후 07:30 정기휴무 매주 목요일 0507-1336-3492 포장, 무선 인터넷 구의역 4번 출구에서 도보 14분 주차장 전용 주차장X 인근 공영주차장 이용 권장드립니다. 외관/ 내관 전경 자양동 이색 떡 카페로 새로 생긴 광진구 디저트 맛집 입니다. 답례품으로도 판매하고 있고 프리미엄 떡을 생산하고 있고 맛있는 과일 찹쌀떡고 판매하고 있습니다. 한 켠에는 오늘의 떡이 보이니 제 호기심을 자극하여 참고하여 구매하였습니다. 카페 안은 2-3인 앉을 수 있는 테이블 1인 창가 석으로 구성되어 있습니다. 자양동 디저트 카페 답게 떡 디저트가 다양하게 준비되어 있어요! 제가 처음 보는 이북식 인절미와 이색 찰떡까지 어느것을 고를지 고민되더라고요 전 현관문에 본 오늘의 추천떡을 참고하여 떡 2종류를 구매하였답니다! 주문메뉴 주문메뉴 수제청귤차 5,500 소프트피치 5,000 이북식 인절미 3,500 흑미무화과찰떡 3,200 시식후기 <수제 청귤차> 5,500원 - 떡카페 편에서 직접 만든 청귤청으로 만든 수제 청귤차입니다 유자같이 상큼한 시트러스 맛과 은은한 단맛으로 먹기 좋습니다. 비교적 달큰한 맛에 대중적인 맛이에요 <소프트 피치> 5,000원 - 과일 향이 가득 날 것 같은 상큼한 향의 후르츠 티입니다 자세히 맡으니, 복숭아 향이나며 쌉싸름한 산미가 가는 후르츠한 티 입니다! 많이 달지않아 디저트랑 먹기 알맞아요 <이북식 인절미> 3,500원 - 독특하게 앙금이 떡 바깥으로 나와있는 이북식 인절미입니다. 콩앙금이 외부에 손으로 쥐어진 자국이 있고 겉면의 달달한 흰앙금이 부드럽습니다. 속에 흰떡은 마치 송편같이 쫄깃한 식감이라서 삼삼하게 중독성이 있어요 <흑미무화과찰떡> 3,200원 - 밤,피칸, 무화과가 붙어있는 흑미찰떡 떡은 단단함 찰기가 식감이며, 무화과가 졸여져있어 달콤하고, 특유의 향과 맛이 더 매력적이랍니다. 마무리 떡과 함께 먹기 좋은 잔잔한 음료들과 조화가 너무 잘 어울리는 자양동 떡 카페 편 카페의 떡 고급지고 맛도 일품이라 선물 및 답례품으로 먹기 참 좋습니다 총평 및 요약 총평 한강근처 먹기좋은 떡 디저트 카페 부모님과 함께 담소나누기 좋고 떡 퀄리티가 높은 자양동 카페, 편",2024.12.10.,가성비 자취생 혼밥은 을미밥상,"자양동 떡 카페, &quot;편&quot; 어르신 답례품에 알맞은 디저트카페","이북식인절미.제주쑥떡 전문점.제주쑥 밥알인절미.제주쑥갠떡.한과 디저트 카페.답례품.저염수제떡

https://m.blog.naver.com/pyun_korea/223721393545",편 광진구
가밀148,Gamil148,"카페,디저트",咖啡館，甜點,영업 중,20,3,서울 노원구 동일로237나길 54 1층 104호,수락산역 4번 출구에서 237m,영업 중 18:30에 라스트오더,02-6949-3354,,,,https://ldb-phinf.pstatic.net/20241218_300/17345030785283Nqrz_JPEG/20241126_132456.jpg,,,,,개성주악,,,,,,,,,,,,,,,,,,,,,,,,,,,,,,,,,,,,,,,,,,,,,,,,,,,,,,,,,,,,,,,,,,,,,,,,,,,,,,,,,,,,,,,,,,,,,,,,,,,,,,,,,,,,,,,,,,,,,,,,,,,,,,,,,,,,,,,,,,,,,,,,,,,,,,,,,,,,,,,,,,,,,,,,,,,,,,,,,,,,,,,,,,,,,,,,,,,,,,,,,,,,,,,,,,,,,,,,,,,,,,,,,,,,,,,,,,,,,,,,,,,,,,,,,,,,,,,,,,,,,,,,,,,,,,,,,,,,,,,,,,,,,,,,,,,,,,,,,,,,,,,,,,,,,,,,,,,,,,,,,,,,,,,,,,,겨울e,"개성주악 파는 곳이 노원 수락산역 쪽에 있다?! 신세계백화점에서 연리희재에서 개성주악을 처음 먹어보고 잊고 있던 개성주악의 존재를 우연히 동네 카페를 서치하다가 찾아낸 <가밀148> 입니다! 올해 여름부터 해서 지난 달까지 종종 구매해먹었는데 저만 알고 있기 아깝기도 하고 사장님의 번창을 위해 블로그를 적어봅니다:) 개성주악은 흔한 디저트 음식이 아니죠. 가족들도 제가 사왔을 때 개성주악을 처음 들어봤다고 했을 정도니까요! 개성주악은 찹쌀가루에 맵쌀가루나 밀가루를 섞고 막걸리나 소주로 익반죽하여 둥글게 빚은 뒤 기름에 지져낸 떡입니다. 완성된 떡을 조청이나 꿀에 담가 마무리하는 유밀과의 일종인데요. 본래 개성시의 향토 음식으로 현지에서는 우메기라고도 불렸으나 현재 한국에서는 개성주악이라는 이름으로 더 널리 알려져 있다고 해요. 그리고 개성주악은 정월 초나 잔치 등 특별한 행사에 만들어 먹던 음식입니다. 고려시대 개성에서 임금님이 드시던 전통떡인 개성주악은 <가밀148>에선 사장님이 찹쌀로 반죽, 발효, 지짐까지 아침마다 직접 만듭니다. 심지어 위에 올라가는 금귤정과나 도라지 정과 등 왠만한건 직접다 만드시는 금손 사장님!! 이것 저것 종류별로 먹어 볼 수 있는건 다 먹어 본 거 같은데 위에 올라간 고명은 매번 달랐어요! 고정적인 아이들도 있었구요! 특히 금귤 정과랑 사과 콩포트가 올라간 개성주악이 저의 최애입니다. 달달한 개성주악에 상큼한 맛이 나는 과일이 올라가면 맛의 조화가 끝내주거든요~.~ 과일은 말린 키위도 있었고, 블루베리도 있었고, 무화과도 있었고,,, 꽤 다양하죠??? 이외에도 어르신들이 좋아할 도라지 정과가 올라간것도 있었어요! 의외의 조합은 초콜릿 고명인데요! 초콜릿도 고급 초콜릿이 크게 올라가 있었거든요 달달한거 좋아하는 사람들에게 추천!! 한번 갈 때 가족들과 같이 먹으려고 골고루 사오는 편입니다ㅎㅎ 그리고 박스 패키징도 잘 해주시고 먹음직스러운 비주얼과 고급진 느낌이 물씬 나는 디저트이기 때문에 소중한 사람들에게 선물용으로 구매해도 너무너무 좋습니다:) 차 마시면서 두세개 정도 먹으면 후식으로 딱입니다!! 저는 지난 달 엄마아들 여자친구가 집에 인사하러 왔었는데 제가 디저트로 개성주악을 준비했었거든요! 이런 중요한 자리에 준비하기에 너무 좋답니다~~ ((오빠 여자친구도 맛있었는지 남은 개성주악까지 싸갔어요!(선물 준비한 사람 마음 뿌듯해짐 기름도 깨끗하고 정성들여서 만든 맛이 딱... ",2025.12.20.,snoowe(겨울e),노원(수락산)카페추천 개성주악 &lt;가밀148&gt;,리온 lion,"매 환절기마다 신나게 입술 뜯어서 립 바르면 얼룩덜룩 해지고 피 뚝뚝 흘리는 사람 나야 나~!~! 입술에 색 얹을 줄만 알고 보습 챙겨줄 생각은 안 한 지난날의 나에게 이제 안녕을 고하고 싶다. 올겨울에 못난 입술 안 보고 싶어서 여름부터 꼼꼼히 관리해 줬으니 건조한 지금 이 시기에 더 열심히 챙겨줘야지! 내돈내산 & 친돈친산~~~ ☀️ 데일리용 1. 블리스텍스 립 메덱스 립밤 7g - 작업실에 두고 쓰는 용. 바르면 입술이 시원해지면서 즉각적인 보습이 느껴짐. 2. 뉴트로지나 데일리 립밤 4g - 후뚜루 마뚜루 주머니에서 꺼내서 막 바르는 용. 타제품에 비해 보습효과 현저히 적음. 3. 바이오힐 보 프로바이오덤 콜라겐 볼륨 립밤 15ml - 화장하기 전이나 입술 주름 메꾸고 싶을 때 바르는 용. 아프지 않은 플럼핑 효과가 있어서 입술을 빤빤하고 통통하게 만들어 줌. 다만 리치해서 입술 다 바르고 얹거나 흡수되지 않은 상태에서 립 바르면 다 밀림. 제일 자주 쓰는 데일리 립밤 4. 키엘 립밤 넘버원 15ml - 안에 알갱이가 으깨지면서 미끄덩한 느낌이 좋은데 대창기름st라 혼자 있을 때만 바름. 희한하게 어떤 날엔 바르고 나면 건조해지면서 각질 우다다 올라옴.  취침용 1. 라네즈 립 슬리핑 마스크 EX 베리 20g - 바르고 잠들기 가장 좋은 질감. 향도 좋고 듬뿍 발라놓고 잠들면 적당한 촉촉함이 남아있음. 2. 라네즈 립 슬리핑 마스크 거미베어 3g - 향이 달콤해서 진짜 배고픈 밤엔 안 바르는 것 추천. 3. 에뛰드 하우스 진저슈가 오버나이트 립마스크 15g - 튜브형으로 쓰다가 집 앞 올영에 안 팔길래 넘어온 건데 너~무 과하게 끈적해서 아침에 잘 안 닦임. 얼른 써버리고 튜브형으로 다시 살 예정. 4. 큐립연고 8g - 한참 각질 심했을 때 약국에서 추천해 준 립밤. 듬뿍 바르고 잠들지 4일 만에 촉촉 입술 되찾음. 충성을 다 할 것. 컬러 립밤까지 나열하면 끝이 없을 것 같아 여기까지…. 11/24  촉촉한 입술 유지 성공! 워치 충전을 까먹은 채로 잠들어 수영 기록을 못 남겼다. 대신 건강한 식단(이라 쓰고 밥 차려먹을 힘도 없을 때까지 조져졌기에 간편하게 때웠다고 읽는다)으로 운동 인증. 화장할 힘도 남아있지 않아 끙끙 거리며 화장했더니 시간이 꽤 지체되어 택시를 타고 약속 장소로 향했다. 편안함+ 시간 절약 + 약속 시간 지킴과 택시비를 맞바꿨다. 앞으론 20분만 더 빨리 움직이자. 갤러리가 언덕 위에 있어 올라가는 동안 굉장히 힘들었지만 그래도 올라가야지 뭐 어쩌겠어. 덕분에 불필요한 힘이 다 빠져서 유정님과의 첫 연습도, 영상 촬영도... ",2025.12.01.,왁자지껄 구짱이,입술 보습 챙기기 11/24 - 11/30,감자,"안녕하세요. 감자입니다! 오늘은 #노원개성주악 가밀148 포스팅입니다. 며칠 전부터 개성 주악이 굉장히 먹고 싶어서 찾아보다가 의정부에도 한곳이 있는데 닫아서 여기로 방문했답니다. 의정부에는 카페 설기란 곳에 판매하는데 다음에 저기도 가봐야겠어요. 가밀 148이 위치한 곳은 수락산역 4번 출구에서 도보 5분 정도 걸리는 것 같고 주차할 공간이 없었고 감자는 포장이라 후다닥 다녀왔습니다. 가밀 148  연락처 : 02 - 6949 - 3354  주소 : 서울 노원구 동일로 237낙길 54. 1층 ⏰ 영업시간 : 11:00 - 19:00 라스트 오더 18:30  민생 회복 소비 쿠폰 O 노원 개성 주악 내부 모습입니다. 테이블은 오른쪽에도 두 개 더 있었는데 사람들이 디저트를 먹고 있었어요. 감자가 방문한 시간은 초저녁쯤 네시에 방문했네요. #가밀148 전통 카페라 분위기가 특색 있고 다음에는 와서 먹어보고 싶네요. #의정부개성주악 의정부 개성주악 메뉴 가밀 148 음료 메뉴입니다. 단팥죽 6,000 팥빙수 5,000 쌍화차 6,000 대추차 6,000 곶감 수정과 5,000 식혜 4,000 팥빙수도 궁금하네요. 감자는 노원 개성 주악을 사러 왔는데 하나밖에 안 남은 거 있죠?ㅠㅠ 연신 이 사실을 믿고 싶지 않았어요... 쇼윈도에 덩그러니 한 개가 남아있었습니다.. 그래도 하나 남은 게 어디인가요... 이 주변에 개성 주악 파는 곳이 많지 않아 굉장히 아쉽습니다. 감자 손재주가 좋다면 만들어보고 싶지만 굉장히 어려울 것 같네요. 금액은 개당 3,500원이었어요. 크기는 손바닥 4/1만한데 가격이 많이 나가요. 그 옆에 오란다도 많더라고요. 궁금해서 오란다 하나만 사 왔는데 하나만 사 온 게 너무 아쉬워요. 노원 오란다 진짜 맛있더라고요. 다음에 가면 오란다 쟁여올래요. 많이씩 묶음 판매했으면 좋겠습니다. 포장지도 귀여운 가밀 148. 소중한 디저트를 품에 안고 집에 가보겠습니다. 아주 소소하게 두 개만 사 왔습니다. 여러 개 있었으면 더 사 왔을 텐데 굉장히 아쉬워요. 위에는 감태가 올라간 것 같아요. 조합이 달달하고 짭조름해서 잘 어울리네요. 노원 개성 주악의 맛은 겉이 엄청 바삭한 느낌은 아니었고 그냥 쫀득한 찹쌀떡 먹는 느낌이었습니다. 와 가밀 148 오란다가 진짜 맛있어요. 엄청나게 딱딱하지도 않고 적당히 달아서 완전 감자 취향이었고 찐빵이도 아주 맛있다고 하더라고요. 다음에 가면 오란다 많이 쟁여와야겠어요. 날씨가 굉장히 더운데 다들 더위 조심하시고 안전 운전하세요. 이만, 감자였습니다!",2025.07.29.,감자의 하루,노원 의정부 개성주악 가밀 148 오란다 맛집,"개성주악- 고려시대 개성에서 임금님이 드시던 전통떡으로 찹쌀로 반죽, 발효, 지짐까지 매일 아침 직접 정성으로 만들고 있습니다.",가밀148 노원구
연우연,延宇延,"카페,디저트",咖啡館，甜點,영업 중,112,21,서울 동대문구 전농로 235 1층,청량리역 3번 출구에서 897m,영업 중 20:00에 영업 종료,0507-1305-9497,https://www.instagram.com/yeonwooyeon_koreandessert,"예약,무선 인터넷,포장",,https://ldb-phinf.pstatic.net/20260425_40/17771013656617mm10_JPEG/1000045969.jpg,https://ldb-phinf.pstatic.net/20260425_13/1777101357448qVN4h_JPEG/1000045935.jpg,,,,감사모둠세트,60000,https://ldb-phinf.pstatic.net/20250915_239/1757909792296qpDde_PNG/KakaoTalk_20241005_013232724.png,,,,,개성주악선물세트(기본),25000,https://ldb-phinf.pstatic.net/20250915_3/1757909553387V8egw_JPEG/KakaoTalk_20250911_143751923_07.jpg,,,,,개성주악선물세트(믹스),30000,,,,,,,,,,,,,,,,,,,,,,,,,,,,,,,,,,,,,,,,,,,,,,,,,,,,,,,,,,,,,,,,,,,,,,,,,,,,,,,,,,,,,,,,,,,,,,,,,,,,,,,,,,,,,,,,,,,,,,,,,,,,,,,,,,,,,,,,,,,,,,,,,,,,,,,,,,,,,,,,,,,,,,,,,,,,,,,,,,,,,,,,,,,,,,,,,,,,,,,,,,,,,,,,,,,,,,,,,,,,,,,,,,,,,,,,,,,,,,,,,,,,,,,,,,,,,,,,,,,,,,,,,,,,,,,,,,,,,,,,,,,,,,,,,,,,,,,,,,,,,,,,,,,,,,,,,,,,AARON,"서울시립대, 떡전교 인근에 있는 한식 디저트카페인데 늘 궁금해하다가 드디어 다녀옴 연우연 1인 다과상 그날 그날 준비된 디저트로 마련해주신다고 한다. 쌈육포(안에는 잣), 금귤정과, 키위정과 커피양갱, 흑임자양갱 개성주악, 월병 국화차 서비스로 주신 콩가루 입힌 도라지정과 #연우연 #한식디저트 #전농동카페",2025.02.21.,WINDSTALKER,250220. 연우연 / 동대문구 전농동,알맹,"지난번 경복궁 생과방에서 개성주악을 하나 먹곤.. 성에 안 차서 집 가다가 들린 개성주악 맛집 ‘연우연’ 연우연 주소: 서울 동대문구 전농로 235 1층 운영: 화~토 12:00-19:30 *일,월 휴무 연락: 010-****-**** 청량리와 시립대 사이에 있는 연우연은 다식 전문 카페예요! 몇달 눈여겨보다가 다녀왔어요. 들어갔는데 텅-텅- 비어있어서 깜짝 놀랬어요. ㅎㅎ 거의 주문 판매를 하신다고 해요! 그래서 조금만 만들어 놓으시는 것 같더라고요~! 냉장고엔 월병과 홍옥(사과), 호두, 키위 등의 정과도 있구 도라지, 생강청 같은 것도 있어요! 개성주악 맛은 총 6개로 이뤄져있어요! (확대해서 봐주세요!) 금귤정과도 파는 다식집이서 그런가 금귤 에이드도 팔더라고요~ ㅎㅎㅎ 내부는 이렇게 생겼슴다. 테이블은 2개로 4인용 1개, 2인용 1개예요! 저는 이날 제주 작설차(6,500원), 개성주악(2,500원), 홍옥정과(5,000원), 땅콩월병(3,500원)을 주문했어요! 조금 기다리니 이렇게 사장님의 예쁜 감성 담아, 플레이팅 해주셨어요! 아기자기한 다식들, 넘 귀엽죠?! 땅콩월병은 안에 앙금에 호두, 호박씨 등이 들어 있었어요! 예상외라 재밌었어요! ㅎㅎ 제주 작설차은 따뜻하고, 고소하고, 푸릇푸릇하니 다식과 잘 어울리고~ 맛있었습니다. 개성주악 이것보고 한 입에 먹었는데, 정말 한 입 가득 달달촉촉, 촬깃~ 맛났어요! 홍옥정과도 약간 촉촉하니 아삭아삭(?) 맛있었어요~ 메뉴는 이렇게 구성되어 있어요! 거의 선물 주문을 많이 받으신대요! 수제 육포 맛있겠다.. 여튼, 이동네에서 개성주악을 먹을 수 있다니..! 넘 좋았어요! 이날도 잘 먹었슴다~~☺️",2025.10.30.,알맹의 잘 먹고 노는 백과사전,청량리 개성주악 맛집 ‘연우연’ / 내돈내산 다과 시립대 카페,밍핑,"연우연 주소: 서울 동대문구 전농로 235 (전농동 103-286) 영업시간: 11:00~18:00 (일요일 정기휴무) 주차: 불가 오늘은 한식 디저트가게인 연우연 다녀왔습니다. 여자친구가 약과를 조금 고급스럽게 만든 개성주악이라는 디저트에 빠져있어서 쿠팡으로 이것 저것 시켜먹다가 저희동네에 직접 만들어서 파는 가게가 있기에 방문했습니다. 위치 및 주차정보 위치는 떡전교사거리에서 시립대 올라가는 방향쪽이고 청량리역에서는 900m로 거리 조금 있습니다. 주차는 불가하여 예약해놓고 잠깐 받아가시는 것 아니면 안에서 차 드실떄는 도보나 대중교통 이용하시는 것을 추천드립니다. 내부 & 메뉴 가격 내부는 작지만 가게가 너무 이뻣고 다과상이나 한식차도 판매하였습니다. 오늘은 개성주악 위주로 리뷰합니다. 개성주악 기본 2500원 개성주악 초코,흑임자 3000원 전통차 6500원 저희는 처음부터 개성주악만 노리고 방문해서 개성주악만 종류별로 먹어봤습니다. 개성주악 플레인한 기본은 2500원 위에 토핑이 올라간건 3000원에 판매중이였는데 매일 아침 하나하나 만든다고 합니다. 약간 튀김 같은 느낌으로 겉은 엄청 바삭하고 속은 촉촉하면서 씹으면 조청맛 시럽같은게 입에 기분 좋게 나와서 건강은 살짝 걱정되지만 거부할 수 없는 너무 맛있는 맛이였습니다. 진짜 한번은 먹어봐야 할 맛이에요~!!!! 업체 제공사진 입니다. 연우연 총평 특이한 한식 디저트 가게로 한번쯤 방문할 가치가 있는 가게였습니다. 선물세트나 포장손님위주로 내부는 좁아서 편안하게 차를 즐기기에는 조금 무리가 있는 듯 보였습니다. 저는 많이는 아니여도 한번씩 방문해서 사먹을 것 같네요. 집에 어르신있으면 너무 좋아 할 것 같습니다. 데일리하게 먹는 음식은 아니여도 한번씩 생각날 것 같은 맛이고 가게입니다~!!!!",2025.11.26.,냠냠로그,[동대문구맛집/전농동맛집]맛있게 달은 개성주악 맛집 &#39;연우연&#39; 리뷰,"연우연은 한식디저트전문점입니다. 대표메뉴는 개성주악,금귤정과등이 있습니다. 선물세트 포장전문으로 기존메뉴에서 선택하셔도되고, 원하시는구성으로 예산에맞춰 구성가능하세요~ 백일,돌잔치,결혼식,기업행사 단체답례품도 맞춤구성가능합니다~ 감사합니다^^",연우연 동대문구
명과정 합정점,明果亭合井店,"카페,디저트",咖啡館，甜點,영업 중,373,79,서울 마포구 성지길 57 1층 101호,합정역 7번 출구에서 328m,영업 중 20:00에 영업 종료,0507-1395-7313,https://smartstore.naver.com/meonggwajeong,"포장,무선 인터넷,간편결제,주차",,https://ldb-phinf.pstatic.net/20241217_145/1734427160265zqPEW_JPEG/%B8%ED%B0%FA%C1%A4_%B0%B3%BC%BA%C1%D6%BE%C7.jpg,https://ldb-phinf.pstatic.net/20240822_154/1724299918178WJOPl_JPEG/20231018_141353.jpg,,,,개성주악,2000,https://ldb-phinf.pstatic.net/20241217_128/1734427172815s4mSa_JPEG/%B8%ED%B0%FA%C1%A4_%C0%E3%C1%D6%BE%C7.jpg,,,,,잣주악,3000,https://ldb-phinf.pstatic.net/20241217_220/1734427182830HvKOI_JPEG/%B8%ED%B0%FA%C1%A4_%C0%DA%B8%F9.jpg,,,,,자몽주악,3000,https://ldb-phinf.pstatic.net/20241217_23/1734427253838LQMEY_JPEG/%B8%ED%B0%FA%C1%A4_%BA%ED%B7%E7%BA%A3%B8%AE.jpg,,,,,블루베리주악,3000,https://ldb-phinf.pstatic.net/20241217_29/1734427262875rzyTA_JPEG/%B8%ED%B0%FA%C1%A4_%B0%F9%B0%A8.jpg,,,,,곶감주악,3000,https://ldb-phinf.pstatic.net/20241217_143/1734427272183plxMG_JPEG/%B8%ED%B0%FA%C1%A4_%BE%D3%B9%F6%C5%CD%C1%D6%BE%C7.jpg,,,,,앙버터주악,3000,https://ldb-phinf.pstatic.net/20241217_140/1734427299401KajHw_JPEG/%B8%ED%B0%FA%C1%A4_%BC%BC%C6%AE_4.jpg,,,,,주악 골고루10구세트,25000,https://ldb-phinf.pstatic.net/20241217_19/1734427310557bSpap_JPEG/%B8%ED%B0%FA%C1%A4_%BC%BC%C6%AE_2.jpg,,,,,개성주악기본10구세트,20000,https://ldb-phinf.pstatic.net/20241217_142/1734427325079aFx09_JPEG/%B8%ED%B0%FA%C1%A4_%C0%BD%B7%E1_10.jpg,,,,,아메리카노(핫) 테이크아웃,3500,https://ldb-phinf.pstatic.net/20241217_60/1734427335813inoVd_JPEG/%B8%ED%B0%FA%C1%A4_%C0%BD%B7%E1_8.jpg,,,,,아메리카노(아이스)테이크아웃,3500,https://ldb-phinf.pstatic.net/20241217_146/1734427345783NVDII_JPEG/%B8%ED%B0%FA%C1%A4_%C0%BD%B7%E1_9.jpg,,,,,카페라떼 테이크아웃,3500,https://ldb-phinf.pstatic.net/20241217_289/17344273540160sDOE_JPEG/%B8%ED%B0%FA%C1%A4_%C0%BD%B7%E1_7.jpg,,,,,카페라떼아이스 테이크아웃,4000,https://ldb-phinf.pstatic.net/20241217_250/17344292803149Fvyr_JPEG/%B8%ED%B0%FA%C1%A4_%C0%BD%B7%E1_3.jpg,,,,,쑥차테이크아웃,3500,https://ldb-phinf.pstatic.net/20241217_95/1734429258727FuWLB_JPEG/%B8%ED%B0%FA%C1%A4_%C0%BD%B7%E1_1.jpg,,,,,제주녹차 테이크아웃,3500,https://ldb-phinf.pstatic.net/20241217_280/1734429271733D9Hfm_JPEG/%B8%ED%B0%FA%C1%A4_%C0%BD%B7%E1_2.jpg,,,,,제주호지차 테이크아웃,3500,https://ldb-phinf.pstatic.net/20241217_251/17344274373015PSEQ_JPEG/%B8%ED%B0%FA%C1%A4_%BC%BC%C6%AE_17.jpg,,,,,양갱4구세트,14000,https://ldb-phinf.pstatic.net/20241217_220/1734427463742Ko2Yc_JPEG/%B8%ED%B0%FA%C1%A4_%BC%BC%C6%AE_16.jpg,https://ldb-phinf.pstatic.net/20240822_129/1724299818667rVDaU_JPEG/1716978969142.jpg,,,,정과세트,24000,https://ldb-phinf.pstatic.net/20241217_299/173442912160640oYi_JPEG/%B8%ED%B0%FA%C1%A4_%BC%BC%C6%AE_13.jpg,https://ldb-phinf.pstatic.net/20240822_288/1724299133648zQrBa_JPEG/Screenshot_20240401_170650_NAVER.jpg,,,,명과정세트,35000,https://ldb-phinf.pstatic.net/20241217_200/1734429135241Ui0hT_JPEG/%B8%ED%B0%FA%C1%A4_%BC%BC%C6%AE_24.jpg,https://ldb-phinf.pstatic.net/20240822_40/1724299236090BLk6S_JPEG/1720680543127.jpg,,,,양갱세트,35000,https://ldb-phinf.pstatic.net/20241217_244/1734429152333CqBLM_JPEG/%B8%ED%B0%FA%C1%A4_%BC%BC%C6%AE_21.jpg,,,,,한아름세트,70000,https://ldb-phinf.pstatic.net/20241217_113/1734429164729DvLod_JPEG/%B8%ED%B0%FA%C1%A4_%BC%BC%C6%AE_23.jpg,https://ldb-phinf.pstatic.net/20240822_247/1724299422814L5bq8_JPEG/1701163483249.jpg,,,,도라지정과세트,55000,https://ldb-phinf.pstatic.net/20241217_266/1734429176829Xya83_JPEG/%B8%ED%B0%FA%C1%A4_%BC%BC%C6%AE_22.jpg,https://ldb-phinf.pstatic.net/20240822_234/1724299748282oLMTP_JPEG/1701163470749.jpg,,,,곶감단지세트,65000,https://ldb-phinf.pstatic.net/20241217_170/1734429200114UPrhq_JPEG/%B8%ED%B0%FA%C1%A4_%B9%E3%BE%E7%B0%BB2.jpg,,,,,밤양갱,3300,https://ldb-phinf.pstatic.net/20241217_58/1734429207996JY8Lp_JPEG/%B8%ED%B0%FA%C1%A4_%C8%E6%C0%D3%C0%DA%BE%E7%B0%BB2.jpg,,,,,흑임자양갱,3300,https://ldb-phinf.pstatic.net/20241217_129/1734429220557agJrv_JPEG/%B8%ED%B0%FA%C1%A4_%B5%B5%B6%F3%C1%F6%BE%E7%B0%BB2.jpg,,,,,도라지양갱,3000,https://ldb-phinf.pstatic.net/20241217_45/17344292275727jeMl_JPEG/%B8%ED%B0%FA%C1%A4_%C6%CF%BE%E7%B0%BB2.jpg,,,,,팥양갱,3000,https://ldb-phinf.pstatic.net/20241217_204/173442929781965fsC_JPEG/%B8%ED%B0%FA%C1%A4_%B0%F9%B0%A8%B4%DC%C1%F62.jpg,,,,,곶감단지,8000,https://ldb-phinf.pstatic.net/20241217_107/1734429313490RVzUR_JPEG/%B8%ED%B0%FA%C1%A4_%B5%B5%B6%F3%C1%F6%C1%A4%B0%FA2.jpg,,,,,도라지정과,4500,https://ldb-phinf.pstatic.net/20241217_183/1734429328179OpVLW_JPEG/%B8%ED%B0%FA%C1%A4_%C8%A3%B5%CE%C1%A4%B0%FA2.jpg,,,,,호두정과,4500,,,,,,,,,,,,,,,,,,,,,,,,,,,,,,,,,,,,,,,,,,,,,,,,,,,,,,,,,,,,,,,,,,,,,,,,,,,,,,,,,,,,,,,,,,,,,,,,,,,,,,,,,,,,,,,,,,,,,,,,,,,,,,,,,,,,,,퐝스,"8월의 어느날. 2달 전인데 1년 전 같은 느낌. 나이들 수록 시간의 흐름이 더욱 빠르게 느껴지는거 같다. 8월, 마포에 위치한 종교 시설에 다녀왔다. 원래는 언니와 조카도 같이 예약해서 방문했는데, 조카가 조금 힘들어해 하는 것 같아서 언니와 조카는 먼저 나갔다. 모든 일정이 마무리된 후, 그들을 찾아 나섰고. 그렇게 나를 기다리고 있던 자매님과 조카님을 다시 만났다. 그들이 날 기다리던, 곳, 더위를 피해 들어가 있던 곳은 우리 전통 디저트를 판매하는 #명과정 이었다. 정말 온 몸이 녹을 것처럼 더운 날이었어서 그런지, 출입문을 열자마자 이곳이 천국인가-느껴졌다. ㅋ 진짜 너무 더웠다... 이미 1차 디저트를 끝낸 그들은 날 위한 디저트를 다시 주문해주었다. 명과정은 처음이었는데, 이곳은 수제 디저트를 판매하는 곳이었다. 수제 양갱, 개성주악, 곶감에 대추와 이것저것 넣은 우리 디저트. (이름을 모르겠음...) 완전 취향저격 디저트 카페였다. 수제 양갱의 겉은 탄탄했고, 속은 잘 익은 밤으로 가득했다. 양갱 좋아하는 엄마 생각이..(엄마, 내 다음에 준비할게. 합정 갈 일이 생기면...) 개성주악도 너무 달지도, 너무 딱딱하지도 않고 먹기에 딱 좋은 정도였다. 그리고 곶감 속에 견과류를 가득 넣은 디저트는 생각보다 달지 않고 식감도 좋았다. 그리고 탄탄한데 부드럽고, 적당히 달달했던 양갱. 나의 영혼의 음료, 아이스 아메리카노와도 잘 어울렸다. 물론, 따뜻한 우리 차와 함께라면 더욱 좋았을 것 같기도 하다. :) 전통 디저트를 좋아하는데 합정에 간다면, 갈 일이 있다면 명과정에 들려 잠시 쉬어가도 좋을 것 같다. 아. 그리고 모두 수제 디저트 같았다. (?) 직접 만들어서 진열장에 채우는 모습을 보았다. 광고 아님. 저는 광고가 없어도.....광고 주시면 더 정성을 다해 쓰겠습니다. ㅋㅋㅋㅋㅋㅋㅋㅋㅋㅋㅋㅋㅋㅋㅋㅋㅋㅋㅋㅋㅋㅋㅋㅋㅋㅋㅋㅋㅋㅋㅋㅋㅋ 화이팅. #명과정 #전통디저트 #합정디저트 #합정역명과정 #명과정합정점 #합정개성주악 #개성주악 #밤양갱 #수제양갱 #수제밤양갱",2025.11.01.,소소한 일상,합정 수제 전통 디저트 카페 명과정 방문기,리우잉,"추석 선물 합정카페 명과정 안녕하세요. 다들 다가오는 추석 선물 준비하셨나요??? 저는 집 근처에 있는 합정카페 명과정에서 추석 선물 준비 완료했어요. 명과정은 개성주악으로 유명한 곳인데, 추석선물도 받고 계시더라고요. 매장 위치 주소 : 서울시 마포구 성지길 57 찾아가는 법 : 합정역 7번출구 도보 5분 주차 : 건물 1층 차량 1대 주차 가능, 양화진 공영주차장 이용 영업시간 : 월-일 10:00 ~ 20:00 (10/6, 10/7 추석 휴무) 합정카페 명과정은 합정역에서 도보로 5분 거리에 위치해 있어요. 매장 내부 & 분위기 매장 내부는 작지만 좌석도 깔끔하게 자리 배치 되어 있어서 아늑했어요. 카페에서 간단하게 음료와 디저트 즐기기에는 공간이 충분해 보였어요. 추석 선물 세트 결혼 후 답례품으로도 명과정에서 호두정과를 주문했었는데, 그때 다들 맛있다고 반응이 너무 좋았거든요. 명과정 지나가다 추석 선물 세트 예약을 받는 다는 포스터를 보고 들어갔어요. 선물세트는 총 10가지가 있었고 가격대도 다양해서 선택 폭은 넓었어요. [추천 추석 선물세트] 1. 명과정 세트 (35,000원) : 도라지 정과, 호두 정과, 팥 양갱, 도라지 양갱 2. 한아름 세트 (70,000원) : 곶감단지, 도라지 정과, 호두 정과, 팥 양갱, 도라지 양갱 3. 양갱 10구 세트 (35,000원) : 팥 양갱, 도라지 양갱, 밤 양갱, 흑임자 양갱 저희는 명과정 세트로 총 4세트 구매했고, 그 자리에서 바로 포장해서 선물 세트 구성해주셨어요! 만약에 맘에 드는 구성이 없을 경우에는 가격대에 맞춰서 포장도 해주시는 것 같았어요. 결혼 답례품 할 때는 호두 정과 2개씩 구성해서 만들어 주셨었어요. 한식 디저트 종류 선물세트에 들어가는 디저트 종류들은 모두 매장에서도 판매하고 있었는데요. 명과정은 특히 개성주악이 유명해요!! 수제로 직접 디저트를 만드시는 곳으로 호두정과도 먹어봤는데 퀄리티가 높고 정말 맛있었어요. 어른들이 좋아하시는 많이 달지 않고 정성이 담긴 맛이에요.  개성주악 선물 세트 포장하는 동안 개성주악 2개를 주셔서 저희도 먹어봤는데요. 찹쌀 도너츠 같은 식감인데, 훨씬 더 쫀득쫀득한 느낌이었어요. 이건 드셔보셔야 알 수 있어요. 그리고 명과정 개성주악은 많이 달지 않고 생강향이 은은하게 나서 너무 맛있게 먹었어요. 개성주악, 호두정과 외에도 도라지 정과와 양갱 종류도 판매하고 계셨어요. 곶감단지도 판매 중이었는데, 맛이 어떨지 너무 궁금했어요. 음료 메뉴 커피나 차 종류도 같이 판매하고 있어서 디저트와 같이 먹으면 좋을 것 같아요.... ",2025.09.24.,my favorite.,"합정카페 명과정에서 추석 선물 준비 끝 : 답례품, 개성주악 구매후기",배고파굶주리다,"합정역 7번 출구 쪽에서 조금 걸으면 금방 발견하는 명과정! 우동 먹으러 가기 전에 들러봤는데, 입맛 돋우기 딱 좋았다. 오후에 방문했는데 사람은 적당히 있는 편! 매장이 깔끔하고 예쁜데 직원분들도 안내 잘해주시고 친절하시다. 여기는 특이하게 의자에 놓인 방석이 정말 편안하다. 짝꿍이랑 앉아서 수다 떨기 딱 좋은 느낌! 마침 옆 테이블에서 소개팅을 하고 있어서 짝꿍이랑 ""어머어머 설렌다"" 하면서 구경도 하고 즐겁게 시간 보냈다. ㅋㅋ 주문한 음료와 디저트 등장! 담음새가 너무 예쁘고 정갈해서 사진 찍기 좋다. 식혜 5,000원 , 아메리카노 + 주악 세트 5,000원 , 곶감단지 8,000원 식혜는 얼음까지 식혜를 얼린 것 같다! 인공적인 단맛이 아니라 진짜 식혜의 단맛이라 너무 맛있다. 아메리카노도 약간의 산미에 은은한 쑥 향(?)이 나는데 상큼함이 추가된 느낌이라 디저트랑 찰떡궁합! 이라고 생각했는데!?! 찾아보니까 쑥 아메리카노는 없는건가...? 잘못된 기억인지 다음에 다시 가봐야 알 것 같다 ㅋㅋㅋㅋㅋㅋㅋ 동그란 기본 메뉴인 개성주악은 쫀득하니 맛있고 곶감단지는 홍시랑 견과류가 같이 들어있어서 오독오독 좋다 적당히 단데 물리지 않게 견과류가 맛을 잡아준다. ✨ 아메리카노랑 개성주악을 세트로 먹으면 주악을 1,000원 할인해 준다! 음료 하나하나 정성이 가득 담긴 게 느껴져서 대접받는 기분이었다. 합정역 근처에서 분위기 있고 조용한 카페 찾을 때나 멋진 전통 디저트 먹어보고 싶을 때 가보면 좋을 것 같다. 맛있게 잘 먹었습니다 #명과정 #합정카페 #합정역카페 #합정디저트 #개성주악 #개성주악맛집 #곶감단지 #합정맛집 #합정역맛집 #식혜맛집 #쑥아메리카노 #합정데이트 #합정역데이트 #합정소개팅 #합정분위기좋은카페 #전통디저트 #K디저트 #전통카페 #서교동카페 #합정가볼만한곳 #합정역7번출구 #디저트할인 #내돈내산 #카페투어 #솔직후기 #주말데이트 #디저트맛집 #전통차 #합정역분위기 #합정핫플",4일 전,.,"[합정 카페] 정갈한 전통 디저트 맛집, 합정 명과정","*합정역 7번 출구에서 도보 5분*

아담하고 깔끔한 분위기 속에서
한식 디저트를 만나보세요!

국내 최고의 개성주악 맛집,
전통 디저트인 개성주악, 옛날양갱,
호두정과, 도라지정과, 곶감단지 등을
수제로 만들어 커피,차와 함께 판매합니다

생막걸리로 발효시킨 찹쌀과 생강향이
가득한 즙청으로 마무리한 개성주악은
겉은 바삭, 속은 촉촉한 맛이 일품입니다.

지나치게 달지 않아 은은한 생강향이
입안 가득 퍼지며, 먹을수록 자꾸
생각나는 매력적인 디저트입니다.

한식 디저트와 잘 어우러지는 인테리어와
친절한 서비스가 돋보이는 이곳에서
특별한 디저트를 경험해 보세요.

상냥한 미소와 함께
최상의 맛을 선사합니다 :)",명과정 마포구
믜요,Myeo,"카페,디저트",咖啡館，甜點,영업 중,170,107,서울 마포구 동교로 256-10 2층,홍대입구역 3번 출구에서 547m,영업 중 20:00에 영업 종료,0507-1305-5740,https://www.instagram.com/muiyo___,예약,,https://ldb-phinf.pstatic.net/20240602_112/1717322030255Foq1J_JPEG/IMG_5435.jpg,,,,,차 와 3종 과자 세트,18000,https://ldb-phinf.pstatic.net/20250906_61/1757147448778w8JJI_JPEG/1220976.jpeg,https://ldb-phinf.pstatic.net/20250906_185/1757147449342WQOTe_JPEG/1220979.jpeg,,,,크림치즈 호두 곶감쌈,9000,https://ldb-phinf.pstatic.net/20230505_243/16832864386479cqQM_JPEG/F8D35516-80E7-4C46-BE5B-1B314A9C2A69.jpeg,https://ldb-phinf.pstatic.net/20230505_58/1683286438879erSNo_JPEG/767C2608-C6C1-4438-BA38-770E25173524.jpeg,,,,개성주악,3000,https://ldb-phinf.pstatic.net/20240602_156/1717322631219h3bae_JPEG/IMG_7002.jpg,https://ldb-phinf.pstatic.net/20240602_110/1717322631300jGEe3_JPEG/IMG_7009.jpg,https://ldb-phinf.pstatic.net/20240602_92/1717322631494yYy5z_JPEG/IMG_7014.JPG,,,아살모 밀크티,8000,https://ldb-phinf.pstatic.net/20260221_105/1771660578224beabX_JPEG/1250104.jpeg,https://ldb-phinf.pstatic.net/20260221_15/1771660579817p1cjO_JPEG/1250112.jpeg,,,,두바이 곶감단지,9500,https://ldb-phinf.pstatic.net/20260201_262/1769925502744ISn9o_JPEG/1250033.jpeg,,,,,정안밤 통팥양갱,5800,https://ldb-phinf.pstatic.net/20250611_276/1749621700222m08Uq_JPEG/1220210.jpeg,,,,,계절차 [사계절의 흐름을 담아요],8000,,,,,,,,,,,,,,,,,,,,,,,,,,,,,,,,,,,,,,,,,,,,,,,,,,,,,,,,,,,,,,,,,,,,,,,,,,,,,,,,,,,,,,,,,,,,,,,,,,,,,,,,,,,,,,,,,,,,,,,,,,,,,,,,,,,,,,,,,,,,,,,,,,,,,,,,,,,,,,,,,,,,,,,,,,,,,,,,,,,,,,,,,,,,,,,,,,,,,,,,,,,,,,,,,,,,,,,,,,,,,,,,,,,,,,,,,,,,,,,,,,,,,,,,,,,,,,,,,,,,,,,,,,,,,,,,,,,,,,,,,,,,,,,,별숲,"SEOUL TEA ROOM 믜요 오래간만에 홍대에 나갈 일이 생겨 지도 위에 찜콩해 두었었던 믜요의 찻자리를 예약했다. (네이버 지도에서 예약 가능) 자그마한 공간에 단정한 기물들이 알차게 공간을 차지하고 있다. 오늘의 내 찻자리 차 종류는 많지 않았다. 하동 쑥 감국차를 마실까 화롄 밀향 홍차를 마실까 고민하다가 밀향 홍차로 결정했다. -유자 레몬 양갱 -유자단자 떡과 유자 정과 -피칸 강정과 메이플 버터를 품은 대추 정과 -개성 약과 -개성 주악 개성 주악은 생각했던 것보다 훨씬 바삭 쫄깃했고 무엇보다 마음에 들었던 것은 바로 유자 정과! 집에 만들어두고 차 마실 때마다 하나씩 꺼내 먹고 싶어졌다. 잣을 이용해서 꽃처럼 장식한 정과는 예뻐서 먹기 아까울 정도였지. 병과 하나하나 정성스러운 손길이 들어갔을 테다. 맛있고 아름다운 시간이었다. 차는 한 번 더 우려주셨다. 만족스러운 티타임을 즐기고, 오래간만에 홍대에 나온 이유이기도 했던 영화를 보러 인디스페이스로 총총. 무릎까지 쌓인 눈을 밟으러 여행을 떠나고 싶게 만들어주는 영화. 대책 없이 떠나도 괜찮을 것 같다는 파워 J로서는 도저히 할 수 없는 생각을 하게 만들어 준 영화. 이제 끝내야지 나는 재능이 없으니까. 그런 좌절의 마음을 품고 떠난 여행에서 다시 시작할 수 있는 에너지를 가득 채우고 그 여행의 끝에 보여준 맑고 해사한 심은경 배우의 얼굴이 참 좋았던 영화였다.",2025.12.21.,별숲살롱,"[서울티룸/연남동] 믜요, 전통 한과와 티를 즐길 수 있는 작은 공간",떼요닝,"원래대로라면 치앙앙2일차가 되어야하지만 아시다시피 밀림의 왕인 관계로 결국에는 묵혀둔 티룸포스팅으로 옵니다 예.. 이곳은 예전에 망원동 티룸을 대실패한 이후에.. ( 아직도 그런 일본풍 분위기 티룸에 트라우마 있음 ) 칼을 갈고 찾아서 맛도 있고 분위기도 좋고, 뭔가 전문성 있는 느낌이 있는 곳을 찾아서 예약한 곳인데 기대한것보다 너무 좋았어서 소개해 봅니다. 연남 차차티클럽도 없어진 마당에.. 이만한 티룸이 또 있을까요..? 물론 연남은 티룸이 많긴 하지만 그래도 여기 차 모르는 친구 데려가도 최소한 욕은 안 먹을 곳이라고 생각함. 연남 티룸 믜요 티푸드가 예쁜 분위기 좋은 찻집 아마 소규모 찻집이라 예약이 필수였던 걸로 기억함. https://m.booking.naver.com/booking/6/bizes/889536/items/5014434?theme=place 100% 예약제 맞네요. 너무나 순한글 이름스럽고 매력있어서 한참을 쳐다보게된 심플한 벽 간판. 내부 공간은 상당히 소담함. 바테이블 제외하고 한두테이블 정도에 바쪽도 크게 자리가 많지는 않음. 아마 바쪽에서는 티 오마카세나 티 클래스를 진행하시겠지? 단품으로 판매하는 디저트들이 진열되어 있는데 우리는 다과 한상차림을 주문했다. 이것저것 다 먹어보고 싶거등요. 일단 티매트랑 코스터, 앞접시 플레이팅 보고 감탄함. 아니 벌써 이렇게 예쁘다고요? 먼저 내주신 차. 개완도 예쁘고 귀달이 찻잔 너무 귀여워잉. 차는 아마 금준미 주문했던 기억이 남. 차맛도 상당히 좋고 뜨거운물도 요청드리면 계속 채워주셨다. 다식 나오자마자 예뻐서 기절할 뻔 했네요. 일단 맛은 둘째치고 플레이팅이 이렇게 예술이어도 되나요? 개성주악, 양갱, 화과자, 금귤정과, 모약과, 피칸정과. 그리고 요술봉같이 생긴 잣. 접시 아래, 위로 잎사귀와 꽃잎들로 장식하신게 너무 예뻐서 먹을 엄두가 안났다. 하지만 번번히 이겨내고 먹어치우지요? 그것으로 고급보디를 이루어냈으니까 ㅋ 화과자와 개성주악은 생각보다는? 평범했고 약과와 피칸강정이 진짜 눈 크게 뜨게 하는 맛이었다. 피칸정과는 너무 맛있어서 따로 개별구매해서 가져왔다. 그만큼 바삭하고 맛있음. 사장님은 계속 안에서 다식을 만들고 계셨다. 무조건 여기는 다시와야된다고 다짐한 곳. 콧노래가 절로 나옴  잣도 빼놓지 않고 먹어주고 나왔읍니다. 여기는 진짜 너무너무 추천하는 티룸. 차를 잘 모르더라도 충분히 만족스럽게 즐길수 있는 세련된 찻집이었다. 연남동 티룸 믜요 영업시간 : 매일 13:00 20:00, 캘린더 예약으로 확인",2024.09.22.,집순이의블로그,"[연남동 티룸] 고즈넉하고 아늑하면서도 다식 플레이팅이 예술인 연남동 찻집, 믜요.",행복뀨,"주말 [홍대] 데이트 다녀온 행복뀨 입니다 추운 날, 따뜻한 차 한잔이 간절했던 날 날이 너무 추워서 자연스럽게 따뜻한 차 한잔이 떠오르던 주말 데이트. 조용히 쉬어가기 좋은 찻집을 찾다가 방문했어요 • 예약 없이 바로 입장했어요 지도 보고 찾아가는데 “이 길이 맞아…?” 싶을 즈음 하늘을 올려다보니 2층에 보이네요 계단을 조심조심 올라가면 아늑하고 조용한 공간이 나옵니다. 처음엔 바 좌석에 앉았는데 자리가 나서 뒷 테이블로 이동했어요. 이때 찻잔까지 직접 옮겨주셔서 사소하지만 친절함이 느껴졌어요. 디저트가 특히 인상 깊어서 다음엔 다른 디저트 먹으러 다시 방문해야지 <차(茶)와 어울리는 다과를 만듭니다.> 맛있는 다과 직접 만드는 카페 아살모 아이스 밀크티 • 아살모 아이스 밀크티 | 8,000원 달지 않고 홍차 향이 은은하게 퍼지는 스타일 전체적으로 부드럽고 깔끔한 맛 개인적으로는 홍차 맛이 조금만 더 진했으면 좋았겠지만, 부담 없이 마시기엔 딱 좋은 밀크티였어요. 따뜻한 차 주문 한번 리필 가능 디저트 후기 • 개성주악 백화점에서 먹었던 개성주악은 기름진 맛이 강해서 조금 부담스러웠는데, 여기는 정말 맛있었어요! 전혀 기름지지 않고 담백하면서 쫀득한 식감 딱딱하지 않고 촉촉함 유지 개성주악 맛집 인정 밀크티랑도 잘 어울렸어요. 따뜻한 차 한잔으로 자연스럽게 릴렉스되는 공간 조용해서 대화하기도 좋고 혼자 와도, 데이트로도 잘 어울리는 분위기 • 주소 : 서울 마포구 동교로 256-10 2층 • 영업시간 : 13:00 - 20:00 • 휴무 : 매주 월,화 • 주차 : 불가 2026. 02. 08.까지 명절을 맞이할 수 있도록 다과 선물 세트를 준비했다고 한다 혹하네..♥ 개성주악부터 너무 맛있었어..",2026.02.02.,행복뀨,"[홍대] 연남동 찻집 카페, 믜요","믜요는 한식디저트를 기반으로 차와 어울리는 다과를 만듭니다. 좋은 재료를 선별하여 직접 손질하고 하나하나의 과정에 정성을 드립니다.

작고 요란하지 않는 공간에서
다과와 차,그리고 벗들과 함께
서로의 이야기들로 채워지는
평온한 한날의 우리를 그려보세요-

차 와 과자.
함께 하기 좋은날_믜요",믜요 마포구
감과당,柿子和玉米糖漿,"카페,디저트",咖啡館，甜點,영업 중,132,106,서울 서대문구 증가로 24 2층,,영업 중 19:00에 영업 종료,070-7677-5600,https://www.instagram.com/gamgwadang,"포장,예약,무선 인터넷",,https://ldb-phinf.pstatic.net/20230310_189/16784601118937lFKT_JPEG/1678460088550.jpg,,,,,개성주악,2000,https://ldb-phinf.pstatic.net/20250702_9/1751439488719cuMaV_JPEG/IMG_5302.jpg,,,,,들깨주악,2500,https://ldb-phinf.pstatic.net/20240620_61/17188647083829SVQg_JPEG/IMG_6630.jpeg,,,,,쑥 주악,2500,https://ldb-phinf.pstatic.net/20240525_252/1716634793134zEWBU_JPEG/IMG_9112.JPG,,,,,땅콩 주악,2500,https://ldb-phinf.pstatic.net/20240620_1/1718864725162METO8_JPEG/IMG_6588.jpeg,,,,,잣 주악,3000,https://ldb-phinf.pstatic.net/20240525_32/1716634784419qUkfD_JPEG/IMG_9113.JPG,,,,,곶감 주악,3000,https://ldb-phinf.pstatic.net/20240620_60/17188647437900QTTS_JPEG/IMG_6606.jpeg,,,,,통팥 주악,3000,https://ldb-phinf.pstatic.net/20240525_80/1716634774173BBEQs_JPEG/IMG_9111.JPG,,,,,금귤 주악,3000,https://ldb-phinf.pstatic.net/20240815_74/172369465522036tQV_JPEG/IMG_6874.JPG,,,,,키위주악,3000,https://ldb-phinf.pstatic.net/20240830_269/1725009670727XcLSp_JPEG/A4C1FB9D-00B1-4770-9A39-86E0C0ED077B.JPG,,,,,청귤주악,3000,,,,,,애플시나몬주악,3000,https://ldb-phinf.pstatic.net/20240815_112/1723694717879zhnQX_JPEG/6A1A351E-662A-4AD5-9F36-1E33818D074F.JPG,,,,,곶감단지,8000,https://ldb-phinf.pstatic.net/20250102_52/1735815934202eS60P_JPEG/IMG_2394.jpg,,,,,도라지 정과(50g),5000,https://ldb-phinf.pstatic.net/20250201_129/1738390905232Gb3XK_JPEG/%C8%A3%B5%CE%C1%A4%B0%FA.jpg,,,,,호두 정과(60g),5000,https://ldb-phinf.pstatic.net/20250207_244/17389045242251Hgld_JPEG/%BE%E0%B0%FA%C6%C4%C0%CC_%BE%D6%C7%C3%BD%C3%B3%AA%B8%F3.jpg,,,,,약과파이(애플시나몬),3000,https://ldb-phinf.pstatic.net/20240620_291/1718864762688epIvT_JPEG/IMG_6663.jpeg,,,,,도라지 양갱,3000,https://ldb-phinf.pstatic.net/20240620_22/1718864777040zJRky_JPEG/IMG_6636.jpeg,,,,,통팥호두 양갱,3000,https://ldb-phinf.pstatic.net/20240526_197/1716650170950iYpVe_JPEG/IMG_9105.JPG,,,,,알밤 양갱,3500,,,,,,작업실 커피,5000~5500,,,,,,하동 쑥차,4500,,,,,,제주 호지차,4500,,,,,,제주 녹차,5000,,,,,,,,,,,,,,,,,,,,,,,,,,,,,,,,,,,,,,,,,,,,,,,,,,,,,,,,,,,,,,,,,,,,,,,,,,,,,,,,,,,,,,,,,,,,,,,,,,,,,,,,,,,,,,,,,,,,,,,,,,,,,,,,,,,,,,,,,,,,,,,,,,,,,,,,,,,,,,,,,,,,,,,,,,,,,,,,,,,,,,,냥냥이,"명인이 만든 개성주악이라고 해서 선물용으로 구매하러 방문함 매장은 2층에 있고 포장하기 위해 잠시 주차는 가능하지만, 연희동은 역시 주차가 너무 힘들다. 이름이랑 일러스트가 잘 어울리는듯하다. 영업시간은 매주 목/금/토 12시부터 저녁 7시까지로 영업일이랑 영업시간이 짧으니 꼭 참고해서 방문해야 할듯하다. 전통약선음식명인 명인패 매거진에도 소개되고 후기도 좋고 유명한곳인것 같다. 내부는 전통디저트 매장답게 포근하면서도 원목 테이블이 잘 어울려 아늑하면서 편한 느낌을 준다. 주방도 완전 오픈형이고 사장님도 직원분도 엄청 친절하셨다. 내부에 화장실도 있었다. 주악, 양갱, 도자리정과,호두정과, 약과, 곶감단지 메뉴랑 마실 수 있는 차와 커피가 있다. 선물포장 박스들과 종류 구성은 꼭 이대로 판매하는건 아니고 원하는대로 바꿔서 구성할 수 있다. 보자기 포장 예시 픽업예약, 곶감당지 자르는법 보관 및 먹는 법이 귀엽게 적혀있다. 선물박스도 깔끔하다. 진열되어 있는 귀여운 동물모양의 주악들 ㅎ 양갱은 총 4종류로 3천원에서 3천5백원 주악종류는 총9가지로 제일 기본이 2천원 나머지는 2천5백원부터 3천원까지 모양이 참 예뻐서 선물하기 좋을것 같다. 주악은 처음 먹어봤는데 쫄깃하면서 생각보다 많이 달지 않아서 맛있었다. 식감도 과하게 쫄깃한 스타일이 아니라 고급스럽고, 단맛도 가공식품의 단맛이 아니라 좋은것 같다. 유자청과 대추고, 호두정과를 넣어 만든 곶감단지 8천원이라 좀 비싼감은 있지만 안먹어봐도 맛있을것 같다! 라즈베리잼와 애플시나몬은 올린 약과파이 3천원으로 기존 약과보다는 덜 달고 밀가루맛이 많이 나는 스타일이 아니라 역시 고급스러운 맛이었다. 젊은 사람들도 좋아할 것 같은! 깔끔한 포장 2천원짜리 개성주악이지만 예뻐서 선물하기 좋다. 곶감단지랑 양갱, 호두정과, 도라지 정과로 구성한 선물세트 연희동 주차가 힘들고 영업일 맞추기가 쉽진 않지만 전통 디저트 선물용으로 좋은것 같다.",2025.01.08.,내사랑냥냥이,[연희] 명인이 만든 쫄깃한 개성주악과 디저트_감과당(feat.선물세트),제이형,"한국 전통 간식, 디저트에 관심 많았는데 친구가 종종 사먹으러 간다는 곳에 서울 나들이겸 같이 가봤다. 전통 디저트를 현대적으로 재해석했는데, 약선 명인 김은정 선생님이 운영하시며  위치 서울 서대문구 증가로 24, 2층 ⏰ 영업시간 매주 목요일부터 토요일까지 오후 12시부터 7시까지 개성주악, 양갱, 도라지정과, 호두정과, 곶감단지 등 다양한 전통 한과를 판매하는 곳이다! 포장 주문하고 기다리는동안, 호두강정 먹어보라도 주신거 냠냠. 개성주악은 찹쌀가루에 막걸리를 넣어 반죽한 후 기름에 지져내는 전통 과자로, 쫄깃한 식감과 은은한 단맛이 특징이다 +_+ 이곳은 다양한 토핑과 재료를 활용한 개성주악 메뉴들이 있는데..! 나는 일반 개성주악, 곶감주악, 잣주악, 쑥주악 포장해왔다. 두근두근 개성주악 첫 시식! ..... 쫜득쫜득. 존맛탱 한 입 베어 물면 느껴지는 쫀득함에 반할맛! 따뜻한 차와 함께 즐기기에 넘 좋다. 조상님들..맛있는거 먹으셨군.",2025.02.03.,제이형 일상 블로그,"연희동 숨은 한과 맛집, 고소하고 쫀득한 개성주악의 맛! (info. 감과당 )",,,,,,"건강하고 맛있는 과자집, 감과당

<오픈일 / 픽업 가능 시간>

목,금,토 12:00 ~ 19:00
일 12:00 ~ 17:00

** 예약시 주의 사항 안내를 꼭 읽어주세요.",감과당 서대문구
김씨부인,金夫人,"카페,디저트",咖啡館，甜點,영업 중,163,190,서울 서초구 서래로1길 8 트윈빌 B동 2층,,영업 중 18:00에 라스트오더,0507-1386-5327,http://www.kimssibooin.com/,"무선 인터넷,단체 이용 가능,포장,대기공간,예약,간편결제","생방송투데이 2658회, 20.09.14.2020년 9월 14일 소반차림특",https://ldb-phinf.pstatic.net/20240816_286/1723758394676fy8lg_JPEG/1000021896.jpg,https://ldb-phinf.pstatic.net/20240810_57/1723264019575Od9WL_JPEG/IMG_0789.JPG,https://ldb-phinf.pstatic.net/20240810_134/17232639234141w4Pq_JPEG/IMG_1466.JPG,,,계절소반차림,,https://ldb-phinf.pstatic.net/20240816_10/1723757831236GDTYR_JPEG/1000023674.jpg,https://ldb-phinf.pstatic.net/20240816_183/1723757830981CVFml_JPEG/1000024483.jpg,https://ldb-phinf.pstatic.net/20240816_89/1723757225667aPqlR_JPEG/1000025362.jpg,https://ldb-phinf.pstatic.net/20200727_33/159583404292969DGL_JPEG/pTJkhfbSeTv0p-CncLDC3TM_.jpg,,소반차림(시그니처),28000,https://ldb-phinf.pstatic.net/20230815_212/1692085335799nDUbJ_JPEG/1599196057813-3.jpg,,,,,백자합,38000,https://ldb-phinf.pstatic.net/20240810_130/1723263297417XeL4a_JPEG/IMG_0439.JPG,,,,,다식구절백자합,,https://ldb-phinf.pstatic.net/20240816_259/1723758065112uaqFS_JPEG/1000025154.jpg,https://ldb-phinf.pstatic.net/20240816_60/1723758064652kVIwo_JPEG/1000025690.jpg,https://ldb-phinf.pstatic.net/20240816_99/1723758065071q70JP_JPEG/1000024846.jpg,https://ldb-phinf.pstatic.net/20230815_238/1692085645508lAmx5_JPEG/1599196057813-1.jpg,,아담 (2人),28000,https://ldb-phinf.pstatic.net/20230815_59/1692085788538nTMcu_JPEG/1599196057813-0.jpg,,,,,다담 (3人),38000,https://ldb-phinf.pstatic.net/20240529_212/1716920326425UlH58_JPEG/20221013_132431.jpg,https://ldb-phinf.pstatic.net/20240529_278/17169202668670mG25_JPEG/IMG_8808.JPG,https://ldb-phinf.pstatic.net/20240529_298/17169200984993a0kR_JPEG/20221013_154604.jpg,,,"차, 커피",,https://ldb-phinf.pstatic.net/20240529_129/1716919226471vzuJB_JPEG/1000012120.jpg,https://ldb-phinf.pstatic.net/20200727_83/1595835776042i3iIV_JPEG/uYYXkAK3w64MiuDwjLPl1Mc9.jpg,https://ldb-phinf.pstatic.net/20200727_89/1595835808485WINqn_JPEG/ZoZg2CE51X7ca-i4c1Z2HvY1.jpg,https://ldb-phinf.pstatic.net/20200727_83/1595835833453LXCDs_JPEG/6nhAOM5Sjqhp0TcgKkpW9K9A.jpg,https://ldb-phinf.pstatic.net/20200727_204/1595835864415XXdG0_JPEG/VFJsH75SCYqIHxVhYZYpsEq4.jpg,전통음료,,,,,,,,,,,,,,,,,,,,,,,,,,,,,,,,,,,,,,,,,,,,,,,,,,,,,,,,,,,,,,,,,,,,,,,,,,,,,,,,,,,,,,,,,,,,,,,,,,,,,,,,,,,,,,,,,,,,,,,,,,,,,,,,,,,,,,,,,,,,,,,,,,,,,,,,,,,,,,,,,,,,,,,,,,,,,,,,,,,,,,,,,,,,,,,,,,,,,,,,,,,,,,,,,,,,,,,,,,,,,,,,,,,,,,,,,,,,,,,,,,,,,,,,,,,,,,,,,,,,,,,,,,,,,,,,,,,,,,,,,,TriplE,"안녕하세요 트리플입니다 오늘도 한 번 가봅시당!  웨딩홀 - 소노펠리체  플래너 - 아이니웨딩  상견례  스튜디오  드레스  헤어메이크업  예복  웨딩밴드 - 타사키  청첩장  본식스냅  아이폰영상 ♀️ 웨딩관리  신혼여행  혼주  혼주한복  웨딩마일리지 - 현대백화점, 롯데백화점 ※ 예약을 1월에 진행했기 때문에 지금과 차이가 있을 수 있습니다 ※ 상견례.. 내 기준 가장 어려운 미션이라고 생각했던 것.. 먼저, 저는 식사와 함께하는 상견례는 정말 하고 싶지 않았어요 안 그래도 어색한 분위기 속에 밥이 제대로 넘어갈 리가 없음.. 그리고 다이어트해야 해서 식단 조절해야 되는데 음식을 앞에 두고 깨작거릴 자신이 없음 주말에 데이트하느라 맨날 맛있는 음식 먹는 건 비밀.. 등의 이유로 결혼 준비하기 전부터 생각하고 있었어요 그래서 남자친구에게.. 가벼운 분위기로 다과를 즐기며 상견례 하는 게 어때?라고 물어봤고.. 제 의견엔 대부분 오케이 하는 사람이라 이번에도 흔쾌히 오케이! 일단 메뉴는 정해졌고... 이제 장소를 골라야 되는데................. 선택지가 그렇게 많지 않더라구요?! 왜냐면 대부분의 사람들이 차 마시면서 상견례를 하진 않음 후보지는 호텔 라운지와 조용한 카페 1. 롯데호텔 월드_더 라운지 앤 바 애프터눈티 12:00~17:00 \110,000 (2인) 주말 브런치 뷔페 운영 시 17시 주문 가능 저희는 2월에 상견례를 계획했는데.. 이때가 마침 딸기 브런치 시즌이라서 예약 자체가 너무 어렵더라구요 룸이 있기는 한데 꽉 차기도 했고, 가능한 시간이 원하는 시간이 아니었음 룸 차지가 있는데 상견례 하면 금방 채울 수 있을 금액이었어요 일단 17시는 너무 늦은 시간이었어요 애프터눈티 3세트 주문해서 먹을 계획이었고.. 가장 유력한 후보였는데 탈락 & 2. 롯데호텔 시그니엘_더 라운지 시그니엘 애프터눈 티세트 평일 12:00~1430 / 15:00~17:30 주말 11:00~13:00 / 13:30~15:30 / 16:00~18:00 \170,000 (2인) 분리된 공간이 있고, 고층에 위치하여 뷰가 좋을 것 같아서 고려 대상이었는데.. 가격 면에서 좀 부담돼서 탈락 & 3. 조선팰리스_1914 Lounge & Bar 애프터눈티세트 평일 14:00~17:30 주말 13:00~15:00 / 15:30~17:30 \120,000 (2인) 분리된 공간이 없지만 나름 조용하고 위치가 좋았던 곳 하지만 6인 좌석이 따로 없고 테이블을 붙여주는데 불편해 보여서 탈락☹ & & 4. 신라호텔_더 라이브러리 애프터눈티 12:00~20:00 \140,000 (2인) 남자친구가 안 땡긴다고 듣지도 않고 탈락시켰어요 ㅋㅋㅋ & > > & > & 5. 김씨부인... ",2026.04.08.,222,[W] 상견례까지 완벽하게 마무으리!,하니맘,"단아한 찻칩 오랫만에 서래마을에서 점심먹고 시끄러워서 조용한카페 찾아간 김씨부인. 한국 전통찻집이자 디저트집인데 아주 조용하고 단아하고 마음에 든다. 2층입구 수다가 쌓여 急들어가는 바람에 외관은 못담음. 요즘 네이버나 구글검색에 다 나오니 참고. 어찌됐건 2층으로 올라가니 조용하고 전통美가 살아있는 전통 디저트카페가 나옴. 내부 다기들 곳곳이 아름답고 전통스럽고 우아하며 프라이빗한 스페이스도 확보 가능하다. 메뉴판 클릭 오~ 빙수 먹고 싶었으나 배부르고 커피까지 마시고 나온터라 #오미자화채 , 수정과와 곶감쌈. 그리고 단품으로 김씨부인의 시그니처 디저트 #개성주악 2개 주문했다. 다시 카운터 다기들 다시 입구쪽으로 가서 선결제로 결제후 기다림. 각종 예쁜 한과, 오카시등 선물용으로 좋을 디저트들도 판매중. 외국인 친구들 데려오면 좋아할듯. 수정과 수정과와 곶감쌈 등장하고 나의 오미자화채도 나왔다. 영롱한 빛깔이 너무 예쁜데 맛도 영롱했다. 아주 맛있음. 수정과도 맛봤는데 맛있다. 창가쪽에 앉아 빛받은 테이블..세팅도 아주 맘에든다. 수정과 워낙 오미자차 좋아하는 나라 아주 오랫만에 맛있게 먹음. 별모양 토핑은. 한국배로 사료됨. 디저트 기대했던 개성주악은 좋은찹쌀 쓴듯. 그닥 달지않고 겉바속촉 약과나 모찌 먹는 식감이 좋았다. 담에는 빙수 먹으러 가야겠다.",2026.03.10.,♡ 하니맘의 러브하우스 ♡,서래마을 김씨부인 전통찻집 한국식디저트 카페,챌린저 언랑,"INTRO: 강남 최고의 개성주악! 부모님 첫인사 선물로 커피 & 개성주악 + 버터떡 + 두쫀쿠 등을 하기로 마음 먹은 이후 이왕이면 강남에서 가장 맛있는 개성주악을 선물로 드리면 좋겠다는 마음에 강남 개성주악 투어를 돌았어요! 1탄은 강남 고터 팝업 연리희재 2탄은 강남역 한과와락 개성주악 3탄은 신사역 합 개성주악 이었죠?! 그리고 마지막 4탄은 바로 방배동 서래마을에 위치한 '김씨부인'이예요! 서래마을 개성주악 맛집 김씨부인은 방배동 서래마을에 위치한 프리미엄 한식 디저트 카페입니다! 여기는 진짜 방문하자마자 분위기에 압도당해서 보석 같은 곳을 발견했다며 속으로 쾌재를 불렀던 곳이에요 ㅋㅋ 김씨부인 주소: 서울 서초구 서래로1길 8 트윈빌 B동 2층 (서래마을) 영업: 09:00 - 19:00 (18:00 라스트오더 / 매주 일요일 정기휴무) 주차: 매장 1대 가능 또는 서래마을 공영주차장 이용 추천 특징: 상견례 이후 후식, 부모님, 외국인 친구 등 귀한 사람과 같이 특별한 분위기를 즐기고 싶을 때! 출처: 네이버지도 고속터미널 5번출구 17분 신반포역 4번출구 17분 서래마을 개성주악 맛집 김씨부인은 서래마을에 있다보니 역에서 가깝진 않아요! 고속터미널역이나 신반포역에서 여유롭게 걸어오다 보면 만날 수 있습니다! STORE: 갤러리같은 기품이 가득! 서래마을 개성주악 맛집 김씨부인은 2층에 있답니다! 한번 계단을 올라가 볼까요?! 서래마을 개성주악 맛집 김씨부인 가게 안으로 들어가자마자 ""우와..."" 소리가 절로 나왔어요. 서래마을 개성주악 맛집 김씨부인은 화이트 톤의 깔끔한 벽면에 전통 백자와 다기들이 갤러리처럼 전시되어 있고, 멋스러운 병풍까지 쳐져 있어서 공간 자체가 주는 우아함이 엄청납니다. 특히 창가 쪽을 따라 놓인 1인용 소반(작은 상) 좌석들이 정말 인상적이었어요! 우리 고유의 반가 식문화인 1인 1상 '독상' 문화를 재현한 거라고 하더라고요. 채광 좋은 창가에 앉아서 조용히 다과상을 받으면 진짜 대접받는 기분 제대로 날 것 같은 고즈넉한 분위기입니다. 데이트하기에도, 어른들 모시고 오기에도 완벽해요! 서래마을 개성주악 맛집 김씨부인은 여러명이 앉을 수 있는 식탁도 있는데요. 예약을 해서 상견례 후 2차로 가거나 혹 우아하게 가족 모임을 하고 싶을 때 가면 너무 좋을 것 같아요! 조금은 기품있고 우아하게 시간을 보내보고 싶을 때가 있잖아요! 저는 여기에 온 후 제일 먼저 든 생각이 부모님을 모시고 오고 싶다는 생각이었어요! MENU: 정성과 정갈함의 끝판왕, 선물하기... ",2026.03.31.,언랑의 챌린지 로그,[서래마을 개성주악 맛집] 김씨부인: 바삭쫄깃 개성주악 외국인 친구 맛집 정갈함이 남다른 첫인사 선물,"김씨부인은 사계절과 시간을 오롯이 담아, 반가의 귀한 음식을 재해석한 다과와 음료를 소반에 차려냅니다.",김씨부인 서초구
예빈당 성수본점,藝會聖水總店,떡카페,米糕咖啡館,영업 중,1963,546,서울 성동구 성수이로 87 성문빌딩 1층,성수역 3번 출구에서 172m,영업 중 21:00에 라스트오더,0507-1441-5542,https://smartstore.naver.com/yebindang/category/b8a4d9b7869441c58f7ca2d6cd89c2e2?cp=1,"예약,배달,방문접수/출장,포장,단체 이용 가능,간편결제",,https://ldb-phinf.pstatic.net/20240714_268/1720931706939LoMj0_JPEG/KakaoTalk_20240714_132052447_09.jpg,,,,,100% 국내산 수제 팥빙수,16000,https://ldb-phinf.pstatic.net/20260304_121/17726222682167XS6z_JPEG/IMG_2295.JPG,,,,,생딸기 빙수,23000,https://ldb-phinf.pstatic.net/20250804_212/1754274177612Eekdx_JPEG/KakaoTalk_20250804_111341937.jpg,,,,,들석구이,10000,https://ldb-phinf.pstatic.net/20250513_137/1747124945955tvj0a_JPEG/%C0%D3%C0%DA%B6%F3%B6%BC_%BC%AD%BA%EA.jpg,https://ldb-phinf.pstatic.net/20250513_254/1747124938782a7xVR_JPEG/%C0%D3%C0%DA%B6%F3%B6%BC_%B8%DE%C0%CE.jpg,https://ldb-phinf.pstatic.net/20240714_12/1720930697221VwfFI_JPEG/KakaoTalk_20220926_170653480.jpg,,,임자라떼,6000,https://ldb-phinf.pstatic.net/20250513_138/1747122721864y9xPc_JPEG/%BF%C0%B9%CC%C0%DA_%B8%DE%C0%CE.jpg,https://ldb-phinf.pstatic.net/20240714_63/1720932085811O2cnG_JPEG/KakaoTalk_20220926_170653480_01.jpg,,,,오미자차,8000,https://ldb-phinf.pstatic.net/20250513_23/1747122804111ooHu7_JPEG/%BC%F6%C1%A4%B0%FA_%B8%DE%C0%CE2.jpg,https://ldb-phinf.pstatic.net/20250513_112/174712279743210l67_JPEG/%BC%F6%C1%A4%B0%FA_%B8%DE%C0%CE.jpg,https://ldb-phinf.pstatic.net/20240714_259/172093149354713Bci_JPEG/KakaoTalk_20220926_170653480_04.jpg,,,수정과,8000,https://ldb-phinf.pstatic.net/20250513_33/1747124083403qhXmE_JPEG/%C8%AB%BD%C3%BD%BA%B9%AB%B5%F0_%B8%DE%C0%CE.jpg,,,,,홍시스무디,7000,https://ldb-phinf.pstatic.net/20240714_255/17209316166442azGi_JPEG/KakaoTalk_20220926_173322909.jpg,,,,,미숫가루동동,7500,https://ldb-phinf.pstatic.net/20250513_259/1747125011544XsBPh_JPEG/%C0%AF%C0%DA%C2%F7_%B8%DE%C0%CE.jpg,,,,,유자차,7000,https://ldb-phinf.pstatic.net/20250513_14/1747124333176mUu29_JPEG/%C6%CF%B6%F3%B6%BC_%B8%DE%C0%CE.jpg,,,,,팥라떼,7000,https://ldb-phinf.pstatic.net/20250513_274/1747122693952NFKVI_JPEG/%C7%D1%B6%F3%BA%C0%BF%A1%C0%CC%B5%E5_%B8%DE%C0%CE.jpg,,,,,한라봉에이드,7000,https://ldb-phinf.pstatic.net/20250513_243/1747123136501JspfG_JPEG/%BB%FD%B5%FE%B1%E2_%BF%A1%C0%CC%B5%E5_%B8%DE%C0%CE.jpg,,,,,딸기레몬에이드,7500,https://ldb-phinf.pstatic.net/20250513_165/1747122846287xxJ59_JPEG/%BB%FD%B5%FE%B1%E2%B6%F3%B6%BC_%B8%DE%C0%CE.jpg,,,,,생딸기라떼,7000,https://ldb-phinf.pstatic.net/20250513_194/1747123737036U0zEc_JPEG/%B7%B9%B8%F3%BB%FD%B0%AD%BF%A1%C0%CC%B5%E5_%B8%DE%C0%CE.jpg,,,,,레몬생강차,7000,https://ldb-phinf.pstatic.net/20250513_226/17471236663629ToqC_JPEG/%BB%FD%B0%AD%B6%F3%B6%BC_%B8%DE%C0%CE.jpg,,,,,생강라떼,7000,https://ldb-phinf.pstatic.net/20241009_100/1728413254661VTtRm_JPEG/IMG_6293.jpeg,,,,,대추차,8500,https://ldb-phinf.pstatic.net/20250513_120/1747123349645IcPgn_JPEG/%C3%CA%C4%DA%B6%F3%B6%BC_%B8%DE%C0%CE.jpg,,,,,초코라떼,6500,https://ldb-phinf.pstatic.net/20250513_112/17471256040891RfzT_JPEG/%C4%AB%C6%E4%B6%F3%B6%BC_%B8%DE%C0%CE.jpg,,,,,카페라떼,5000,https://ldb-phinf.pstatic.net/20250513_245/1747125468972YBIzH_JPEG/%BE%C6%B8%DE%B8%AE%C4%AB%B3%EB_%B8%DE%C0%CE.jpg,,,,,아메리카노,4500,,,,,,,,,,,,,,,,,,,,,,,,,,,,,,,,,,,,,,,,,,,,,,,,,,,,,,,,,,,,,,,,,,,,,,,,,,,,,,,,,,,,,,,,,,,,,,,,,,,,,,,,,,,,,,,,,,,,,,,,,,,,,,,,,,,,,,,,,,,,,,,,,,,,,,,,,,,,,,,,,,,,,,,,,,,,,,,,,,,,,,,,,,,,,,,,,,,,,,,,,,,,미친초록,"이바지음식 잘 하는 곳, 신라호텔 결혼 예식에서 선택받는 예빈당 결혼이 다가오면 자연스럽게 가장 신경 쓰이게 되는 준비가 하나 있어요. 바로 이바지음식입니다. 드레스나 예식장처럼 눈에 보이는 준비도 중요하지만, 이바지음식은 양가 어른들께 격식과 정성을 전하는 상징적인 부분이라 대충 결정하기가 쉽지 않더라고요. 특히 요즘은 신부 이바지만 준비하는 것이 아니라, 신랑 이바지음식 흔히 답바지 또는 신랑답바지 까지 함께 준비하는 경우도 많아서 구성과 의미를 더 꼼꼼히 보게 됩니다. 지인과 함께 상담을 다녀온 곳은 예빈당이에요. 신라호텔 결혼 예식에서 이바지음식 주문이 많은 곳으로 알려져 있어서 처음부터 신뢰가 갔던 곳이기도 해요. 실제로 상담을 받아보니 결혼 이바지음식 구성 설명도 꼼꼼했고, 신랑 이바지음식(답바지)에 대한 안내도 차분하게 해주셔서, 과하지 않으면서도 격식 있고 정성 가득한 결혼 이바지음식을 선택할 수 있을 거 같아 한결 마음이 편안해졌어요. 사진으로 보는 이바지음식 구성 메뉴 마침 방문한 날 신라호텔 결혼 예식 이바지음식 픽업 일정이 있다고 하시더라고요. 예빈당은 성수역 인근에 위치해 있어서 직접 픽업하기에도 좋고, 퀵 발송도 비교적 수월해 보였어요. 예식 일정에 맞춰 이동 동선까지 고려하기 좋은 위치라는 점도 장점으로 느껴졌습니다. 궁중 특해산물 3종 목기세트 문어찜, 전복초, 대하구이로 구성된 궁중 특해산물 3종 세트입니다. 문어는 힘과 기운을 상징한다 해서 결혼 이바지음식에 빠지지 않는다고 하네요. 금가루가 살짝 뿌려진 전복초는 상차림을 한층 더 고급스럽게 만들어주는 포인트였어요. 특 모듬전 한우육전, 패주전, 대구전, 표고전, 새우전 집안 행사에 빠질 수 없는 메뉴, 바로 전이죠. 한우육전부터 패주전, 대구전, 표고전, 새우전까지 구성이 정말 알차더라고요. 하나하나 모양도 고르고 정갈해서 먹기 아까울 정도였어요. 정성 들여 준비한 느낌이 사진으로도 충분히 전해지시나요? 한우 소고기 편채 한우 소고기 편채는 보기만 해도 손이 많이 간 메뉴라는게 느껴졌어요. 통깨가 듬뿍 뿌려져서인지 너무 고소하고 맛난 향기가 저를 미치게 했던 메뉴입니다. 신선한 채소와 버섯을 소고기에 말아 톡 쏘는 겨자소스와 함께 먹는 상상만으로도 행복하네요. 갖은 영양이 듬뿍 담긴 최상급 일품요리가 결혼 이바지음식 구성에 빠질 수 없습니다. 홍어회무침 / 갈비찜 국내산 홍어를 친환경 우리 양념으로 무친 홍어회무침과 집안 잔칫날 빠질 수... ",2026.01.06.,미친초록,"이바지음식 잘 하는 곳, 신라호텔 결혼 예식에서 선택받는 예빈당",14P,예정에 없었지만 #성수 나들이 막판에 지하철 타러 가다가 #예빈당 앞을 지나게 되어 일본인 친구들에게 들어가 볼래..?? 조금 늦은 시간이었는데 꽤 많은 종류가 아직 남아 있어서 일단 친구들이 너무 예쁘게 생겼다고 와우~ 디저트도 어떻게 보여주느냐가 중요한 듯 ㅎ 아는 건 별로 없지만 개성주악이랑 개성약과에 대해서 이야기 해주면서 뭐 먹을지 고르고 음료도 주문했어요~ 흑미구름떡을 보면서 전에도 떡이 있었는지 몇 달만에 갔더니만 기억이 가물가물 ㅋㅋ 예빈당 좋은 점이 테이블 간격이 여유 있는건데 넓은 홀에 크리스마스 트리도 설치되어 있었어요 그림 보는 친구들 포즈는 그닥 자연스럽지 않고... 아메리카노 한 잔이랑 카페라떼 두 잔 그리고 주문한 세가지 디저트가 나왔습니다 일단 기본인 #개성주악 부터 시식~ 보통 혼자 먹을 때는 손으로 잡고 와그작 한입이지만 친구 두명에서 맛을 보게 하고 싶어서 나이프랑 포크 부탁해서 반 갈라서 나눠먹기~ 주악이 좀 단단한 편이라 자르는데 힘이 팍~ ㅋ 다음으로 #사과주악 나눠먹기 위에 있는 말린 사과랑 같이 먹는 맛이 새콤하고 달콤하고 좋더라구요~ 마지막으로 #개성약과 매번 미니약과를 선물하다보니 이런 모양의 #약과 는 첨 본다며 좋아했어요~ 사실은 저도 여기에서 첨 봤습니다 ㅋㅋㅋ 암튼 우연히 지나가다가 들른 덕에 일본인 친구들에게 한국 디저트 소개하고 즐겁고 좋은 시간 보낼 수 있었습니다~ ♡ 이상 #성수카페 #예빈당성수본점 내돈 내산 내먹 간단 후기였습니다~ ▶ 많은 공감 부탁 드려요~◀,2025.12.04.,14P 와가마마 레코멘,[日常] 성수 나들이 갔다가 개성주악과 개성약과를 일본인 친구들에게 소개해 봄 at 예빈당 성수본점,라임,"★★★ 예빈당 | 성수카페 중에서 전통 한식 디저트를 즐길 수 있는 곳. 개성주악과 약과, 떡, 한과를 맛볼 수 있고, 선물 세트도 예쁘다. 성수 카페 / 개성 주악 예빈당 전통 디저트 카페 [라임의 내 돈 내산 식당 리뷰] 매일 오늘 뭐 먹지 고민하는 직장인으로 괜찮았던 가게들을 소개합니다. 내돈내산 클린한 리뷰지만, 사장님들의 제휴는 열려 있습니다. 연락 주세요! 위치 서울 성동구 성수이로 87 성문빌딩 1층 운영시간 월요일 ~ 금요일 08:00~21:30 마지막 주문 21:00 주말 09:00~21:30 마지막 주문 21:00 주차 매장 앞 2대까지 주차 가능하지만 복잡해서 대중교통 이용을 권장한다. 분위기 나무와 아이보리색을 주로 써서 편안한 분위기이다. 메뉴 ■ 개성 주악 기본 주악 둥근 모양에 귀여운 변형이 있었다. 금귤주악 3,700원 호두주악 3,200원 ■ 꽃송편 색색으로 다양해. 각 2,500원 ■ 개성약과 페스츄리처럼 만든 약과가 3,300원 ■ 떡 종류 떡에 샤인머스켓이나 치즈, 초콜릿 등 다양한 재료가 들어갔고, 한 번에 먹기 좋은 크기로 진했다. ■ 선물세트 개성주악선물세트, 개성약과 선물세트, 양갱세트, 강정/정과로 구성된 다과 선물세트, 꽃송편 선물세트, 수제육포 선물세트, 구름떡 선물세트, 두텁떡 선물세트 등 다양한 종류가 있다. 눈으로 보기에도 예쁘고 만드는데에도 정성이 들어가 좋은 선물이 될 것 같다. 대추 꽃이 들어가니 구름떡이 더 돋보이게 예쁘네. 보석 모양의 양갱이 정말 예쁘다. 보자기 매듭도 어쩜 이렇게 꽃처럼 예쁘게 묶었는지. 개성주악은 대추를 사과 꼭지처럼 표현해 정말 예뻐. 금귤이 올라가 상큼하다. 꽃도 색이 알록달록해 보는 즐거움도 있어. 달지 않은 차가 커피 아니면 박하차 뿐이더라. 좋았던 점과 아쉬운 점 정리! ️좋았던 점은? 1) 우리 전통 후식을 현대적으로 재해석해 내놓는다. 성수역에는 외국인도 많이 와서 의미있는 작업이라고 생각해. 2) 선물세트 종류가 다양하다. 3) 디저트 비주얼이 인스타그래머블하다. 절로 카메라를 들게 만드는 아름다움. ️ 아쉬운 점은 1) 달지 않은 차가 더 많았으면 좋겠다. 디저트가 달기 때문에. 2) 사람 많고 혼잡한 편. 3) 오후에 가니 매대가 많이 비어 있어 선택지가 핝정적이었다. #예빈당 #성수카페 #성수동카페 #성수역카페 #개성주악 #K디저트 #개성약과 [함께 읽으면 좋은 글]",2025.12.06.,잘 먹고 잘 사는 라임씨,성수 카페 예빈당 개성 주악 약과 한과 파는 카페,"개성주악, 개성약과, 꽃송편, 버터떡, 두쫀떡, 백설기, 호박설기, 누텔라설기, 두텁떡, 약식, 구름떡, 콩가루 인절미, 앙버떡, 율고, 유과, 깜놀쿠키, 현미바크초코 등 매대에 다양한 코리안 디저트를 판매합니다.
(계절에 따라 디저트가 조금씩 변경됩니다.)

안녕하세요
코리안 디저트 카페 예빈당(yebindang) 입니다.
우리 전통 음식과 커피와의 만남으로 우리 음식을 트렌드하게 접할 수 있는 카페입니다.
혼례음식부터 선물세트, 그리고 코리안 디저트 카페까지, 예빈당은 대중화에 앞장서서 새로운 문화로 자리잡는데 기여하고 있습니다.

선물 세트 및 답례품 등은 예약 주문으로 진행하고 있으며, 이바지 음식 및 폐백음식은 1대1 맞춤 상담으로 진행 되오니 02-3443-5542로 연락하여 예약바랍니다.",예빈당 성동구
고호재 롯데월드몰점,豪豪齋樂天世界購物中心分店,"카페,디저트",咖啡館，甜點,영업 중,358,113,서울 송파구 올림픽로 300 5층,잠실역 2번 출구에서 20m,영업 중 21:30에 라스트오더,0507-1334-4561,,"단체 이용 가능,포장,남/녀 화장실 구분,대기공간,간편결제,주차",,https://ldb-phinf.pstatic.net/20251006_11/1759716128406lRXBw_JPEG/%BE%C6%C6%F7%C4%AB%C5%E4.jpg,,,,,아포카토,7000,https://ldb-phinf.pstatic.net/20241101_182/1730469127929StLw2_JPEG/%B2%C9%C2%F7%BC%BC%C6%AE.jpg,,,,,꽃차세트,12000,https://ldb-phinf.pstatic.net/20241101_242/1730469097216Aifva_JPEG/%B0%E8%C0%FD%B2%C9%C2%F7.jpg,,,,,계절꽃차,8000,https://ldb-phinf.pstatic.net/20241101_184/17304689401306QBzd_JPEG/%B8%C5%BD%C7%BF%A1%C0%CC%B5%E5.jpg,,,,,매실에이드,7000,https://ldb-phinf.pstatic.net/20241101_194/17304689187711bVDI_JPEG/%B8%C5%BD%C7%C2%F7.jpg,,,,,매실차,6000,https://ldb-phinf.pstatic.net/20241101_253/17304688857705kFS9_JPEG/%BE%E0%B0%FA%BE%C6%C0%CC%BD%BA%C5%A9%B8%B2.jpg,,,,,약과크럼블아이스크림,7000,https://ldb-phinf.pstatic.net/20241101_218/1730468865218eiR8v_JPEG/%B5%FE%B1%E2%BC%B3%B1%E2.jpg,,,,,딸기설기,4000,https://ldb-phinf.pstatic.net/20250908_109/1757305049564SbjST_JPEG/%C0%DB%C0%BA%B4%DC%C1%F6%BB%F3.jpg,,,,,작은단지상(1인),12000,https://ldb-phinf.pstatic.net/20241101_157/1730468801423NUYnO_JPEG/%B8%C5%C8%AD%BC%BC%C6%AE%282%C0%CE%B4%D9%B0%FA%BB%F3%29.jpg,,,,,매화세트(2인다과상),15000,https://ldb-phinf.pstatic.net/20241101_247/1730468683796vuCCX_JPEG/%B6%B1%BF%CD%C7%C3%B1%B8%C0%CC.jpg,,,,,떡와플구이세트(음료선택),14000,https://ldb-phinf.pstatic.net/20241101_97/1730468630573tMveO_JPEG/%B6%B1%BF%CD%C7%C3%B1%B8%C0%CC%BC%BC%C6%AE.jpg,,,,,떡와플구이,11000,https://ldb-phinf.pstatic.net/20241101_158/1730468605054gIvan_JPEG/%C0%CE%C0%FD%B9%CC%C5%A9%B7%CE%C7%C3.jpg,,,,,인절미크로플,12000,https://ldb-phinf.pstatic.net/20240330_57/1711799914212EK1Es_JPEG/20231023_154132.jpg,,,,,오미자에이드,7000,https://ldb-phinf.pstatic.net/20240330_176/1711799682853W8ujD_JPEG/1711269425540.jpg,,,,,개성주악,3700,https://ldb-phinf.pstatic.net/20240214_209/1707862572090FRrgp_JPEG/1700817022114.jpg,,,,,흑임자크로플,12000,https://ldb-phinf.pstatic.net/20240214_300/170786253223316bXq_JPEG/20231124_175837.jpg,,,,,오리지널 크로플,10000,,,,,,카라멜마끼아또,6500,https://ldb-phinf.pstatic.net/20240208_177/17074010807154Vwwm_JPEG/%B4%EB%C3%DF%C2%F7.jpg,,,,,대추차,6500,https://ldb-phinf.pstatic.net/20240208_269/17074010509911GoGx_JPEG/%BB%FD%B0%AD%B6%F3%B6%BC.jpg,,,,,생강라떼,6500,https://ldb-phinf.pstatic.net/20240208_291/1707401033618WVBC5_JPEG/%C3%CA%C4%DA%B6%F3%B6%BC.jpg,,,,,초코라떼,6000,https://ldb-phinf.pstatic.net/20240208_221/1707400951130I9f9f_JPEG/%B8%BB%C2%F7%B6%F3%C5%D7.jpg,,,,,말차라떼,6000,https://ldb-phinf.pstatic.net/20240208_70/1707400925001rx5Ll_JPEG/%C8%E6%C0%D3%C0%DA%B6%F3%C5%D7.jpg,,,,,흑임자라떼,6000,https://ldb-phinf.pstatic.net/20240208_100/1707400885029s1EAX_JPEG/%BE%C6%C0%CC%BD%BA%BE%C6%B8%DE%B8%AE%C4%AB%B3%EB.jpg,,,,,아메리카노,5500,https://ldb-phinf.pstatic.net/20240208_82/1707342801437BIDTp_JPEG/%C0%CE%C0%FD%B9%CC%C5%A9%B7%CE%C7%C3.jpg,,,,,인절미크로플,12000,https://ldb-phinf.pstatic.net/20240208_150/1707342611921jwTvU_JPEG/photo_2024-02-08_06-49-54.jpg,,,,,옛날팥빙수,14000,https://ldb-phinf.pstatic.net/20240208_69/1707342382767tszh1_JPEG/%BE%D6%C7%C1%C5%CD%B4%AB%C6%BC.jpg,,,,,고호재 애프터눈티,20000,,,,,,,,,,,,,,,,,,,,,,,,,,,,,,,,,,,,,,,,,,,,,,,,,,,,,,,,,,,,,,,,,,,,,,,,,,,,,,,,,,,,,,,,,,,,,,,,,,,,,,,,,,,,,,,,,,,,,,,,,,,,,,,,,,,,,,,,,,,,,,,,,,,,,,,,,,,지인,"잠실 롯데월드몰 카페 잠실 롯데월드몰 카페 고호재 한국식 다과상이 있는 곳 이번 포스팅에는 이런 내용이 담겨있어요. 잠실 롯데월드몰 카페 추천 및 소개 고호재 2인 다과상 후기 안녕하세요~! 먹고 노는 여행에 진심인 여행인플루언서 지인입니다. 오늘은 쇼핑몰의 활기찬 분위기도 좋지만 그 안에서 차 한잔의 여유를 즐길 수 있는 카페를 소개해볼게요. 잠실 롯데월드몰 고호재 1. 잠실 롯데월드몰 카페 추천 및 소개 잠실 롯데월드몰은 생겨난 이래로 올데이 핫플이죠. 쇼핑하고 영화보고 밥도 먹고 차도 마시고 모든 것을 할 수 있는 실내 공간! 오늘은 여기서 여유롭게 차 한잔을 즐길 수 있는 한식 다과상이 있는 카페를 추천해봐요. 위치 및 찾아가는 법 고호재는 롯데월드몰 5층에 위치하고 있습니다. 에스컬레이터를 타고 올라와 식당가 안쪽으로 들어오면, 갑자기 분위기가 바뀌며 조용한 섬 같은 곳이 있는데 그곳이 바로 고호재입니다. 잠실 고호재 주소: 서울 송파구 올림픽로 300 롯데월드몰 5층 영업시간: 매일 10:30 ~ 22:00 (라스트오더 21:00) 주차: 롯데월드몰 주차장 이용 가능 (유료) 인테리어 역시 일반 카페보다는 조금 더 한옥의 미가 가미된 듯한 느낌이 들어요. 잠실 고호재 고호재는 전통카페 컨셉 그대로 다양한 한식 다과상이 준비되어 있는데요. 다양한 전통차 외에도 커피 메뉴도 있기 때문에 누구나 방문하기 좋은 카페였어요. 잠실 고호재 저는 매화세트(2인 다과상)을 주문했습니다. 2인 가격 2만원에 한식 다과까지 제공되는거면 진짜 가격도 혜자인 느낌이 들더라고요. 2. 고호재 2인 다과상 후기 고호재 2인상 메뉴 구성과 맛 이번 방문에서는 **'매화세트(2인 다과상)'**을 주문했습니다. 소반 위에 정성스럽게 차려져 나오는 모습이 마치 귀빈 대접을 받는 듯한 기분을 들게 해요. 구성: 계절에 따라 조금씩 변동이 있지만, 보통 제철 과일 정과, 떡, 한과, 그리고 따뜻한 차가 함께 제공됩니다. 다과: 인위적인 단맛이 아니라 재료 본연의 맛을 살린 고급스러운 달콤함이 특징입니다. 특히 쫄깃한 식감의 떡과 바삭한 정과 등 여러가지 메뉴를 조금씩 맛볼 수 있어서 가볍게 차와 즐기기 완벽한 구성이었어요. 차(Tea): 깊은 풍미를 자랑하는 전통차는 다과와 함께 곁들였을 때 입안을 깔끔하게 정리해 줍니다. 저는 이날 배도라지차를 선택했는데요. 의외로 쓴맛이 거의 없이 도라지 향과 은은한 단맛이 감돌아서 좋더라고요. 총평 및 꿀팁 잠실에서 흔한... ",2026.03.31.,지인's 여행이야기,잠실 롯데월드몰 카페 고호재 한국식 다과상이 있는 곳,뢈슐랭,"충무로에 위치한 한국의집 고호재는 한옥에서 공연과 궁중 다과를 코스로 즐길 수 있어서 예약하기 어려울 정도로 인기였는데요 현재는 리모델링 관계로 휴관이라 아쉬웠는데 잠실 롯데월드타워에 고호재 카페가 있어서 티타임 즐기고 왔습니다 고호재 롯데월드몰점 잠실 전통 카페 궁중 다과 디저트 찻집 잠실 고호재는 롯데월드몰 5층에 있습니다 고호재 롯데월드몰점 서울 송파구 올림픽로 300 5층 0507-1334-4561 10:30 - 22:00 라스트 오더 21:30 유료 주차 가능 내부 내부는 전통카페 느낌보다는 일반 카페 분위기였어요 편하게 자리 잡고 주문 고고 메뉴 & 가격 정보 고호재 롯데월드몰점은 전통차, 꽃차, 커피, 음료, 디저트의 종류가 다양해서 2인 세트로 주문했습니다 주문한 메뉴 고호재 애프터눈 티 세트 총 20,000원 티 세트 전통 디저트 카페 고호재 세트 메뉴 애프터눈 티 세트 2인 20,000원 매화 세트 2인 15,000원 작은 단지상 1인 12,000원 떡 와플 구이 14,000원 디저트 다식, 약과, 설기 같은 다양한 전통 디저트와 현대적인 크로플, 케이크, 빙수 메뉴가 있어서 취향껏 고르기 좋겠죠~~ 주문 후 진동벨 받아왔습니다 자리 없어서 구석에 테이블 겨우 잡았네요 ㅎㅎ 우리의 한상  금귤정과, 호두, 연근 떡, 곶감 단지, 두텁떡 애프터눈 티 세트 주문하면 차는 전통차에서 1개 고를 수 있어서 장수차로 골랐습니다 무병장수해야지... ㅋㅋ 차는 티팟의 용량이 크지 않아서 둘이 마시기에 살짝 부족했어요~ 커피나 다른 음료를 추가하면 좋을 것 같아요 잎차가 아닌 티백이라 아쉬웠지만 장수차의 진한 맛은 괜찮았습니다 총평 잠실 롯데월드타워 카페 고호재에서 티타임을 가졌는데요! 저녁 시간에 카페인 부담 없어서 좋았습니다 다음에는 디저트 단품에 따뜻한 차를 마셔야겠어요 ^^",2026.01.26.,뢈슐랭의 데일리로그,고호재 롯데월드몰점 - 잠실 전통 디저트 티카페,야무진맘,"서울 잠실 롯데월드몰 5층 카페 고호재 전통차와 전통 디저트 원기차 · 쌍화대추차 · 쑥인절미 잠실 롯데월드몰 6층에서 곰탕 먹고 카페 방문하는데 역시나 많은 카페들이 만석이에요 전통 디저트 궁중 다과 카페 고호재는 조금 여유가 있네요 위치는 좋은데 옛 것이라는 이미지 때문인지 어른들과 외국인 관광객분들이 많아요 고호재 롯데월드몰점 서울 송파구 올림픽로 300 롯데월드몰 5층  2.8호선 잠실역 2번 출구에서 20m ☎️ 0507-1334-4561 ⏰ 매일 10:30 ~ 22:00 라스트 오더 21:30  유료 주차 가능 고호재는 사람들이 많이 지나다니는 길목 중앙에 위치해 있어서 사방이 뚫려 있어서 답답하지 않아요 안쪽 구석에 명당자리 발견해서 찜하고 주문해요 대화 나누기 정말 좋은 짱 박혔지만 개방감이 좋은 좌석이에요 고호재는 '옛 것을 좋아하는 이들의 집'이라는 뜻으로 도심 속에서 즐길 수 있는 한국의 집 전통 디저트 궁중 다과 카페입니다 아메리카노 마시러 왔다가 메뉴판 보고 생각이 달라졌어요 몸에 좋은 따뜻한 차를 마시기로 했어요 원기회복을 위한 원기차와 쌍화대추차를 주문하고 쑥인절미가 맛있다고 해서 추가해요 언니가 팥빙수도 맛나다고 해요 곰탕 먹고 몸을 뜨끈하게 했으니 오늘은 따뜻한 차로 결정했어요 디저트도 다양하게 많네요 궁중 다과도 궁금해요 프리미엄 궁중다과 고호재에서 맛난 디저트들을 먹어보세요 대추차, 원기차, 쑥인절미에요 쌍화대추차 6.50 대추가 둥둥~ 견과류도 둥둥~ 원기차 6.0 당귀, 천궁, 지황, 계피로 우려진 전통차 쑥인절미 4.50 팥이 들어간 쑥으로 만든 인절미 원기차는 쓰지 않고 당귀, 천궁, 지황, 계피가 들어가서 인지 약간의 달달한 맛도 있고 계피향도 나고 일반인들도 마시기 좋은 농도의 한약재를 사용한 것 같아요 쑥인절미에 팥이 많이 들어 있어서 맛있어요 팥이 많이 달지 않고 인절미 콩가루가 있어서 고소해요 전통찻집 전통 카페 새로운 경험이었어요 현대적인 세련된 분위기 안에서 전통의 맛을 느낄 수 있어서 더욱 좋았던 것 같아요 커피를 좋아하지 않으시거나 커피를 여러 잔 마시지 않아서 다른 음료를 찾으신다면 몸에 좋은 전통차를 드셔보세요 국밥 먹고, 전통차 마시고, 한복 구경한 어느 날 계획에 없었는데 하루를 지내고 보니 옛 것을 좋아하는 사람의 일상을 보냈네요",2026.04.16.,야무진맘의 야무진이야기,잠실 롯데월드몰 5층 고호재 전통 디저트 다과 카페,"고호재는 '옛 것을 좋아하는 이들의 집' 이라는 뜻으로
도심 속에서 즐길 수 있는 한국의 집 전통 디저트 궁중 다과 카페입니다",고호재 송파구
묘방,妙邦,"카페,디저트",咖啡館，甜點,영업 중,219,29,서울 송파구 송파대로 455,석촌역 8번 출구에서 224m,영업 중 20:00에 영업 종료,0507-1472-9604,https://blog.naver.com/myobang,"포장,예약,간편결제,주차",,https://ldb-phinf.pstatic.net/20251224_72/17665021235311mcTP_JPEG/KakaoTalk_20251222_162810894_11.jpg,https://ldb-phinf.pstatic.net/20251222_207/1766409857595pskvG_JPEG/KakaoTalk_20251222_162810894_08.jpg,https://ldb-phinf.pstatic.net/20251222_5/1766409845699qBsnq_JPEG/KakaoTalk_20251222_162810894_09.jpg,,,개성약과,3500,https://ldb-phinf.pstatic.net/20251225_220/1766645270914fuTR1_JPEG/1000000030.jpg,https://ldb-phinf.pstatic.net/20251224_96/1766502368012MqFef_JPEG/KakaoTalk_20251222_162810894_12.jpg,https://ldb-phinf.pstatic.net/20251224_179/1766502353098PMDjq_JPEG/KakaoTalk_20251222_233119561_03.jpg,,,개성주악,3000,https://ldb-phinf.pstatic.net/20251225_278/17666473776398s9EE_JPEG/1000000027.jpg,https://ldb-phinf.pstatic.net/20251225_109/17666473494968amEx_JPEG/1000000031.jpg,https://ldb-phinf.pstatic.net/20251225_168/1766645300267grJdb_JPEG/1000000028.jpg,https://ldb-phinf.pstatic.net/20251222_73/1766410597444tH4RP_JPEG/KakaoTalk_20251222_164238711_01.jpg,,인절미(한줌),3000,https://ldb-phinf.pstatic.net/20251225_187/1766647434176aXnFc_JPEG/1000000028.jpg,https://ldb-phinf.pstatic.net/20251225_246/17666474333609mMC5_JPEG/1000000032.jpg,https://ldb-phinf.pstatic.net/20251225_28/1766647434286Y0NYU_JPEG/1000000027.jpg,,,인절미(두줌),5000,,,,,,,,,,,,,,,,,,,,,,,,,,,,,,,,,,,,,,,,,,,,,,,,,,,,,,,,,,,,,,,,,,,,,,,,,,,,,,,,,,,,,,,,,,,,,,,,,,,,,,,,,,,,,,,,,,,,,,,,,,,,,,,,,,,,,,,,,,,,,,,,,,,,,,,,,,,,,,,,,,,,,,,,,,,,,,,,,,,,,,,,,,,,,,,,,,,,,,,,,,,,,,,,,,,,,,,,,,,,,,,,,,,,,,,,,,,,,,,,,,,,,,,,,,,,,,,,,,,,,,,,,,,,,,,,,,,,,,,,,,,,,,,,,,,,,,,,,,,,,,,,,,,,,daily dameumsae,"석촌역에서 석촌호수 가는길 신상 한식디저트 맛집을 발견했어요. '묘방' 이라는 달토끼가 예쁘게 그려진 곳이었는데요. 떡과 한과를 아기자기하게 판매하고 있었어요 ! 카스테라 인절미 킬러인 저로써는 인절미를 판다는데 가보지 않을수가 없더라구요 ㅋㅋ 한식 디저트 맛집 [묘방] 위치 8,9호선 석촌역 8번출구에서 도보로 10분거리에 위치해 롯데타워가 잘 보이는 큰 도로가에 있더라구요. 찾기도 엄청 쉬웠어요 ! 여유롭게 오전에 방문했는데 사장님께서 금귤정과 작업을 하고 계시더라구요 ! 하나하나 정성스레 포장하시는 모습을 보고 오,, 다 먹어봐야겠는데 싶었습니다 ㅋㅋ 개성약과가 맨 위에 있어서 시그니처 메뉴인가 했는데, 딱 맞더라구요 !! 페스츄리처럼 겹겹으로 쌓아진 전통약과인데 조청에 집청해서 은은한 단맛이 일품이라고 설명해주시던 ㅋㅋ 계피, 유자, 라즈베리가 있어서 먼저 하나씩 겟 !! 하나하나 정성스럽게 포장된 모습에 선물상자를 포장하기로 했어요. 때마침, 저녁에 오랜만에 지인을 만나기로 해서 선물하면 좋겠다 싶더라구요 ! 상자에 들어갈 수 있을만큼 구성할 수 있었어요 :) 좋아하는 인절미는 빼놓지 말고 카스테라로 찜해서 두 줌 ! 한 줌은 3,000원 두 줌은 5,000원 이에요 주문 즉시 바로 썰어서 주는게 최고 !!  판매하고 있는 메뉴들을 전시대에 전시를 해놓아서 마치 박물관과 같은 느낌이 나더라구요. 한국 문양이 돋보이는 식기에 하나하나 담겨져 정성스러움이 한층 더 느껴졌어요. 상자 크기별로 선물세트를 구성할 수 있었는데요. 고급스럽게 보자기 포장도 추가할 수 있더라구요. 상견례나 돌잔치 답례품으로 손색이 없던 구성이라 눈여겨 볼만 했습니다. 개성약과부터 개성주악, 쑥설기 금귤정과, 호두정과 등 판매하고 있는 제품들을 짜임새있게 구성하여 큰 상자 하나에 담았어요. 사장님께서 멋스럽게 포장해주셨답니다. 저희는 보자기 포장은 제외하고 상자까지만 포장했어요 !  간판 아래 우직하게 밭쳐주는 기와의 부드러운 곡선이 돋보이는 ""묘방"" 잠실 롯데타워나 석촌호수와도 가깝답니다 ! 저는 오후에 영화 예매를 해놔서 팝콘대신 카스테라 인절미를 먹으며 프로젝트 헤일메리를 봤어요 :) ㅎㅎ 우정이 싹튼 우주공간 드나들다보니 두 줌이었던 인절미 완전 순삭 !!  저녁에 지인을 만나 낮에 포장했던걸 선물했더니 너무 좋아하더라구요 ! 평소에도 디저트를 좋아하는데 야무진 구성에 고급스러워서 자기도 한 번 가봐야겠다며  특히, 금귤정과가 새콤하고 달달하니 3월에만 나오는... ",2026.03.22.,맛있는 담소가 있는 시간,"잠실 한식 디저트 신상 맛집 석촌역 [묘방] : 돌잔치, 결혼 답례품 추천",꺄륵,"안녕하세요 보은입니다 : ) 오늘은 간만에 식물말고 일상으로 왔슴다용!!! 네 안녕하세요 귀염둥이 입니다 캬캬캬캬캬 나이가 드니... 안먹으면 힘들고 먹으면 속아프고.. 네.. 아침밥도 챙겨 먹어야 하나 싶어지는 날이네요 흑흑 하지만 또 자리만 비우면 올려져있는 아가들의 사랑... 고맙다.. 열심히 일 하란거지 ? 나만의 동갑이.. 커피사주기 사수.. 역시 회식부장님 다운 멋있는 카리스마.. 점심시간에 잘라고 담요챙겨서 화장실 갔다가 자야지~~ 했는데.. 정영콩씨 어서 해명하세요 ..사죄의 의미인가요 예쁘게 접으셨군요 정방어회식부장님과의 동침 귀여워ㅠㅠㅠㅠㅠㅠㅠ 그치만 펼칠게요~ 찡긋 > ) 아니지.. 제 담요를 이용하신거 잊지않겠어요 아좌좌!! 우리는 하나!! 각일병인데 같은걸로 마셔!!!! 잊지 않기로 하고 회식 시킴.. 강쥠뉨 없는날은 역시 해산물 야호 맛도리~ 여기 줄서야 한다고 해서 저번에 못먹었는데 그닥... 줄서서 먹을정도는 아니었음 2차 야호 노르웨이곱창 싸요싸~! 근데 전 인절미 떡에 가루 거절합니다 오메 애기들 회사 옆에 백화점에서 일하는데 쉬는시간 생긴하고 바로 음료들고 찾아오는 이.. 예뿐넘들... ㅠㅠ 랍스터 테일 생겼다고 학교 점심시간에 와서 밥해주는 졸업생... 흑흑흑 아웃백 랍스터테일 쵝오 누가누가 잘했나~ 애들아.. 짜.. 기미보은 .. 출동... 버꾸 기사님 기여워요 키키키 애기가 들꽃을 주며 다음엔 더큰 꽃으로 드릴게요!! 라고 스윗하게 갔다 서울 벚꽃 다 질도록 못봄... 그래서 집으로 벚꽃놀이 옴 ㅑㅋ캬캬캬 미친.. 개예쁨.. 역시 집앞이 짱이야,. 젊커 들이.. 거의 뭐.. 데이트하듯 찍던데.. 집앞이라 엄마옷 입고 나가서 찍었다... 엄마를 찍은거임.. 벚꽃말고.. 엄마... ㅋㅋㅋㅋㅋㅋㅋㅋㅋㅋㅋㅋㅋㅋㅋㅋㅋㅋ 서로 찍어주다갘ㅋㅋㅋㅋㅋㅋㅋㅋㅋ 엄마 와다다다다다 난리남... 자동자 엔진 브금.. 소리 꺼진건가.. 블로그 동영상올리기 쉽지않네 그래도 예뿌당 히히히 장소궁금한사람~ 댓글다세요 ~~ 권사니겅듀넴이 알려준 우리집 포토스팟 겟마을차차차대신 다른 선호가 찍은 포토스팟입임ㅎㅎ 야호~ 냥히씨 안냐세요 하루 죙일 식빵을 구우시네여 엄마랑 7시에 눈떠서 아침먹자마자 수목원가서 식물쇼핑.. 굳굳~ 할머니와 드롸이브를 위한 바다가기 날씨 진짜 미먼제로 최고 간만에 일하기 물론 일은 신두선호님이 다 하신거같음... 신두선호님... 고생하셨습니다 딸기랑 애플포도 머거떠염 기대해서그런가.. 실망해떠여..하하하하하하 하기싫은.. 추우우우울근...... 출근 하자마자 꽃들고 서있는 아가..... ",4일 전,I=i,귀염둥이 등장!,이뉴니,"여러분 안녕하세요 제가 정말 좋아하는 5월 가정의 달을 맞아 5월 첫게시물을 써봅니다 오늘은 석촌에 새로 생긴 답례품 맛집 ‘묘방’ 후기글을 써볼게요! 사실 너모 맛있어서 2틀 연속 방문했지롱 길가다가 허기지는데 전날 티비에서 생활의 달인 떡시루 편을 보고 잤던 나! 길가다가 못보던 떡집이 있는 것임 그래서 홀린듯이 냅다 들어갔다지~ 정갈하게 진열된 떡들! 인절미, 약과, 다식등을 판매중 인절미는 콩가루,흑임자,카스테라 있음 아니 포장도 너모 기욥자나요 ㅋㅋㅋㅋㅋ 다식도 정갈하니 너모 귀여웠고 정과랑 약과도 있어서 답례품으로 선물하기도 너모 좋아 보였음 !!!!! 답례품으로 추천하는 이유! 예쁘게 받는 사람 기분좋게 골라서 포장도 할 수 있음~~ 사실 첫날엔 쑥버무리를 머겄음! 안에 콩이랑 쑥도 많았고, 다른 떡집대비 덜달아서 아주 기분좋게 먹었음 그이유가 재료를 보니 아주 이해가 가는군 (맛있어서 사진도 안찍고 먹은 나,,,) 사장님이 인절미 썰어주시는 동안 귤피차 마시기~ 쌉쌀하니 건강해지는 맛 ㅋㅋㅋㅋㅋ 그나저나 떡집 곳곳에 사장님 센스가 느껴지세요~~~~ 하나는 친구꺼라 포장도 이쁘게 해주심! 흑임자엔 검정 스티커 붙여주시고~ 확실히 사장님 센스 있으셔 아니 완전 인생 인절미 등극 부드럽고 촉촉한게 내취향 등극! 다음엔 두줌으로 먹을테야 기분좋은 답례품, 석촌 떡 맛집 찾는다면 ‘묘방’ 꼭 가보세용 여러분 그럼 5월도 건강하고 좋은 일들로 가득 채우자구용~♀️",1일 전,뉴니의 기록장,전통 디저트 답례품 추천 석촌 신상 떡집 묘방 후기,"Sticky all day!'
쫀쫀한 떡처럼, 주고받는 마음속에 우리의 인연도
매일 조금씩 더 끈끈하게 깊어지길 소망합니다.

안녕하세요
정성을 빚는 한식 디저트 공간 '묘방'입니다
'묘방'은 단순히 간식을 만드는 곳을 넘어,
우리 전통의 맛을 현대적인 감각으로
재해석하여 떡과 한과를 만듭니다.
누군가에게 전할 순간을 떠올리며 계절이 어진 때의
재료를 골라 그 계절의 재료로 빚고 마음을 담아 건네며,
당신에게 행복으로 전해지길 바랍니다.",묘방 송파구
지선정담,智善貞潭,"카페,디저트",咖啡館，甜點,영업 중,45,20,서울 양천구 목동동로14길 7 준성빌딩 2층 지선정담,오목교역 8번 출구에서 164m,영업 중 17:00에 영업 종료,02-2644-3676,https://naver.me/51a3La8U,"예약,포장",,https://ldb-phinf.pstatic.net/20260325_292/1774423950746L1SG2_JPEG/1000457948.jpg,,,,,버터떡,11000,https://ldb-phinf.pstatic.net/20251225_243/1766671247932sdOEz_JPEG/1000424383.jpg,,,,,두바이쫀득쿠키,6000,https://ldb-phinf.pstatic.net/20251130_195/1764464836159HIyVs_JPEG/1000413426.jpg,https://ldb-phinf.pstatic.net/20241125_273/1732543045472oNpGo_JPEG/1000140339.jpg,,,,한입약과,13000,https://ldb-phinf.pstatic.net/20250110_202/1736517085142VFU7s_JPEG/1000192881.jpg,,,,,개성주악 9구,29000,https://ldb-phinf.pstatic.net/20250110_86/1736517116785SC9X9_JPEG/1000192880.jpg,,,,,유자꽃증편,55000,https://ldb-phinf.pstatic.net/20251128_135/1764331259989CwroP_JPEG/1000413415.jpg,,,,,생강청 혼합 세트,77000,https://ldb-phinf.pstatic.net/20250110_142/1736518070329yvEcw_JPEG/1000192888.jpg,,,,,정담9구세트,66000,https://ldb-phinf.pstatic.net/20251128_114/1764330791551acLAm_JPEG/1000413401.jpg,,,,,모듬곶감말이세트,39000,https://ldb-phinf.pstatic.net/20250110_40/1736517365961zWqad_JPEG/1000192870.jpg,,,,,곶감단지,78000,https://ldb-phinf.pstatic.net/20250110_174/173651705235753BOK_JPEG/1000192882.jpg,,,,,개성약과혼합,39000,https://ldb-phinf.pstatic.net/20250110_291/1736517026521iOAWf_JPEG/1000192883.jpg,,,,,개성약과 10구,37000,https://ldb-phinf.pstatic.net/20250110_36/1736517470472lJp6l_JPEG/1000192873.jpg,,,,,약과혼합3종,66000,https://ldb-phinf.pstatic.net/20250110_228/1736517432925FV5IV_JPEG/1000192872.jpg,,,,,혼합4종,52000,https://ldb-phinf.pstatic.net/20250110_287/1736517402199JwUfF_JPEG/1000192871.jpg,,,,,혼합5종,74000,https://ldb-phinf.pstatic.net/20251128_192/1764330944840Y19vC_JPEG/1000413403.jpg,,,,,갈아만든 유자청,27000,https://ldb-phinf.pstatic.net/20250307_68/1741280407742Vl8nt_JPEG/1000214688.jpg,,,,,생강청,27000,https://ldb-phinf.pstatic.net/20250110_265/1736517776446z20CX_JPEG/1000192886.jpg,,,,,흑보리식혜3병,18000,https://ldb-phinf.pstatic.net/20230201_246/1675242823365Dj5an_JPEG/KakaoTalk_20230127_142808470.jpg,,,,,금귤정과 150g,20000,https://ldb-phinf.pstatic.net/20251128_88/1764330877513SG01i_JPEG/1000413402.jpg,,,,,데이츠넛츠롤,59000,https://ldb-phinf.pstatic.net/20250110_81/1736517258787XgTpY_JPEG/1000192875.jpg,,,,,믹스너츠 혼합세트,50000,https://ldb-phinf.pstatic.net/20250110_268/1736516991648WEzCX_JPEG/1000192884.jpg,,,,,도라지정과 200g,26000,https://ldb-phinf.pstatic.net/20241125_11/1732543283501dbU6f_JPEG/1000140340.jpg,,,,,프리미엄 도라지정과 세트,80000,https://ldb-phinf.pstatic.net/20251128_69/1764329766066fXHNI_JPEG/1000413400.jpg,,,,,육절판A,120000,https://ldb-phinf.pstatic.net/20251128_164/17643310221102VSeV_JPEG/1000413413.jpg,,,,,육절판B,110000,https://ldb-phinf.pstatic.net/20250110_52/1736517144779d1p07_JPEG/1000192879.jpg,,,,,안주구절판,200000,https://ldb-phinf.pstatic.net/20250110_156/1736517929556sjcd6_JPEG/1000192887.jpg,,,,,새우포.육포세트,110000,https://ldb-phinf.pstatic.net/20220910_152/1662783508548Bvdy0_JPEG/1662783463567.jpg,,,,,바구니 선물세트(小/大),60000,,,,,,,,,,,,,,,,,,,,,,,,,,,,,,,,,,,,,,,,,,,,,,,,,,,,,,,,,,,,,,,,,,,,,,,,,,,,,,,,,,,,,,,,,,,,,,,,,,,,,,,,,,,,,,,,,,,,,,,,,,,,,,,,,,,,,,,,,,,,,,,,,,,,유얼키친,"안녕하세요. (주) 유얼키친 입니다. 5월은 가정의 달로 부모님과 선생님 등 고마운 분들께 감사함을 전하는 날이기도하고, 사랑하는 가족들과 소소한 행복을 나누기에 좋은 날이 아닐까 생각이 드는데요! 유얼이는 어버이날을 기념해 부모님께 선물도 전할겸 목동 오목교에 위치한 고급 한식디저트 전문점 지선정담에 다녀왔습니다! 오목교역 8번 출구에서 도보로 5분 정도 거리에 위치해 있는 지선정담은 모든 디저트 100% 수제로 정성을 담아 만드는 K-한식 디저트 전문점 입니다. ● 지선정담 ● 서울 양천구 목동동로14길 7 준성빌딩 2층 ● 영업시간 월 ~ 토 11:00 - 19:00 예약, 포장 2층에 위치해 있어 길을 찾기 살짝 힘드실 수 있는데 입구쪽에 배너를 세워둬서 배너를 기준으로 우측 건물 2층에 위치해 있습니다. 매장은 한참 주문한 디저트를 만들 준비중에 있었는데요! 예약하시면 시간에 맞춰 이렇게 직접 하나하나 수제로 정성스럽게 만들어 주시더라구요! 매장 안쪽도 고급스럽고 한국 풍으로 꾸며두셨는데 다양한 찻잔들이 너무 이쁘더라구요! 매장에서 구매할 수 있는 디저트들로 오란다와 모나카 등등 다양한 디저트들이 있고, 사장님이 하나하나 직접 만드신 수제청들과 금귤정과, 피칸정과, 개성약과 등 다양한 디저트들이 있어 많이 구매하시더라구요! 사장님께서 맛보기로 주신 개성약과와 금귤정과, 피칸정과를 먹어봤는데요. 개성약과는 일반 약과와 다르게 바삭함이 살아있어 식감도 좋고 쫀득하니 맛있어 약과 좋아하시는 분들은 꼭 드셔보시길 추천합니다! 우측은 개성약과로, 찹쌀도너츠와 비슷한데 더 꾸덕하고 쫀득, 달달해서 남녀노소 호불호 없이 좋아할 맛이였어요. 개성주악과 약과, 유자증편을 만드는 과정은 유얼키친 유튜브에서 확인하세요! 왼쪽부터 개성주악, 약과, 유자증편입니다. 정성스럽고 고급스럽게 포장해 주셔서 선물용으로도 딱 좋더라구요. 다양한 구성과 다양한 종류의 디저트와 간식이 있어 선물하는 분 취향에 맞게 주문이 가능해 좋았습니다. 답례품으로 강추! 이렇게 유얼이도 선물용으로 하나 포장해봤는데요! 남녀노소 모두 즐겨 찾는 건강한 간식으로 고급 한식 디저트를 맛볼 수 있고, 다가오는 어버이날에 센스있는 디저트 선물로도 최고! 상견례나 어른분들 첫만남, 답례품 등 고급스럽고 센스있는 선물로 추천합니다! 오늘은 오목교에 위치한 K-디저트 지선정담을 소개했는데요! 한식 디저트 좋아하시는 분들은 한번 방문해보시길 추천합니다! 다음 포스팅에서 만나요~",2024.05.02.,유얼키친,"오목교 답례품, 지선정담 어른 고급선물 추천 (어버이날)",izzimin,"안녕하세요! izzimin입니다. 오늘은 오목교역 초근접 거리에 위치한 오목교 두쫀쿠 맛집을 소개해보려고 합니다. 두바이 쫀득 쿠키는 먹고 싶은데.. 파는 곳이 멀어서 늘 고민했던 저는 집 근처 두쫀쿠 맛집을 발굴했는데요. 바로 목동 지선정담입니다. 지선정담은 이미 아는 분들은 다 아는 한국 전통과자 맛집이었습니다. 목동 주민들 사이에서 주악과 페스트리 약과가 맛있다는 평이 자자한 곳이었어요. 듣기로는 대표님이 한식 디저트에 진심인 분이라고 하더라고요. 목동 지선정담 위치 위치는 목동 5호선 오목교역 8번 출구에서 도보로 5분 가량 소요되는 곳입니다. 목동 중국요리 맛집 현경과 금정 근처에 있더라고요. 준성빌딩 2층에 위치해있습니다. 지선정담은 위치가 좋아서 도보로도 접근성이 뛰어납니다. 오목교역이랑 가깝기 때문에 길치인 저도 쉽게 찾을 수 있어서 정말 좋았어요. 그렇다면 이번에는 지선정담 운영 시간을 공유해드리겠습니다. 목동 지선정담 운영시간 <운영 시간> 월 11:00 - 18:00 화 11:00 - 18:00 수 11:00 - 18:00 목 11:00 - 18:00 금 11:00 - 18:00 토 11:00 - 17:00 일 정기휴무 (매주 일요일) 출처: 네이버 플레이스 목동 지선정담 오목교 두쫀쿠 맛집 지선정담은 매일 오전 11시에 문을 열어 오후 6시에 문을 닫습니다. 토요일은 1시간 이른 시간인 오후 5시에 문을 닫고, 일요일은 운영하지 않으니 방문에 참고해주세요! 목동 지선정담 내부 목동 지선정담은 상가 2층에 위치해 있어서 계단으로 올라갔습니다. 입구부터 지선정담의 화사한 기운이 느껴졌어요. 대표님께서 숙대에서 요리 공부를 하신 분이었고, 곳곳에 한국 보자기와 자기들이 놓여 있었습니다. 이것만 보아도 맛집 느낌 2000% 였어요! 직원분들도 하나같이 다 친절하시고, 설명도 잘해주셔서 나중에 클래스도 수강해보고 싶다는 생각이 들었답니다. 목동 지선정담 두쫀쿠 가격 저는 이날 두쫀쿠를 구입할 목적이으로 목동 지선정담을 방문했는데요. 목동 지선정담 두쫀쿠는 개당 6,000원 이었습니다. 저는 오후 5시쯤 방문했고, 개당 6,000원의 두쫀쿠를 총 4개 구입했습니다. 목동 지선정담은 두쫀쿠 구입 수량 제한이 없었어요. 목동 지선정담은 이렇게 손잡이가 있는 가방에 두쫀쿠를 넣어주셨습니다. 덕분에 편하게 들고올 수 있었습니다. 짠! 집으로 데려온 목동 지선정담 두쫀쿠 입니다. 다른집 두쫀쿠보다 사이즈는 살짝 작았지만 색이 영롱하고 야무진 외형의 두쫀쿠였어요. 목동 두쫀쿠 맛집 지선정담에서 함께 데려온 새우포와 나란히 두고... ",2026.01.08.,izzimin 블로그,[서울/오목교] 오목교 두쫀쿠 오목교 두바이쫀득쿠키 맛집 목동 지선정담 후기,안즈나서나,"상세한 정보는 아래 남겨둘게요 지선정담 - 서울 양천구 목동동로14길 7 준성빌딩 2층 지선정담 - 일 휴무 월~토 11:00~19:00 - 02-2644-3676 & 안녕하세요! 오늘은 선물하기 좋은 떡을 소개해보려고 해요 지선정담에서는 떡 말고도 다양한 한식 디저트를 판매하는데요 저는 이번에 꽃 방울증편에 폭 반해 버려서 무조건!!! 증편이다!!! 하고 주문했어요  너무 예쁘기도 하고 맛도 좋은 증편이라서 소개해봅니다! 저는 문자로 연락 드려서 문의했구요! 선물하려고 알아 봤던 거라서 이것 저것 다양하게 질문 드렸는데 다 원하는대로 맞춰주셔서 너무 감사했어요 ✨ 15구로 결정했고~ 가격은 49000원 나무 상자 2개에 나눠 담아주시는걸로 했어요 보자기 포장도 요청 드렸는데 일반 보자기 6000원, 연한 보자기는 4000원 추가예요! 저는 연한 보자기로 했어요~ 사장님이 픽업 후에 보내주신 사진부터 보여드릴게요~ 선물 포장이 돼있어서 열어볼 수 없었는데 이렇게 또 사진으로 보여주시니 감사하더라구요  식용꽃으로 한 땀씩 예쁘게 수놓아주신 증편이라서 더욱 정성이 들어가 좋았어요! 너~~무 예쁘지 않나요~? 15구로 주문 드렸는데 포장해주시고 또 맛보라고 따로 4개도 더 담아주셨어요  너무나 감동이었던…! 제가 부탁 드렸던 금가루도 뿌려져 있어서 더 더 만족스러웠어요!! 수제정과, 수제청, 수제간식, 선물 답례품, 원데이 클래스까지! 다양한 상품 구매가 가능하고 수업도 직접 들어볼 수 있으니 관심 있으신 분들은 한 번 확인해보세용! 제가 받은 포장은 이렇게! 네모 상자를 보자기로 한 번 감싸고 그걸 다시 종이 상자로 감싸고 종이백에 넣어주셨어요~ 보자기 포장 너무 예쁘죠!!!! 연한 색상의 보자기로 요청 드렸는데 너무 예쁜 분홍? 다홍색 빛깔 보자기로 감싸주셔서 정말 마음에 쏙 들었어요!!!! 그리고 한 번 더 상자에 담아주셨어용 ㅎㅎ 선물하려고 구매했던거라 아주 걱정이 많았는데! 마음에 쏙~ 들게 준비해주셔서 종종 선물할 일 있으면 지선정담을 찾게 될 것 같아요~ 증편은 바로 먹어야 맛있다고 해요~ 3일 내에 먹어야 하고 그 이후에는 냉동시켰다가 전자렌지에 살짝 돌려서 먹으면 된다고 하는데용 3일 내에 먹어야 좋기 때문에!!! 선물하실 예정이라면 선물하실 일자에 맞춰서 픽업하는게 제일 베스트일 것 같아요 그리구 증편은 제작 자체가 오래 걸리는 상품이라서 미리 시간을 넉넉히 두고 문의 해보시길 바랍니다~ 그럼 좋은 선물 하세용",2024.04.08.,서나의 얼렁뚱땅 블로그,오목교 지선정담 꽃 방울증편 답례품 첫만남 선물 어른선물,"*Since 2021 -
목동 오목교에 소담스럽게 자리 잡은 고급 한식디저트 전문점입니다.

*지선정담의 모든 디저트는 정성을 담아 만든 100% 수제 먹거리입니다.

*어른도,아이도 모두 즐겨 찾는 건강한 간식으로 많은 분들의 사랑을 받고 있습니다.쉽게 접할 수 없는 고급 한식 디저트를 지선정담에서 즐겨보세요:)

*궁금하신 점은 편하게 카카오 채널로 연락 주세요!",지선정담 양천구
연경당,永永堂,"카페,디저트",咖啡館，甜點,영업 중,1263,160,서울 종로구 팔판길 26 1층 단독,안국역 2번 출구에서 972m,영업 중 20:00에 영업 종료,0507-1311-9587,https://yeongyeongdang01.imweb.me/,"예약,무선 인터넷,포장,단체 이용 가능,방문접수/출장,간편결제,주차","2TV생생정보 1532회, 22.04.19.2022년 4월 19일 다과",https://ldb-phinf.pstatic.net/20260302_74/1772436481039XzMyt_JPEG/KakaoTalk_20260228_141512186_10.jpg,https://ldb-phinf.pstatic.net/20260122_288/176908782832736cuJ_JPEG/KakaoTalk_20260122_214202030.jpg,https://ldb-phinf.pstatic.net/20260122_21/1769087819127VwoB1_JPEG/KakaoTalk_20260122_214154644.jpg,https://ldb-phinf.pstatic.net/20260122_220/1769087818970i57qa_JPEG/KakaoTalk_20260122_214512616.jpg,,계절 다과상,25000,https://ldb-phinf.pstatic.net/20260122_293/1769087904106kujLL_JPEG/KakaoTalk_20260122_214246712.jpg,https://ldb-phinf.pstatic.net/20260122_77/1769087890054tOBWJ_JPEG/KakaoTalk_20260122_214307912.jpg,,,,연경당 다과상,23000,https://ldb-phinf.pstatic.net/20260316_50/1773647348254Bwecf_JPEG/KakaoTalk_20260313_180010565_07.jpg,,,,,봄 한정 - 금귤 파르페,18000,https://ldb-phinf.pstatic.net/20260421_44/1776776764131yieQp_JPEG/KakaoTalk_20260420_121621625_12.jpg,https://ldb-phinf.pstatic.net/20260421_155/1776776764072Fe103_JPEG/KakaoTalk_20260420_121621625_16.jpg,,,,꼬숩 파르페,15000,https://ldb-phinf.pstatic.net/20260128_106/1769580028630uJbzU_JPEG/IMG_0653.jpeg,,,,,차,9000,https://ldb-phinf.pstatic.net/20260430_211/1777556774340WwAmT_JPEG/KakaoTalk_20260430_175534892_10.jpg,https://ldb-phinf.pstatic.net/20260430_258/1777556756247OAkYo_JPEG/KakaoTalk_20260430_175534892_06.jpg,,,,오미자 보리수단 에이드,9500,https://ldb-phinf.pstatic.net/20260128_140/1769579930770pDNk7_JPEG/IMG_0652.jpeg,,,,,한과 골라담기 선물세트,,https://ldb-phinf.pstatic.net/20260205_87/1770258567775m3Q7y_JPEG/FullSizeRender.jpeg,,,,,개성주악 3종세트,10000,https://ldb-phinf.pstatic.net/20260205_21/1770258588982tY8YX_JPEG/IMG_6203.jpeg,,,,,개성주악,3000,https://ldb-phinf.pstatic.net/20260205_179/1770258605503MFrs9_JPEG/IMG_6098.jpeg,,,,,양갱,3500,,,,,,,,,,,,,,,,,,,,,,,,,,,,,,,,,,,,,,,,,,,,,,,,,,,,,,,,,,,,,,,,,,,,,,,,,,,,,,,,,,,,,,,,,,,,,,,,,,,,,,,,,,,,,,,,,,,,,,,,,,,,,,,,,,,,,,,,,,,,,,,,,,,,,,,,,,,,,,,,,,,,,,,,,,,,,,,,,,,,,,,,,,,,,,,,,,,,,,,,,,,,,,,,,,,,,,,,,,,,,,,,,,,,,,,,,,,,,,,,,,,,,,,,,,,,,,,,,,,,,,,,,,,삼,연차여서 어디갈지 고민하다가 카페를 예약해두고 근처 식당을 찾았다 동생이랑 할머니랑 갔다가 카페는 할머니랑만 다녀옴 동생이 갑자기 합류해서 카페 추가를 안했기 때문이다 워낙에 유명한집인거같은데 평일이라 그런지 20분정도 기다렸다 들어갈 수있었다 그리고 대기좌석이 생각보다 많이 있어서 기다릴만했음 아침엔 좀 비올듯하더니 밥먹고나니 화창해짐 칼국수가 유명하긴 한데 일단 칼국수 백수육 만두국 시켰다 무말랭이가 맛있음 칼국수. 깔끔한맛이었다 유명한 이유가 있다 원래는 경복궁 생과방을 가고싶었는데 추첨도 떨어지고 티켓팅도 떨어지고 ㅠㅠ 그래서 차선책으로 전에 봐뒀던 카페를 예약해둠 근데 생각보다 역이나 관광거리? 에서는 조금 떨어져있어서 꽤나 걸어야했다 차 관련 다기나 접시 등등도 팔고있음 귀엽다 봄 다과상으로 예약했는데 그 외는 추가로 주문이 가능함 따로 추가주문은 안하고 영수증 리뷰만 했다 평일이라 그런가 사람들이 별로 없어서 엄청 조용한 분위기에서 마셨다 차랑 떡이랑 간식이랑… 이것저것 먹었다 차는 계속 리필해주셔서 마시고 싶은만큼 마심 사실 가려면 너무 복잡한동네인데 정말 연차날에 큰맘먹고 다녀왔다 후… 나들이 끝,2026.04.12.,삼,2026. 04.10 북촌 나들이,파니핑크23,"- 2026년 2월 방문 기록 - 지난달에 다녀온 전통 다과상을 즐길 있는 삼청동 카페 연경당 X 경사가 널리 퍼지는 곳 이곳은 연경당이 만드는 전통 한식 다과와 차를 마시는 카페로 공예 전시 및 판매관이 있어 다채로운 경험을 할 수 있는 곳이다. 연경당은 창덕궁의 목조 건물인 연경당에서 따온 이름으로 경사가 널리 퍼지는 곳이라는 뜻을 지니고 있다. 1. 위치 및 외관 안국역 2번 출구에서 972m 거리에 위치한 삼청동 전통 다과상 카페 연경당 ✅ 메뉴 : 계절다과상 25,000원  주소 : 서울시 종로구 팔판길 26 1층 단독 ✅ 전화 : 010-****-**** 시간 : 11:00 ~ 20:00 매주 월, 화요일 정기휴무 ️ 주차 가능 : 유료 최초 5분 250원 추가 요금 60분당 3,000원 근처 공영주차장 (정독도서관, 푸른기린 주차장) 이용 예약은 네이버에서 가능 ↓↓↓ 삼청동 골목 안쪽에 위치한 연경당 전통 다과상을 만날 수 있는 카페라고 해서 당연히 한옥 카페일 거라 생각했는데 아니라서 살짝 실망을 하긴 했지만 ㅋㅋ 그래도 하얀 외벽의 건물이 예쁘긴 했다. 2. 연경당 쇼룸 안으로 들어가면 오른쪽 공간은 쇼룸이고 왼쪽 공간은 카페인데 주문을 하고 난 뒤 쇼룸을 둘러보기로 했다. 보기만 해도 기분이 차분해지는 멋진 공예 전시품이 진열되어 있었고 계단을 올라가면 더욱더 많은 것들이 전시되어 있는데 안쪽에는 연경당에서 판매하는 차와 한식 디저트 등이 진열되어 있었다. 벽을 나눈 공간에는 여러 가지 종류의 차와 선물세트가 있었고 오른쪽에는 연경당의 전통 다과가 진열되어 있었다. 고급스러운 보자기에 포장되어 있는 전통 다과를 선물받으면 정말 기분 좋을 것 같다! 골라 담는 한과세트도 있었는데 2구, 4구, 9구가 가능하고 보자기 포장도 추가가 가능하다. 이제 다시 안쪽 티룸으로 들어가 다과상을 기다리기로 했다. 3. 연경당 티룸 삼청동 전통 다과상 카페 연경당의 티룸은 아담한 편이었는데 4인용 테이블 2개와 2인용 테이블 4개가 있었다. 창가 쪽에 있는 이 4인용 테이블이 가장 좋은 자리였는데 3인 이상 예약해 이 자리에 앉으면 좋을 것 같다. 한쪽에 있는 진열장에는 다과상 세트에 있는 차를 마실 때 본인이 원하는 다기를 고를 수 있게 전시되어 있는 거였다. 안쪽에는 공간이 좀 좁은 편이었는데 왼쪽에는 2인용 테이블이 3개 있고 오른쪽에는 2인용 테이블 1개와 4인용 테이블이 하나 있었다. 4. 화장실 화장실은 후문으로 나가 건물 화장실을 사용하면 되는데 깔끔하고 깨끗한 화장실이라서 기분 좋았다. 5. 주문 주문은 바 테이블이 있는... ",2026.03.08.,그래도 삶은 계속된다,안국역 카페) 삼청동 전통 다과상 카페 연경당 X 경사가 널리 퍼지는 곳,,,,,,"연경당이 만드는 전통 한식 다과를 선보입니다.

차를 마시는 카페와 공예 전시 및 판매관,
연경당이 함께 있어
다채로운 경험을 선사합니다.",연경당 종로구
쭈악쭈악 서순라길,吸溜吸溜 Seosunra-gil,"카페,디저트",咖啡館，甜點,영업 중,991,199,서울 종로구 율곡로10길 77 쭈악쭈악,종로3가역 7번 출구에서 185m,영업 중 20:00에 영업 종료,0507-1332-0056,https://pf.kakao.com/_bExkxoG/chat,"포장,예약,무선 인터넷,반려동물 동반,간편결제,주차",,https://ldb-phinf.pstatic.net/20260109_83/1767929305300Nwg3q_JPEG/IMG_7703.jpeg,https://ldb-phinf.pstatic.net/20260109_271/1767929305432RNMDa_JPEG/IMG_7686.jpeg,https://ldb-phinf.pstatic.net/20260109_131/1767929305055702Qs_JPEG/IMG_7706.jpeg,,,[피쵸100%] 두바이 쫀득쿠키,6500,https://ldb-phinf.pstatic.net/20241115_187/1731635463730YbIw7_JPEG/IMG_5259.jpeg,,,,,[Best1] 정읍 흑임자,3700,https://ldb-phinf.pstatic.net/20241115_140/1731635477338adCNS_JPEG/IMG_5254.jpeg,,,,,[Best2] 밀양 쑥인절미,3700,https://ldb-phinf.pstatic.net/20241115_114/1731635484827cBOvM_JPEG/IMG_5257.jpeg,https://ldb-phinf.pstatic.net/20240825_292/1724585061646qvVQR_JPEG/IMG_1863.jpeg,,,,[시그니처] 쌍화 서울,2900,https://ldb-phinf.pstatic.net/20241115_130/1731634406893vKu3v_JPEG/%C1%BE%B7%CE_%C5%AC%B7%A1%BD%C4_2.JPG,,,,,종로 클래식,2700,https://ldb-phinf.pstatic.net/20241115_153/1731635562752fJ4yl_JPEG/IMG_5252.jpeg,,,,,대관령 수제팥,3500,https://ldb-phinf.pstatic.net/20241115_161/17316355809737a6wj_JPEG/IMG_5256.jpeg,,,,,서순라 돼지바,3000,https://ldb-phinf.pstatic.net/20241115_112/1731635495593U67FG_JPEG/IMG_5250.jpeg,https://ldb-phinf.pstatic.net/20241025_49/1729816331675Vqfpr_JPEG/IMG_3228.jpeg,,,,[Season] 고흥 유자슈크림,3500,https://ldb-phinf.pstatic.net/20241115_52/1731635571967BVI2M_JPEG/IMG_5253.jpeg,,,,,더티누텔라,3200,https://ldb-phinf.pstatic.net/20241202_217/1733138212399lbaQy_JPEG/E910DA7F-DC95-4DD8-AB1E-0ECF1EF66F8C.jpeg,,,,,[Season] 논산 딸기,3900,https://ldb-phinf.pstatic.net/20241025_26/1729815954279wchpN_JPEG/IMG_4488.jpeg,,,,,고흥 단호박,3500,https://ldb-phinf.pstatic.net/20241115_236/1731635543940rJrNF_JPEG/IMG_5262.jpeg,,,,,청도 산딸기,3500,https://ldb-phinf.pstatic.net/20241115_167/1731635533186rPzP1_JPEG/IMG_5255.jpeg,,,,,상주 곶감호두,3900,https://ldb-phinf.pstatic.net/20241115_218/17316355084249SjRB_JPEG/IMG_5251.jpeg,https://ldb-phinf.pstatic.net/20241025_150/1729816270855u72uy_JPEG/IMG_3229.jpeg,,,,[Season] 공주정안밤,4200,https://ldb-phinf.pstatic.net/20241025_297/1729816228570xukoG_JPEG/IMG_4266.jpeg,,,,,[시그니처] 쌍화 아쭈,4700,,,,,,클래식 아쭈,4500,https://ldb-phinf.pstatic.net/20240825_112/1724585204666OEsmY_JPEG/IMG_2168.jpeg,,,,,오미자티,3700,https://ldb-phinf.pstatic.net/20240825_286/1724585245409P1Oio_JPEG/IMG_2169.jpeg,,,,,매실티,3700,,,,,,,,,,,,,,,,,,,,,,,,,,,,,,,,,,,,,,,,,,,,,,,,,,,,,,,,,,,,,,,,,,,,,,,,,,,,,,,,,,,,,,,,,,,,,,,,,,,,,,,,,,,,,,,,,,,,,,,,,,,,,,,,,,,,,,,,,,,,,,,,,,,,,,,,,,,,,,,,,,,,,,,,,,,,,,,,,,,,,,,,,,,,,,,,,,,,,,,,,,,,,,,,,,,기화,"[먹어보았다] 쭈악쭈악/초이라멘/라멘시미즈/팔도비빔면더블루/스타벅스 슈크림라떼/왕뚜껑 국물라볶이/뚜쥬르 빵돌가마만주/오케이프라이스 팝콘&러스크/마이쮸 골드파인애플/고트델리 잠봉뵈르, 애플베이컨/자가비 시푸드맛/초콜렛 마시멜로 몇 주 모았더니 ㅋㅋㅋㅋㅋ 오랜만에 100자 제한으로 제목이 짤린 먹어보았다 ㅋㅋ 심지어 같은 가게를 여러번 가기도 하고 같은 걸 여러번 먹기도 해서 중복이 있다 (다행히 몸무게 안 늘었음 휴) 쭈악쭈악 맛있는 개성주악을 파는 쭈악쭈악 요즘엔 두쫀쿠도 팔던데 여튼 필름카메라 클래스 끝나고 친구한테 얻어먹은 주악과 약과 근데 들고오다가 와장창 이슈로 주악들은 사진 찍을 상태가 못 되어서 약과만 올림ㅋㅋㅋㅋ 아니 주악이 기본 주악이 있고 위에 뭐 흑임자크림을 얹는다던가 말차크림을 얹는다던가 유자를 얹는다던가 이렇게 다양한 맛이 있는데 걔들이 다 엎어지고 쏠려서 ㅋㅋㅋㅋㅋ 못 볼 꼴이었다 맛있는 약과였지만 내 입에는 역시 장인한과 약과가 더 맞는 듯 하다 다음에는 주악을 잔뜩 사먹는걸로 2. 초이라멘 광화문점 광화문점이 생긴 초이라멘 지난번에는 츠케멘과 마제소바를 먹었기 때문에 못 먹어본 돈코츠라멘을 먹으러 왔다 ㅋㅋㅋㅋㅋ 대짜로 시켰음 아하 돈코츠 라멘이 돼지 9 멸치 1정도로 육수를 섞는다면 츠케멘이 멸치 9 돼지 1정도로 섞어서 같은 재료로 서로 다른 맛을 내는 원리였구나 ㅋㅋㅋ 작은 가게인데 서로 다른 맛의 메뉴가 3가지나 있어서 궁금했는데 이런 원리였군 이름은 돈코츠라멘이지만 대부분의 돈코츠라멘이 맛있는 돼지국밥맛(ㅋㅋ)인것과 비교하자면 확실히 개성이 있는 맛이었다 누린내도 거의 안나고 맛있었다 만두도 시켰는데 만두는 평범했지만 저 바삭바삭 날개와 뿌려주시는 새콤짭짤간장이 잘 어울려서 맛있었다 그리고 매운소스가 있는데 이거 라멘에 살짝 넣으면 얼큰해지면서 또 맛이 확 달라진다 많이 매운 소스니까 적당히 넣도록 3. 라멘 시미즈 얼마전까지 경쟁자 없이 이 동네 라면 1티어였던 라멘 시미즈 근처에 다른 라멘집이 두개나 생기면서 경쟁체제에 들어섰나! 아니오 여전히 압도적으로 맛있음 오늘 고른것은 쇼유라멘스페셜과 차슈덮밥인데 소금소스로 간을 하는 시오라멘이 늘 95~100점의 맛이었다면(가끔 좀 짬) 간장소스로 간을 하는 쇼유라멘은 90~120점의 맛이라고 생각했는데(짤 때 많이 짬) 간장소스의 짠맛을 줄이고 단맛을 늘리셨는지 황금밸런스가 된 듯 하다 와 진짜 맛있었다 차슈덮밥도 같은... ",2026.03.21.,필름찍는기화,[먹어보았다] 쭈악쭈악/초이라멘/라멘시미즈/팔도비빔면더블루/스타벅스 슈크림라떼/왕뚜껑 국물라볶이/뚜쥬르 빵돌가마만주/오케이프라이스 팝콘&amp;러스크/마이쮸 골드파인애플/고트델리 잠봉뵈르,태평한냠뉴,"안녕하세요, 태평한냠뉴입니다! 연말, 연초가 되면 선물 하나도 조금은 특별했으면 좋겠다는 생각이 들잖아요. 이번에 다녀온 곳은 전통 디저트를 현대적으로 풀어내며 입소문 난 쭈악쭈악. 종로 서순라길 본점을 중심으로 알려진 브랜드인데, 이번 연말 시즌에 용산 아이파크몰에서 팝업스토어를 열었다고 해서 직접 다녀와봤어요. 용산역과 바로 연결된 아이파크몰 4층이라 접근성이 좋았고, 쇼핑하다가 자연스럽게 들르기 좋은 위치라 부담 없이 구경하기 좋았습니다. 무엇보다 본점에서만 맛볼 수 있던 개성주악을 팝업에서도 만날 수 있다는 점이 반가웠어요. 쭈악쭈악이 만드는 +개성주악+ 개성주악은 찹쌀 반죽을 빚어 기름에 튀긴 뒤 조청을 입혀 만드는 전통 간식이에요. 쭈악쭈악은 이 전통 방식에 충실하면서도, 100% 국내산 찹쌀가루와 인공감미료 없이 만든 국내산 조청을 사용해 겉은 살짝 바삭하고 속은 쫀득한 식감을 잘 살린 것이 특징입니다. 여기에 지역 특색 크림, 견과, 초콜릿, 과일 등 다양한 토핑을 더해 요즘 감성에 맞는 디저트로 풀어낸 점이 쭈악쭈악의 매력이에요. 시그니처 8구 선물세트 구성 4구와 8구로 구성된 쭈악쭈악 선물세트! 서울에서 일보고 가는 길에 픽업완료! 이번에 픽업한 건 개성주악 시그니처 8구 선물세트. 칸칸이 나뉜 트레이에 담겨 있어 이동 중에도 흐트러지지 않고, 개별 비주얼이 살아 있어서 선물용으로도 만족도가 높았습니다. 연말·새해 선물로 고르기 좋은 이유는 과하게 달지 않고, 남녀노소 부담 없이 즐길 수 있는 맛 덕분인 것 같아요. 하나씩 맛본 주악 후기 +두바이쫀득쿠키 스타일 주악+ 요즘 가장 핫하다는 메뉴답게 주악위에 두쫀쿠가 올라간 주악이에요. 두쫀쿠 특유의 바삭함과 주악 특유의 쫀득함이 동시에 느껴져 디저트 느낌이 강했습니다. 두쫀쿠 올라간건 다 맛있어요. 짱맛입니다:D +루돌프 누텔라 초코 주악+ 루돌프 얼굴처럼 꾸며진 비주얼이 먼저 눈길을 끄는 메뉴.(연말메뉴였음) 누텔라 크림이 듬뿍 올라가 있지만 느끼하지 않고, 달콤한 맛을 좋아하는 분들께 잘 맞을 것 같았어요. +종로클래식 주악+ 토핑 없이 가장 기본에 충실한 메뉴. 조청의 은은한 단맛과 찹쌀의 고소함이 깔끔하게 느껴져 개성주악 본연의 매력을 가장 잘 보여줍니다. +딸기생크림 주악+ 부드러운 생크림 위에 상큼한 딸기가 올라가 있어 달콤함과 산뜻함의 균형이 좋았어요. 커피랑 함께 먹기 좋은 조합입니다. +말차 트리 주악+ 말차 크림을 트리처럼 올린 메뉴로 연말 분위기와 잘 어울려요. 말차... ",2026.01.10.,태평한냠뉴,"요즘 핫한 전통 디저트, 서순라길 쭈악쭈악 개성주악 먹어봄",태금,"용산역에서 만나는 쭈악쭈악 팝업스토어 서순라길의 감성 디저트 카페 쭈악쭈악이 용산역에 팝업스토어를 열었어요 이번 팝업은 5월 9일부터 5월 22일까지로 짧은 기간 동안만 운영된다고 하니, 관심 있으신 분들은 서둘러 방문하시는게 좋을 것 같습니다 :) 팝업스토어 위치 쭈악쭈악 팝업스토어는 용산역 아이파크몰 내에 위치해 있어요 역과 바로 연결되어 있어 접근성이 뛰어나고, 쇼핑이나 영화 관람 후 들르기에도 편리합니다 :) 용산역 광장에서 이 에스컬레이터를 타고 올라가서 에스컬리에터를 타고 3층까지 올라가서 정면으로 길 끝까지 주욱 따라 가다보면 우측에 테이스트 파크로 들어가는 문이 있는데요 여기로 올라가서 바로 앞에 있는 에스컬레이터 타고 한 층만 올라가면, 따란, 바로 보입니다! 용산역과 아이파크몰의 연결다리 쪽에 있어요 4층에 있는 롯데리아 바로 앞이에요 주인장의 약속 1. 방앗간에서 직접 빻아 만든 100% 국내산 찹쌀가루 사용 2. 인공감미료가 들어가지 않은 국내산 쌀로 만든 조청 사용 3. 은은한 단맛을 위한 전국 8도의 신선한 원재료 사용 쭈악쭈악 메뉴 & 가격 너무 앙증맞고 맛있어 보이는 주악들입니다 >_< 간식으로 좋은 호두정과도 있네요~ 개성주악 선물세트 & 포장 시그니처 8구 세트 4구 세트가 있는데요 4구,8구 구매시에 무료로 기프트 포장해주십니다 그리고 가정의 달 한정수량으로 4구,8구 선물세트 할인도 진행하고 있습니다 약과와, 과일 찹쌀떡 세트도 있어요~ 깔끔한 종이쇼핑백은 별도로 판매하고 있어요 주악 보관방법 쭈악은 당일 실온보관 (냉동보관 1주일, 자연해동 30분) 찹쌀떡은 냉장 보관 3일 약과는 냉동보관 3개월이에요~ 물티슈를 같이 넣어주셨어요~ 8구 세트에는 아래의 8가지 종류가 들어가요 종로 클래식/쌍화 서울/정읍 흑임자 대관령 수제팥&버터/더티 누텔라/영암 무화과 자몽연유 얼그레이/고흥 유자슈크림 간식으로 먹기 좋고, 커피나 티랑 같이 먹으면 잘 어울린답니다 :) 종로3가역 종묘 옆에 있는 서순라길에 본점이 있어서 5월에 있는 팝업이 끝나도 쭈악쭈악에 갈 수 있습니다ㅎㅎㅎ 테이크아웃 전문 한옥 카페예요~ 단체/학교/기억/회사/행사/결혼 답례 선물로도 너무 좋을 것 같아요 :)",2025.05.13.,한태금사진관 ❤️ Do Everything in Love,"[용산] 쭈악쭈악 팝업(서순라길 개성주악 맛집, 용산역 아이파크몰 선물, 학교/회사/행사/결혼 답례품)","We Bring the Happiness!
우리는 모나지 않습니다. 동그랗습니다.
작은 동그라미의 행복, 쭈악쭈악입니다:)

-
쭈악쭈악은 서순라길에 위치한 코리안 디저트 카페로,
방앗간에서 직접 빻아 만든 100% 국내산 찹쌀가루와 인공감미료가 들어가지 않은 국내산 쌀로 만든 조청을 사용합니다. 전국 각지에서 엄선한 재료 본연의 개성이 담긴 작은 동그라미의 행복을 느껴보세요!

At 'JJUAK JJUAK,' we use 100% locally sourced Korean sticky rice flour and syrup without artificial sweeteners. Enjoy the unique taste of our hand-crafted, round-shaped treats made with love and care.

*단체 학교 기업 회사 행사 결혼 답례 선물 예약은 카카오톡 '쭈악쭈악' 채널로 연락주세요!
*테이크아웃 전문 한옥 카페입니다. (간단히 드시고 가시는 분들을 위해 2인 벤치를 마련했습니다)
* 데일리 운영 메뉴는 변동될 수 있습니다!",쭈악쭈악 종로구
오드투디저트,甜點頌,"카페,디저트",咖啡館，甜點,영업 중,457,104,서울 종로구 동숭길 94 2층,혜화역 1번 출구에서 296m,영업 중 23:30에 라스트오더,0507-1333-4121,http://www.instagram.com/odetodessert,"단체 이용 가능,남/녀 화장실 구분,포장,예약,무선 인터넷",,https://ldb-phinf.pstatic.net/20240606_71/1717656303463D7db8_JPEG/1000007454.jpg,,,,,개성주악,2100,https://ldb-phinf.pstatic.net/20240606_216/1717656371770wk6Pf_JPEG/1000007459.jpg,,,,,누텔라초코 개성주악,2800,https://ldb-phinf.pstatic.net/20240606_272/17176566144210WxpX_JPEG/1000007456.jpg,,,,,밤 약과 개성주악,2800,https://ldb-phinf.pstatic.net/20240606_104/1717656646868O6anK_JPEG/1000007458.jpg,,,,,콩고물 인절미 개성주악,2800,https://ldb-phinf.pstatic.net/20240606_26/1717656682788WjOOJ_JPEG/1000007457.jpg,,,,,초당옥수수 개성주악,2800,https://ldb-phinf.pstatic.net/20240606_289/1717656260027aqErG_JPEG/1000007461.jpg,,,,,아이스티,4500,https://ldb-phinf.pstatic.net/20240413_172/17129816879320bunv_PNG/1000006868.png,,,,,레드베리 하이볼 논알콜,6900,https://ldb-phinf.pstatic.net/20240413_11/17129816514196Qc4O_PNG/1000006869.png,,,,,솔티카라멜 카페라떼,6700,https://ldb-phinf.pstatic.net/20240413_14/1712981835823lbUn2_JPEG/1672811255526.jpg,,,,,BEST 바스크 치즈케이크,7300,https://ldb-phinf.pstatic.net/20240413_247/1712982902495vlqSz_JPEG/1000006872.jpg,,,,,BEST 바나나푸딩 (160g),6500,https://ldb-phinf.pstatic.net/20220926_17/16641936325276s7au_PNG/1664193625771.png,,,,,아메리카노,5100,https://ldb-phinf.pstatic.net/20220926_219/166419357914445Oe9_PNG/1664193574472.png,,,,,피넛버터라떼,6400,https://ldb-phinf.pstatic.net/20220926_252/1664193610155cCUpn_PNG/1664193601708.png,,,,,토피넛카페라떼,6400,,,,,,,,,,,,,,,,,,,,,,,,,,,,,,,,,,,,,,,,,,,,,,,,,,,,,,,,,,,,,,,,,,,,,,,,,,,,,,,,,,,,,,,,,,,,,,,,,,,,,,,,,,,,,,,,,,,,,,,,,,,,,,,,,,,,,,,,,,,,,,,,,,,,,,,,,,,,,,,,,,,,,,,,,,,,,,,,,,,,,,,,,,,,,,,,,,,,,,,,,,,,,,,,,,,,,,,,,,,,,,,,,,,,,,,,,,,,,,,,,,,,,,쭨,"#혜화카페 #혜화역카페 #대학로카페 #대학로디저트 #대학로커피 #JS아트홀 혜화역 오드투디저트 - 대학로 카페 1. 외관 아트홀 건물에 같이 있는 곳이다. 2층으로 올라가는 단독 계단이 있다. 2층 입구에는 따로 카페간판이나 표시가 없어서 그냥 2층으로 가면 된다. 혜화역 오드투디저트 - 대학로 카페 2. 기본 정보 #영업시간 월요일 15:00 ~ 24:00 화 ~ 일 12:00 ~ 24:00 #라스트오더 23:30 #전화번호 0507-1333-4121 #주차 불가 혜화역 오드투디저트 - 대학로 카페 3. 주차 및 찾아오는 길 주소 - 서울 종로구 동숭길 94 2층 혜화역 1번 출구에서 296m로 5분 정도 걸린다. 혜화역 기준 안쪽에 있긴한데 그래도 역에서 6~7분 정도 거리에 대부분의 것들이 다 있고 소극장들도 근처에 있어서 거리는 꽤 가까운 느낌이다. 주변에 공영 주차장이 있긴 한데 거의 자리가 나지는 않을거라서 건물에 주차가 가능한 경우만 가져오는 것이 좋다. 아쉽게도 카페에서는 주차 지원을 하지 않는다. 혜화역 오드투디저트 - 대학로 카페 4. 실내 식물은 하나 밖에 없지만 초록 톤의 의자를 사용해서 그런지 공간이 시원한 느낌도 살짝 든다. 아트홀에 있는 곳이라서 공연 관련 사진들도 걸려있었다. 혜화역 오드투디저트 - 대학로 카페 5. 메뉴판 #메뉴판 #메뉴판 #메뉴판 #메뉴판 #메뉴판 #메뉴판 #메뉴판 #메뉴판 #메뉴판 #메뉴판 #메뉴판 #메뉴판 주문한 메뉴 무화과 얼그레이 케이크 7,400원 오렌지 망고 티 5,400원 레드베리 하이볼 논알콜 6,900원 혜화역 오드투디저트 - 대학로 카페 6. 디저트 주문한 음료과 케이크가 예쁘게 트레이에 담겨나왔다. 하이볼은 잘 섞어서 마시라고 알려주셨다. #레드베리 하이볼 논알콜 6,900원 잘 섞으면 색이 전체로 퍼지고, 맛도 퍼진다. 체리콕에 가까운 맛이면서 알콜 특유의 느낌을 잘 살린 것 같다. 별 생각없이 마시면 진짜 하이볼인 줄 알 수도 있을 것 같다. #오렌지 망고 티 5,400원 위에 오렌지 말린 것과 로즈마리가 올라온다. 마셔보면 익숙한 맛이 나는데 트로피칼티 같은 느낌이랄까? 망고와 오렌지가 더해지니 신기하게 패션후르츠 맛이 난다. #무화과 얼그레이 케이크 7,400원 케이크 보호용 시트가 붙어있어서 떼어줬다. 케이크 시트와 시트 사이에 크림, 위에는 말린 무화과가 올라와있다. 처음 포크로 떠보고 약간 의외였는데 포실포실한 질감이라서 케이크가 잘 바스러진다. 주악도 판매하는 곳이라서 케이크를 쌀로 만드는 걸까 싶은 생각도 들었다. 케이크 시트와 무화과, 얼그레이가 잘 어울린다.... ",2025.09.08.,"쭤니어리 - 다이빙, 클라이밍, 자전거 일기",[혜화역] 오드투디저트 - 대학로 카페,쏘만,"[혜화/대학로] Ode to Dessert : 대학로 디저트 맛집 개성주악과 작업,카공하기 좋은 공간 안녕하세요, 쏘만입니다!! ㅎㅎ 오늘은 혜화,대학로에서 발견한 만족스러운 카페 있어서 소개해드리려고 해요. 우연히 방문하게 되었는데 편안한 느낌 주는 공간이라 좋았거든요! 오드투디저트(Ode to Dessert)는 넓고 쾌적한 공간에 맛있는 디저트까지 가득해서 혼자 작업하기에도, 친구와 수다 떨기에도 정말 완벽한 곳이었답니다. 1. 장소 정보 1) 상호: 오드투디저트Ode to Dessert 2) 주소: 서울 종로구 동숭길 94 2층 3) 연락처:0507-1333-4121 4) 운영 시간안내 (1) 월요일-일요일 12:00 - 24:00 (2) 라스트오더 23:30 + 밤 12시까지 운영해서 늦은 시간 데이트나 공부하기에도 너무 좋아요! 2. 오드투디저트 시그니처 제가 다음에 방문하면 참고하려고 여기 시그니처 알아왔어용! 저는 퇴근하고 저녁 먹고 열시 넘어서 방문해서 차만 마시고 와서 너무 아쉬웠거든요 ㅠㅠ 1) 시그니처 음료! ☕️ 벙커컴퍼니 원두로 즐기는 고품질 커피 이곳은 커피 맛에도 진심인 곳요! 유명한 벙커컴퍼니 원두를 사용하여 커피의 풍미가 깊고 진해요. 피넛버터라떼 (6,400원): 이 음료가 이곳의 시그니처 메뉴라고 하더라구요 고소하고 달콤한 풍미가 예술이래요. 추가 옵션? 디카페인 변경 가능! 모든 커피 메뉴는 +500원만 추가하면 디카페인으로 변경할 수 있어 밤늦게 방문해도 부담 없다고해요. 2) 시그니처 디저트  요즘 핫한 '개성주악'이 있는 디저트 맛집 커피만큼이나 유명한 게 바로 디저트 라인업요! (1) 한식디저트: 개성주악! 겉은 바삭하고 속은 쫀득한 전통 디저트 개성주악을 맛볼 수 있어요. 기본부터 누텔라초코까지 종류도 다양해서 골라 먹는 재미가 쏠쏠하더라고요. (2) 양식 디저트: 바나나푸딩 & 바스크 치즈케이크 달콤하고 부드러운 식감의 바나나 푸딩과 진한맛의 치즈케이크도 인기 메뉴니 꼭 한 번 드셔보셔도 좋을 것 같더라구요. 저는 제 추억의 디저트인 바나나 푸딩 먹으러 가려고 해요. ㅎㅎ 3. 사진으로 보는 오드투디저트 1) 외부 전경 콩나물 장수 위층에 위치한 오드 투 디저트! 우리투자증권홀인 놀 씨어터 인근이라 작품 보고 넘어오시는 관람객 분들도 많으셨고 혜화 1,2번 출구로 나와서 메인 스트리트 쪽 중앙쪽을 걷다보면 JS아트홀(구,고스트씨어터), 콩나물장수 건물 2층에 위치해서 찾아가기 쉬웠어요. 2) 내부 3) 메뉴판 4) 쇼케이스 4. 오드 투 디저트에서 주문한 메뉴들 1) 블루스카이 (5,900원) - 쏘만픽! 이름처럼 맑고 깨끗한... ",2026.03.24.,쏘만의 하루,"[혜화/대학로] 오드투디저트 Ode to Dessert : 대학로 디저트 맛집 개성주악과 작업,카공하기 좋은 공간",,,,,,"혜화역 카페 오드투디저트

고품질의 음료와 디저트를 제공합니다.
벙커컴퍼니 원두와 엄선된 재료를 사용합니다.

OPEN 12:00 ~ 24:00 (23:30 last order)",오드투디저트 종로구
담장옆에국화꽃 안녕인사동점,牆邊的菊花 安寧仁寺洞分店,"카페,디저트",咖啡館，甜點,영업 중,5770,939,서울 종로구 인사동길 49 안녕인사동 2층,안국역 6번 출구에서 230m,영업 중 18:30에 라스트오더,0507-1437-2979,https://linktr.ee/ccot_insa,"단체 이용 가능,포장,무선 인터넷,남/녀 화장실 구분,배달,간편결제,주차",,https://ldb-phinf.pstatic.net/20200306_215/1583483303619sYjT1_JPEG/ahaXPQA8ECkePVijhSwL30Sc.jpg,https://ldb-phinf.pstatic.net/20200306_286/1583483303736EqU7h_JPEG/yePpikgDd1SyNogml7IZbkKH.jpg,https://ldb-phinf.pstatic.net/20200306_13/15834833039648QxPj_JPEG/x8CYLiItK-zhPbjQESoxSJkd.jpg,https://ldb-phinf.pstatic.net/20200306_174/15834833036857nKGj_JPEG/fliHcaphEdIGSYmxb7kqloUo.jpg,https://ldb-phinf.pstatic.net/20200306_81/1583483303934cGz7x_JPEG/ZpXFbItllQckWfRtnqiJMHy2.jpg,팥죽,10500,https://ldb-phinf.pstatic.net/20191017_47/1571290938804TlW9g_JPEG/scFo0J0G9fy9cb1yZ7rxgq0C.jpeg.jpg,,,,,CCOT signature,13800,https://ldb-phinf.pstatic.net/20200306_199/1583483167778SYRTK_JPEG/AtjJn5rmRevQlctxpeVAULL_.jpg,https://ldb-phinf.pstatic.net/20200306_288/1583483168885oo8of_JPEG/u3DcEKXONV906PIsUvGy_gC5.jpg,,,,팥바팥빙수,16800,https://ldb-phinf.pstatic.net/20200306_122/1583482875834Q9Dw8_JPEG/wnLeSJufqXLZhAJlpDyrSl5P.jpg,https://ldb-phinf.pstatic.net/20200306_62/1583482875805zkVUB_JPEG/ESthC6F2cV6-vLEejChNq64Q.jpg,https://ldb-phinf.pstatic.net/20200306_108/1583482875999s737q_JPEG/of33fuIrzEOXHyRi4euyjaPs.jpg,https://ldb-phinf.pstatic.net/20200306_198/1583482876061urY3G_JPEG/wR7jPmN6kc3-HGu2TrgId3lq.jpg,,구움국화떡,3000,https://ldb-phinf.pstatic.net/20200306_52/1583483035131C5E43_JPEG/nlLmWv9EHuoGiJQBXEMUZaO5.jpg,https://ldb-phinf.pstatic.net/20200306_151/1583483035342bVsbo_JPEG/zR6yJkwUpFdfGIpmTkUP1SOG.jpg,https://ldb-phinf.pstatic.net/20200306_2/1583483035373bkWfr_JPEG/p2TDnWARnEXrhiyzC97nCaub.jpg,https://ldb-phinf.pstatic.net/20200306_109/1583483036125XCEX1_JPEG/ImVLNs8lGTxNcXiQA9Jy6B-D.jpg,https://ldb-phinf.pstatic.net/20200306_244/1583483036212bO4Jq_JPEG/LI1GLdNFgbd3iqXS_LHqgIeS.jpg,주악,3000,https://ldb-phinf.pstatic.net/20200306_252/1583483094065VlWQd_JPEG/n7w2H5h93xggcdwJnrpuS9vE.jpg,https://ldb-phinf.pstatic.net/20200306_86/15834830940809t1xV_JPEG/Cktg0vkFNm-Z3dxLCV4ybqVA.jpg,https://ldb-phinf.pstatic.net/20200306_94/15834830941011GdLf_JPEG/piFTGulRoEmXQ6GqR5wd_7BI.jpg,,,팥바,4000,,,,,,,,,,,,,,,,,,,,,,,,,,,,,,,,,,,,,,,,,,,,,,,,,,,,,,,,,,,,,,,,,,,,,,,,,,,,,,,,,,,,,,,,,,,,,,,,,,,,,,,,,,,,,,,,,,,,,,,,,,,,,,,,,,,,,,,,,,,,,,,,,,,,,,,,,,,,,,,,,,,,,,,,,,,,,,,,,,,,,,,,,,,,,,,,,,,,,,,,,,,,,,,,,,,,,,,,,,,,,,,,,,,,,,,,,,,,,,,,,,,,,,,,,,,,,,,,,,,,,,,,,,,,,,,,,,,,,,,,,,,,,,,,,,,,,,,자유나무,"본 포스팅은 엡체로부터 무상 제공받았으나 직접 체험후 작성한 솔직 후기입니다. << 인사동 디저트 카페 담장옆에국화꽃CCOT (안녕인사동점) >> 자주 가는 인사동인데 이렇게 괜찮은 카페를 그동안 모르고 있었단 말이야? 새로 생겼나? 혼자 많은 생각을 하게 만들었던 넓고 조용하고 모임하기 좋은 인사동 디저트 카페 담장옆에국화꽃CCOT (안녕인사동점)에 다녀왔어요. 인사동 디저트 카페 담장옆에국화꽃CCOT (안녕인사동점) 은 찾아가기 기가 막히게 좋은 위치에 있습니다 안녕인사동 건물 2층에 있답니다 < 안국역 방면에서 찾아오는 길 > 안국역 6번 출구에서 99m 직진 후 인사동길 따라 도보 3분 내려오시면 안녕인사동 건물 2층 엘레이이터 죄측에 있습니다 < 종각역 방면에서 찾아오는 길 > 종각역 3-1번 출구에서 도보 5분 약390m 직진 후 나인트리호텔 우측 안녕인사동 입구에서 GS25쪽 우측으로 들어와 에스컬레이터를 지나 죄측으로 돌면 됩니다 주차가능(유료)합니다 최초 30분은 매장이용시 차량번호 말씀주시면 추가할인이 가능하다고 하니 참고하세요 담장옆에국화꽃CCOT 이름도 무척이나 사랑스러운 인사동 디저트 카페입니다 인사동 디저트 카페 담장옆에국화꽃CCOT 는 매일 오전 11시부터 ~ 오후 9시 까지 운영됩니다 매장은 전체적으로 아주 깔끔합니다 1인석부터 단체석, 바테이블까지 넉넉합니다 한식 디저트가 예쁘게 세팅되어 전시되어 있는 카운터 보기만 해도 기분 좋아지는 비쥬얼입니다 CCOT의 시랑스러운 비쥬얼의 시그니처 세트와 금주악 구움찰떡들입니다 인사동 디저트 카페 담장옆에국화꽃CCOT (안녕인사동점) 의 메뉴판입니다 참고하세요 우리는 인사동에서 빙수맛집으로 알려진곳이라고 해서 밤대추팥빙수를 주문했어요. 꼭 먹어보고 싶었던 금주악도 주문하고 구움찰떡 무화과 그리고 아메리카노를 주문했습니다 6대 떡 명장 오숙경 대표의 레시피로 만든 담꽃의 디저트들이라고 하는데 먹기도 전에 기대 만땅입니다^^ 조약돌 모양의 개성주악은 조선시대 궁중과 개성지방에서 귀한 손님에게 올리던 고급 전통떡이라고 합니다 막걸리로 발효시킨 찹쌀반죽을 기름에 튀긴 뒤 꿀, 생강, 조청시럽에 적셔 완성하는데 담꽃의 개성주악은 고급 금박 장식을 더해 더 고급짐이 느겨지는 것 같아요. 쫀듯한 식감이 예술이네요 낱개 포장되어 있는데 사올걸 하는 후회가 드네요.ㅠㅠ 국산찹쌀과 각종 고명을 넣은 반죽을 오븐에 구워낸 담백한 구움찰떡입니다 겉은 바삭하고 속은 쫀득한 것이 특징이라고 하는데... ",2026.03.11.,꿈꾸는 자유나무,인사동 디저트 카페 담장옆에국화꽃CCOT (안녕인사동점),달콤퀸미쉘,"[담장옆에국화꽃 안녕인사동점] 종각 안국역 인사동 팥빙수 떡 제6대 떡명장 오숙경 한식디저트 독보적인 K-전통디저트 아이콘 국내산재료 팥에진심 팥죽 팥빙수 무가당통팥죽 녹차빙수 개성주악 구움국화떡 딸기팥양갱 과일양갱 넓고 쾌적한 공간 모임하기좋은곳 종로구 인사동길 49 안녕인사동 2층 0507-1437-2979 매일11:00-21:00 주차가능 시내 종각역에서 볼일본후 2차 디저트타임하러 [담장옆에국화꽃 안녕인사동점] 찾아갔어요. 방배동 서래마을 오픈시절부터 애정하는 ""담꽃""은 제6대 떡명장이신 오숙경님의 한식디저트 카페인데요.. 엄선한 국내산 재료 사용하고, 무엇보다 팥에 진심이라 팥죽과 팥빙수가 일품이구요, 그외에 떡, 개성주악, 양갱..등등 수준급의 독보적인 K-전통디저트의 아이콘 이지요^^b 방배동 서래마을 [담장옆에국화꽃]의 히스토리와 이전 방문기는 아래를 참고하셔요~☆ https://m.blog.naver.com/dalcomqueen/220715860865 < >"" "" < > "" "" < 입구에서 바로 카운터및 제품 매대와 마주합니다. 개성주악은 외국인들까지도 매료하는 K-디저트죠! 카운터 건너편에도 담꽃의 시그니처 한식디저트들이 촤르르 차려져있어요^^ 시그니처 팥죽 3종이 나와있네요.. 전통문양과 오방색감이 곱디곱군요^&^ 세계로 알려질 K-디저트에 있어, 포장재도 굉장히 중요한 요소죠!! 담꽃의 팥빙수에 곁들이는 말린대추편은 그 빠각빠삭 바삭함이 정말 극상이에요^^bb 완전 맛도리!! 주문을 하고, 진동벨을 받습니다. 대표메뉴로 팥죽과 빙수, 그외 디저트와 음료까지 상당히 다양하고 알차게 구비되어있는데요.. 팥죽을 전혀 달지않게 조리한 ""무가당통팥죽""도 있어서 인사동 오신 어르신들께 인기만점일듯 하네요^^ 특히, ""시그니처 플래터 세트"" 배너가 눈에 띄던데요.. 예전부터 커피도 잘하는 담꽃이라, 믿고마시는 아아와 예쁜 한식 디저트 찾는 MZ들 공략용으로 좋을듯해요^^ 메뉴가 나오면, 자리로 갈때, 앞접시나 미니보울은 알아서 챙겨가게 했네요. 빙수나 팥죽 덜어먹기 딱 좋은 사이즈. 전체 실내분위기는 이렇습니다. 꽤 넓은 공간이구요, 층고가 높고, 양옆으로 통창이 자리해서 개방감이 있네요. 근처 직장인들 단체로와도 여유있을 테이블도 있고.. 혼자 조용히 머물다 가기에 좋을 자리도 있고.. 창가앞엔 8석규모의 독립테이블도 있구요.. 요렇게 예쁜 등장식 아래로 꽃장식까지 곁들여지는 이자리 좋더군요^^b 아웅~ 예뻐라~☆^^☆ 이날의 주문. 내돈내산! 우선 메인으로 무가당통팥죽과 녹차빙수 시키고, 곁들임으로... ",2026.01.09.,달콤퀸 미쉘의 미.식.여.행.,인사동[담장옆에국화꽃] 떡명장 오숙경 한식디저트 카페 무가당통팥죽 녹차빙수 구움국화떡 과일양갱,,,,,,"인사동에서 빙수맛집으로 알려진 한식디저트 카페 담꽃 안녕인사동점입니다.
밤대추팥빙수를 비롯해 딸기빙수 홍시빙수 수정과빙수 녹차팥빙수 감귤빙수 등
담꽃에서만 만나볼 수 있는 다양한 전통 빙수를 즐기실 수 있습니다.
수박빙수 홍삼빙수 등 계절마다 달라지는 시즌 빙수도 운영하고 있습니다.

제6대 떡 명장 오숙경 대표의 레시피로 만든 담꽃의 디저트는
국내산 재료를 중심으로 정성껏 준비하고 있습니다.
팥죽은 당도에 따라 3가지 맛으로 나뉘어 취향에 맞게 선택하실 수 있으며
개성주악 구움국화떡 구움약과 팥양갱 등
다른 곳에서는 쉽게 만나기 어려운 한식디저트도 함께 제공합니다.

종각역 안국역 인근 안녕인사동 2층에 위치해
광화문 경복궁 쌈지길 조계사 등 인근 관광 후
빙수와 디저트 커피로 잠시 쉬어가기 좋은 공간입니다.
사진이 잘 나오는 매장에서 특별한 모임이나 데이트를 즐겨보세요.",담장옆에국화꽃 종로구
아진당 떡상점,阿金當年糕點店,떡카페,米糕咖啡館,영업 중,437,245,서울 종로구 돈화문로11길 34-6 아진당 떡상점,종로3가역 4번 출구에서 48m,영업 중 22:00에 영업 종료,0507-1423-4969,https://www.instagram.com/ajindang_iksun/?hl=ko,"포장,배달,무선 인터넷,단체 이용 가능",,https://ldb-phinf.pstatic.net/20230705_218/1688539155400Jbh09_JPEG/%C0%CE%C0%FD%B9%CC%B2%DC%B6%B1.jpeg,,,,,인절미꿀떡,4500,https://ldb-phinf.pstatic.net/20230705_102/1688539274870VXCiz_JPEG/%C4%E1%B0%ED%B9%B0%C0%CE%C0%FD%B9%CC.jpeg,,,,,콩고물인절미,4500,https://ldb-phinf.pstatic.net/20230720_69/1689831652915O115r_JPEG/%C4%AB%BD%BA%C5%D7%B6%F3%C0%CE%C0%FD%B9%CC.jpeg,,,,,카스테라인절미,4500,https://ldb-phinf.pstatic.net/20230720_148/1689831720945yR6lB_JPEG/%BE%A6%C0%CE%C0%FD%B9%CC.jpeg,,,,,쑥인절미,4500,https://ldb-phinf.pstatic.net/20230720_274/1689831675410AQnde_JPEG/%C8%E6%C0%D3%C0%DA%C0%CE%C0%FD%B9%CC.jpeg,,,,,흑임자인절미,4500,https://ldb-phinf.pstatic.net/20230720_180/16898316988660PVM6_JPEG/KakaoTalk_20230615_170345883.jpg,,,,,호박인절미,4500,https://ldb-phinf.pstatic.net/20230720_144/1689831733809C9e0b_JPEG/%C3%CA%C4%DA%C5%A9%B8%B2%B6%B1.jpeg,,,,,초코크림떡,4700,https://ldb-phinf.pstatic.net/20230705_258/1688543255393yFxIH_JPEG/%B2%DC%B4%F6.jpeg,,,,,꿀떡,4500,https://ldb-phinf.pstatic.net/20230705_53/16885432432365zgFP_JPEG/%B9%D9%B6%F7%B6%B1.jpeg,,,,,바람떡,4200,https://ldb-phinf.pstatic.net/20230705_233/1688543228885jt2d6_JPEG/%BE%D3%B1%DD%C0%FD%C6%ED.jpeg,,,,,앙금절편,4200,https://ldb-phinf.pstatic.net/20230705_287/1688543011862gOUBO_JPEG/%B0%E6%B4%DC.jpeg,,,,,사색경단,4500,https://ldb-phinf.pstatic.net/20230705_299/1688543031982DlAil_JPEG/%BB%EF%BB%F6%B5%CE%C5%D3.jpeg,,,,,삼색두텁떡,4500,https://ldb-phinf.pstatic.net/20230705_232/1688543124493zlBEw_JPEG/%BF%C0%BB%F6.jpeg,,,,,오색깨송편,4500,https://ldb-phinf.pstatic.net/20230705_105/1688543068152kdm4r_JPEG/%B8%F0%BD%C3%BC%DB%C6%ED.jpeg,,,,,모시송편,4500,https://ldb-phinf.pstatic.net/20230705_34/1688543051021u5qnl_JPEG/%BE%A6%B0%B3%B6%B1.jpeg,,,,,쑥개떡,4000,https://ldb-phinf.pstatic.net/20230705_221/1688543103002Fuu16_JPEG/%C1%F5%C6%ED.jpeg,,,,,방울증편,4000,https://ldb-phinf.pstatic.net/20230705_177/1688543284584b2Fd4_JPEG/%BA%B8%B8%AE%C1%F5%C6%ED.jpeg,,,,,보리증편,4000,https://ldb-phinf.pstatic.net/20230720_34/1689832130106W4ons_JPEG/%C2%FD%BD%D2%B6%B1.jpeg,,,,,찹쌀떡,1700,https://ldb-phinf.pstatic.net/20230720_168/1689832146390FKQyO_JPEG/%BE%D3%C0%FD%B9%CC.jpeg,,,,,콩고물앙절미,1700,https://ldb-phinf.pstatic.net/20230720_231/16898321916113yxks_JPEG/%B9%D9%B3%AA%B3%AA%C2%FD%BD%D2%B6%B1.jpg,,,,,바나나찹쌀떡,1800,https://ldb-phinf.pstatic.net/20230720_249/1689832285948FTzjq_JPEG/%C0%DA%BB%F6%B0%ED%B1%B8%B8%B6%C2%FD%BD%D2%B6%B1.jpg,,,,,자색고구마찹쌀떡,1800,https://ldb-phinf.pstatic.net/20230720_15/1689832271165CbB1s_JPEG/%BF%C1%BC%F6%BC%F6%C2%FD%BD%D2%B6%B1.jpg,,,,,옥수수찹쌀떡,1800,https://ldb-phinf.pstatic.net/20230720_216/1689832449508tstQN_JPEG/KakaoTalk_20210820_183839261_06.jpg,,,,,곶감찰떡,1800,https://ldb-phinf.pstatic.net/20230720_34/1689832242206lurSs_JPEG/%B8%C1%B0%B3%B6%B1.jpg,,,,,망개떡,1800,https://ldb-phinf.pstatic.net/20230720_288/16898322221948qn2R_JPEG/%BB%FD%C5%A9%B8%B2%B6%FB%B6%B1.jpg,,,,,생크림딸기찹쌀떡,1800,https://ldb-phinf.pstatic.net/20230720_73/1689832255642R8lVr_JPEG/%BF%C0%B8%C5%B1%E2%B6%B1.jpg,,,,,오메기떡,1800,https://ldb-phinf.pstatic.net/20230720_4/1689832176220WWqDW_JPEG/%C4%AB%BD%BA%C5%D7%B6%F3%BE%D3%C0%FD%B9%CC.jpg,,,,,카스테라앙절미,1800,https://ldb-phinf.pstatic.net/20230705_103/1688543385487vsm90_JPEG/%BB%E7%BA%BB_-%BB%E7%BA%BB_-%BE%BE%BE%D1.jpg,,,,,허니씨앗,1800,https://ldb-phinf.pstatic.net/20230705_31/1688543321176ymeia_JPEG/%C8%E6%C0%D3%C0%DA%B5%CE%C5%D3%B6%B1_%282%29.jpg,,,,,흑임자두텁떡,1800,https://ldb-phinf.pstatic.net/20230705_187/168854330451010EWA_JPEG/%C4%E1%BE%A6%B0%B3.jpg,,,,,콩쑥개떡,1700,https://ldb-phinf.pstatic.net/20230720_161/16898332172158mc9C_JPEG/%BE%E7%B0%BB.jpg,,,,,양갱,3000~3400,https://ldb-phinf.pstatic.net/20230720_268/16898317608080LJv5_JPEG/%B0%B3%BC%BA%C1%D6%BE%C7.jpg,,,,,개성주악,3000~3500,https://ldb-phinf.pstatic.net/20230720_194/16898318649428LTqK_JPEG/%C8%AD%B0%FA%C0%DA.jpg,,,,,화과자,4000,https://ldb-phinf.pstatic.net/20250414_298/17446185890429XWdX_JPEG/%B1%DD%B1%D6.jpg,,,,,금귤정과,5000,https://ldb-phinf.pstatic.net/20230720_262/16898343848681oFyT_JPEG/%B5%B5%B6%F3%C1%F6%C1%A4%B0%FA.jpg,,,,,도라지정과,5000,https://ldb-phinf.pstatic.net/20230705_142/1688542378032UjgUo_JPEG/%B0%F9%B0%A8%B8%BB%C0%CC.jpg,,,,,곶감말이,3500,https://ldb-phinf.pstatic.net/20230720_281/1689833080896okPxW_JPEG/%B0%B3%BC%BA%BE%E0%B0%FA.jpg,,,,,개성모약과,5000,https://ldb-phinf.pstatic.net/20230720_242/1689832475654ApHiX_JPEG/%BE%E0%B0%FA.jpeg,,,,,약과,1500,https://ldb-phinf.pstatic.net/20230705_40/1688542198673q0gdv_JPEG/KakaoTalk_20230615_174507544_02.jpg,,,,,호두강정,12000,https://ldb-phinf.pstatic.net/20230705_263/1688542178860vERfC_JPEG/KakaoTalk_20230615_174507544_04.jpg,,,,,구운대추,6000,https://ldb-phinf.pstatic.net/20230705_272/1688542152128PVfY2_JPEG/KakaoTalk_20220406_181243892_01.jpg,,,,,고구마스틱/자색고구마/카사바칩/꽈배기,4500,https://ldb-phinf.pstatic.net/20230705_51/16885421067625SGl1_JPEG/%B8%F0%B5%EB%B0%AD%C1%A4.jpeg,,,,,모듬강정/뻥튀기/야채믹스/인절미뻥튀기,3000~10000,https://ldb-phinf.pstatic.net/20240307_192/170977557402821jMy_JPEG/IMG_2089.jpeg,,,,,선물세트,4200~34000,,,,,,식혜,5500,,,,,,아메리카노,5500,,,,,,쌍화자,7000,,,,,,레몬생강차,6500,,,,,,팥죽,6500,석호,"익선동 골목길을 따라 걷다 보면 만날 수 있는아진당 떡 상점 이곳은 고즈넉한 목조 구조와 세련된 인테리어가 조화를 이루고 있어 방문객들로부터 찬사를 받는 곳입니다. 떡을 재해석한 곳 아진당 입니다. 아진당 아진당은 익선동 한옥 분위기 속에서 전통 떡을 색다르게 즐길 수 있는 곳으로 알려져 있어요. 요즘은 젊은 사람들도 떡을 디저트처럼 즐기는데 이런 흐름을 잘 보여주는 가게이기도 하지요. 한옥 골목과 잘 어울리는 조용한 분위기도 매력적인 곳입니다. 아진당 내부 이곳의 주력 메뉴는 한국의 전통 디저트를 현대적인 감각으로 풀어낸 것들입니다. 특히 떡이나 한과를 활용한 디저트가 유명한 곳입니다. 위치 서울 종로구 돈화문로 11길 34-6 종로3가역 4번출구 에서 걸어서 약 3∼5분 거리, 익선동 한옥골목 안입니다. 아진당의 가장 큰 특징은 수제로 만드는 모찌와 찹쌀떡이에요. 겉은 부드럽고 쫀득하고 속에는 크림이나 팥 앙금이 들어가 달콤한 맛을 느낄 수 있어요. 떡과 함께 전통차나 따뜻한 음료를 곁들이면 한옥 분위기와 잘 어울리는 시간을 보낼 수 있어요. 익선동을 찾는 사람들이 잠시 쉬어 가기에도 좋은 곳이에요. 익선동은 서울에서 오래된 한옥 골목이 남아 있는 곳으로 작은 카페와 음식점들이 많이 모여 있어요. 좁은 골목을 따라 걷다 보면 사진을 찍는 사람들도 많고 관광객도 많이 찾습니다. 익선동 아진당 떡 상점 위치",2026.03.08.,SUKHO PLANT,서울 종로 3가 익선동 맛집  떡 카페 아진당떡상점 위치 메뉴,tlgjstlgjs,"오랜만에 익선동 쪽에 약속이 있어서 다녀와 봤다. 코로나 전후로 주춤하는 듯하지만 최근 방문을 했던 익선동은 다시 북적거리는 핫플이 되어 있었다. 특히 외국인 관광객들 꽤 많았음. 암튼 익선동에서 볼일 보고 들어가는 길 종로3가역으로 걸어 나가다가 눈길을 끄는 곳을 발견했다. 익선동떡카페 아진당 떡상점! 바로 여기다. 탁 트인 유리로 2면이 되어 있어서 밖에서 너무 잘보이고 안에 진열된 떡들이 어찌나 맛깔스러워 보이는 지 저절로 발걸음이 향했음. 건물의 전체적인 분위기가 한옥스러워서 떡상점이라는 콘셉트랑도 매우 잘 맞아 떨어지는 듯했고. 한국의 전통적인 대표 간식 떡이니까 이렇게 외국인들이 많이 찾는 거리에 있으면 자연스럽게 문화 홍보도 되고 그럴 것 같은 너낌?? 매장에도 들어가 보기로. 따뜻한 조명이 포근함을 줘서 좋았다. 매장 곳곳에 다양한 종류의 떡 디저트들이 진열돼 있었던 익선동떡카페. 하나같이 다 먹음직스러워서 눈을 뗄 수가 없네 그려. 일단 가장 인기가 많은 듯보였던 찹쌀떡 코너입니당. 여기 찹쌀떡 종류가 10가지가 훌쩍 넘었다. 가격은 1개당 1,700원부터였는데 가격대도 나쁘지 않다고 느껴졌다. 원하는 맛 사가지고 아메리카노 한잔 시켜서 앉아서 먹고 가면 가볍게 한끼 가능할 듯. 전통찹쌀떡부터 시작해 감귤찹쌀떡, 곶감찰떡, 카스테라앙찰미, 딸기크림찹쌀떡, 초코크림찹쌀떡 등 우와 찹쌀떡의 변신은 무죄인가요 하나같이 다 맛보고 싶었음. 또 다른 쪽에는 인절미도 다양하게 패킹되어 있었다. 가격은 4천원대 정도. 인절미도 담백하게 즐길 수 있는 떡 디저트쥬. 익선동 놀러오면 그냥 카페 말고 이렇게 떡을 주제로 하는 익선동카페 한번 방문해 보면 더 좋을 것 같다. 일반 떡 종류들도 다양다양~~ 평소 좋아하는 떡 디저트 있다면 맛보시길. 아진당 떡이 이번에 방문해 먹어보니까 진짜 쫄깃하고 맛있었다. 참, 선물 종류도 다채롭게 구입 가능했는데 먼저 양갱이부터. 이거 이렇게 이쁘게 포장해놓으면 누가 양갱이인줄 알까요:) 맛도 여러가지였고 무엇보다 고급진 비주얼이 격식 있는 자리에 가지고 나갈 답례품으로도 나쁘지 않아 보였당. 또 화과자도 있었는데 박스 구성이 되서 선물세트별 가격 등 샘플 모양으로 함께 볼 수 있다는 점도 굿굿 택배도 가능 단체 주문도 가능하다고 하셨음. 익선동떡카페 아진당 떡상점에서 그냥 올 수 없어 찹쌀떡이랑 꿀떡, 또 개성양과 등 간식거리 구입해 와봤다. 우리 가족 다 떡 좋아하니 주말에 티비보며 떡파티 해야지!!",2025.12.13.,"한번의 젊음, 어떻게 살 것인가.",익선동카페 전통 떡 디저트 다채롭게 맛볼 수 있는 아진당 떡상점,엘리지아,"(내돈내산후기) 안녕하세요~ 엘리맘입니다♡ 예전에 서울 여행갔을 때 다녀온 익선동 골목이에요 이 날 비가 와서 사람들이 별로 없었는데요 그게 더 럭키비키인 듯ㅎㅎ 골목골목 좁긴하지만 예쁘고 운치있어서 좋더라고요 익선동 골목에서 식사 후에 간단하게 먹을거 없나하고 남편이 검색해서 알아본 디저트맛집, 떡집이에요 전통 떡 디저트 전문점, 아진당 떡상점이라는 곳이구요 고즈넉한 한옥 분위기 속에서 눈에 확 띄어요 주소 : 서울 종로구 돈화문로11길 34-6 아진당 떡상점 영업시간 : 10:00~22:30 화요일 11시 오픈 토/일 22시 마감 전화 : 0507-1423-4969 아진당 떡상점 원래 여기는 떡가게 종춘으로 사랑받던 익선동의 인기 떡집이었는데 2025년부터 브랜드를 아진당으로 리뉴얼해서 더 현대적인 감성으로 이미지를 새롭게 했다고 해요 가게 안에 맛있는 떡과 디저트들이 많이 있어요 1975년부터 떡집을 하셨으니 50년이 된 가게라고 할 수 있네요 선물용으로 좋은 떡세트들도 많이 있구요 부모님 선물이나 지인분들 선물용으로 좋을 것 같아요 아진당이 좋은 점이 이렇게 소량 포장으로 맛볼 수 있게 구성이 되어 있다는 점이에요 배가 부르고 다른 것도 먹을 게 많을 때는 이렇게 조금씩 판매하는게 더 좋더라고요 가볍게 사가기 딱 좋아요!! 전통차, 커피, 스무디, 에이드 등 음료 메뉴도 있구요 매장 안 테이블이 조금 있어서 잠시 앉아 음료와 떡을 즐길 수 있어요 아진당 대표 메뉴~ 인절미 꿀떡이에요 쫀득한 인절미에 영양특제 꿀소스가 듬뿍 담긴 떡이에요 디저트 같으면서도 든든한 느낌으로 먹을 수 있어요 떡이 쫀득쫀득 식감이 좋고 맛있더라고요 ㅎㅎ 익선동골목에서 가볍게 소량으로 디저트 찾으시는 분들에게 추천드리는 곳이에요 그리고 세계문화유산 종묘도 구경하고 서울여행 1일차를 마무리했어요~~ #익선동맛집 #익선동떡집 #아진당 #전통떡디저트 #서울디저트카페 #전통디저트 #인절미꿀떡 #약쑥찹쌀떡 #떡선물세트 #종로데이트코스 #익선동포장맛집 #쑥떡맛집 #떡디저트 #서울간식투어 #떡가게종춘",2025.08.05.,Finding my own Elysium,종로 익선동 떡집 디저트맛집 아진당 떡상점,"1975년부터 꾸준히 건강한 재료만을 고집한 임종춘 할머니의 우직함과 진심이 담긴 떡의 마음을 이어받은 ’떡가게 종춘’이 그 마음을 그대로 이어받아 <아진당>으로 브랜드 리뉴얼 되었습니다.

익선동만의 고풍스럽지만 친근한 한옥 이미지와 현대적 감성을 담은 브랜드로 더 높은 가치를 담고자 합니다. 옛 전통방식을 이어받아 한국을 대표하는 먹거리로써 지금까지 많은 사랑을 받으며 관광 오신 외국 분들께도 우리 전통의 간식을 알리고 있습니다.

떡, 화과자, 개성주악에서부터 곶감말이까지 우리 전통의 간식으로 우리 것을 알리고 있는 <아진당>은 맑고 깨끗한 방식으로 만든 참된 우리 간식입니다.",아진당 종로구
밀과방,米爾格瓦邦,"카페,디저트",咖啡館，甜點,영업 중,109,53,서울 중구 남대문로 29-2 1층,회현역 7번 출구에서 396m,영업 중 18:00에 라스트오더,0507-1380-8334,https://www.instagram.com/mielgwabang,"포장,무선 인터넷,예약,반려동물 동반,간편결제","놀라운토요일 354회, 25.02.22.2025년 2월 22일 쑥약과젤라토",https://ldb-phinf.pstatic.net/20260119_65/176882863920298M0E_JPEG/1000030108.jpg,,,,,겨울한정) 주악 단팥죽 or 호박죽,7000,https://ldb-phinf.pstatic.net/20250414_280/1744620023056YuUvy_JPEG/1000068000.jpg,,,,,주악 젤라또 플레이트,7500,https://ldb-phinf.pstatic.net/20250224_299/17403778123184VPgS_JPEG/KakaoTalk_20250222_205125312.jpg,https://ldb-phinf.pstatic.net/20230923_103/1695448562520nKt2S_JPEG/1000033135.jpg,,,,쑥약과젤라또(놀라운토요일방영디저트),4800,https://ldb-phinf.pstatic.net/20250224_289/1740377991407fL4GD_JPEG/KakaoTalk_20250224_151819723.jpg,https://ldb-phinf.pstatic.net/20250118_16/1737183269811ot9PM_JPEG/KakaoTalk_20250118_153258300.jpg,,,,주악4+약과5개덕수궁세트(예약필수),28000,https://ldb-phinf.pstatic.net/20250118_287/1737182212261oT05o_JPEG/KakaoTalk_20230912_194409727.jpg,,,,,약과 or 주악 + 차 세트,6500,https://ldb-phinf.pstatic.net/20231101_149/1698824990739bkggE_JPEG/1000034276.jpg,,,,,약과4가지맛 세트 4Yakgwaset,9000~10000,https://ldb-phinf.pstatic.net/20231017_222/1697542903143FEHe8_JPEG/1000034494.jpg,,,,,젤라또 1개선택 +약과선택 1개,6900,https://ldb-phinf.pstatic.net/20240302_230/1709359115132vTHl9_JPEG/1000052018.jpg,https://ldb-phinf.pstatic.net/20240302_150/1709359115158LxYiV_JPEG/1000052321.jpg,https://ldb-phinf.pstatic.net/20231101_140/1698825220438hd7Gl_JPEG/1000035154.jpg,,,개성주악 Zuak,2500~3000,https://ldb-phinf.pstatic.net/20240705_204/1720152478637O3Ab9_JPEG/20240626_112839.jpg,,,,,싱글컵 2가지맛,6000,https://ldb-phinf.pstatic.net/20240302_140/1709358978444rAEux_JPEG/1000052318.jpg,,,,,남산약과세트(약과5가지맛),13500,,,,,,크림치즈 호두 곶감말이 (3조각),,https://ldb-phinf.pstatic.net/20240705_197/1720152563954v3Snv_JPEG/IMG_20240608_161559_841.jpg,,,,,수제차,4500~5000,https://ldb-phinf.pstatic.net/20241015_254/1728986832019OQyJK_JPEG/KakaoTalk_20241015_190538472.jpg,,,,,주악 9개 선물세트(하루전예약필수),28000,https://ldb-phinf.pstatic.net/20241015_17/1728985802836AhWu4_JPEG/KakaoTalk_20241015_184113195.jpg,,,,,전통주&약과 5개선물세트,35000~39000,https://ldb-phinf.pstatic.net/20241015_260/1728985906822u6r4i_JPEG/KakaoTalk_20241015_184113195_01.jpg,,,,,4계절 꽃차 선물세트,16200,https://ldb-phinf.pstatic.net/20241015_154/1728985733744VXF12_JPEG/KakaoTalk_20241015_184351039.jpg,,,,,복숭아 민화 고급선물세트(예약필수),55000~60000,https://ldb-phinf.pstatic.net/20250930_151/1759210089538Lcpd2_JPEG/1000025690.jpg,,,,,곶감단지선물세트(일주일전예약필수),40000,https://ldb-phinf.pstatic.net/20231220_95/1703056128206YRY5l_JPEG/1000037217.jpg,,,,,개나리민화 선물세트,25000~28000,,,,,,,,,,,,,,,,,,,,,,,,,,,,,,,,,,,,,,,,,,,,,,,,,,,,,,,,,,,,,,,,,,,,,,,,,,,,,,,,,,,,,,,,,,,,,,,,,,,,,,,,,,,,,,,,,,,,,,,,,,,,,,,,,,,,,,,,,,,,,,,,,,,,,,,,,,,,,,,,,,,,,,,,,,,,,,,,,,,,,,,,,,,,,,,,,,,,,,,,,,,,,,,,,,,꽃집아가씨,"북창동 카페 밀과방 한국은행 옆 보리커피 주악 디저트 북창동 카페 밀과방 보리커피와 주악 약과 북창동 카페 밀과방에 다녀왔다. 얼마 전 애성회관에서 식사를 하고 지나가다가 우연히 발견한 곳인데, 작고 아담한 외관에서 풍기는 분위기가 예사롭지 않아 눈여겨봐 두었던곳이다. 마침 지인을 만나기로 했는데 시간이 조금 남아서 고민 없이 들어가게 되었다. 요즘 유행하는약과나 주악 같은 전통 한국디저트부터 젤라또까지 갖춘 곳이라니, 도심 한 복판에서 마주한 K 디저트의 향연에 내심 놀라웠다. 안녕하세요 꽃씨입니다. 주소 서울 중구 남대문로3가 98 도로명 남대문로29-2 전화번호 0507.1380.8334 1. 외관 및 영업시간 가게는 규모가 크지 않지만 한국의 전통미가 은은하게 녹아든 간판이 시건을 끈다. 위치 특성상 한국인들뿐만 아니라 오히려 소문을 듣고 찾아온 외국인 관광객들이 더 많은 느낌이었다. 영업시간은 11시 30분 부터 19시 30분까지이고 월요일과 일요일은 휴무다. 주말 나들이객이라면 휴무일을 꼭 체크하는 것이 좋다. 2. 내부 분위기 및 소품 매장 안으로 들어서자마자 기분 좋은 차 향기와 함께 말린 귤 특유의 상큼한 향이 코 끝을 간지럽힌다. 내부는 아기자기한 소품들로 가득 차 있는데, 한국적인 이미지가 굉장히 강해서 구경하는 재미가 쏠쏠하다. 한쪽에는 한국 전통 술들도 진열되어 있느넫, 마시는 용도보다는 기념품이나 장식용같은 느낌이 들었다. 예쁜 소품들과 책들이 곳곳에 배치되어 있어 작은 박물관에 온 듯한 착각도 든다. 앉아서 먹고 갈 수 있는 공간은 의자 8개 정도로 협소하다. 다닥다닥 붙어 있는 편이라, 살짝 좁다고 느낄 수 있지만 그만큼 아늑한 매력이 있따. 3. 디저트 종류 쇼케이스에는 주악을 비롯한 다양한 디저트들이 가지런히 놓여 있다. 예쁜 선물 상자에 담아갈 수 있도록 구성되어 있어 소중한 사람들에게 선물하기에도 참 좋아보인다. 주악과 약과의 샘플도 보인다. 주악은 쉽게 말해 한국식 찹쌀 도넛 이라고 생각하면 된다. 찹쌀가루를 막걸리로 반죽해 기름에 튀겨낸 뒤 조청이나 꿀에 집청해서 만든다. 겉은 바삭하고 속은 떡처럼 쫄깃한 식감이 특징인데, 한 입 베물면 배어나오는 달콤한 즙이 일품인 귀한 전통 간식이다. 정과도 있었따. 4. 북창동 카페 메뉴 가격 26년 4월 메뉴 가격 주문은 키오스크에서 이용하면 된다. 한식 아이스크림, 식혜 보리커피 홍삼차 같은 건강한 음료부터 젤라또와 주악 약과까지 메뉴가 정말 다채롭다. 들어가면 바로 웰컴차를 주신다. 5.... ",2026.04.25.,꽃씨의 맛집 이야기♬,북창동 카페 밀과방 한국은행 옆 보리커피 주악 디저트,밍교이,"서울 시청역, 회현역 카페 약과와 개성주악이 맛있는 한식 디저트집 '밀과방' 방문 후기 서울 시청역, 회현역 근처에 있는 한국식 디저트 카페 ‘밀과방’ 방문 후기입니다. 약과랑 개성주악 사러 갔었는데 디저트 맛도 좋고 사장님도 친절하셔서 좋았어요. 밀과방 주소는 [서울 중구 남대문로 29-2]입니다. 시청역, 회현역, 명동역이 모두 가까워요. [영업시간] 월~토요일 11:30~20:00 (동절기에는 11:30~19:00) ※ 매주 일요일 정기 휴무 ※ ※ 품절 시 조기 마감할 수 있음 ※ 이렇게 생긴 아담한 카페입니다. 한국식 디저트 카페인 만큼 외국인 손님들을 위한 외국어 안내문과 영어 메뉴판도 준비되어 있었어요. 설, 추석, 수능 등의 시즌에는 예쁜 포장으로 선물세트도 만드시고 사전예약 주문도 받으시는 거 같아요. 무료로 웰컴티도 마실 수 있는 훈훈한 매장이었습니다. 키오스크 기기가 설치되어 있어서 비대면 주문, 결제도 가능했어요. 키오스크 기기에서도 언어 설정이 가능해서 한국어뿐만 아니라 영어, 일본어로도 메뉴를 확인하고 주문할 수 있었습니다. 제 앞에 계시던 손님들이 디저트를 많이 사가시는 것 같더니 쇼케이스가 점점 비어가더라고요. '맛있는 집인가 보다...' 생각했습니다. 다행히 품절되지는 않았어서 플레인 약과, 단호박 약과, 사과 콩포트 주악을 각각 하나씩 주문했어요. 생일 축하를 위해 포장하러 갔던 거라서 귀여운 초도 하나 구매했습니다. 그리고 잠시 포장을 기다리는 동안 밀과방 매장 내부를 구경했어요. 카운터석 앞에는 무료 웰컴티가 있었고, 안쪽에도 앉을 수 있는 공간이 조금 더 있었습니다. 아담한 매장이라서 단체 방문은 어렵겠지만 서너 명까지는 함께 앉아서 디저트에 차 한잔 할 수 있을 것 같았어요. 귀여운 선풍기와 노리개도 눈에 띄었고, (노리개도 판매하시는 거더라고요.) 디저트 보관 및 섭취 방법과 밀과방 이름의 뜻도 읽어보았습니다. 구매한 약과와 개성주악은 종이 봉투에 포장해 주셨어요. 밀과방의 약과에는 견과류가 들어 있었습니다. 주문할 때 미리 말씀해 주시더라고요. 그 덕에 평소 흔히 맛보던 약과보다 고소했고, 식감이 색다른 점이 매력이었어요. 열심히(?) 생일 축하하느라 먹기 전에 사진은 제대로 못 남겼지만... ㅋㅋㅋㅋ 약과도 개성주악도 맛있게 먹었습니다. 한국식 디저트 카페 밀과방의 메뉴 사진과 신메뉴 출시 소식 등을 받아보시려면 아래 링크를 통해 인스타그램으로 들어가 보세요. ⬇️⬇️⬇️",2024.12.24.,밍교이 in Wonderland,"서울 시청역 회현역 약과, 개성주악 / 한국식 디저트 카페 밀과방 방문 후기",콩벌레씨,"외근 나갔다가 같이 간 회사분이 젤라또 먹고 싶다고 해서 검색하다가 찾은 밀과방,, 한국식 젤라또 가게였다! 양미옥 지나서 있는 이디야에서 꺾어서 올라가면 있다,, 직장인 할인도 된다고,, 정말 한국적인 디저트다,, 가게 외관도 그렇고 내관도 한국적으로 꾸며져있어서 좋았다,, 남대문에 관광객들 많이 오는데 이런 한국적인 가게가 있어서 뭔가 기분 좋음,, 웰컴티도 주시는데 매일 차가 달라지나 보다,, 영수증 이벤트도 있다고 하는데, 나는 안했음,ㅋㅋㅋ 외국인들을 위한 영어 메뉴판인듯,, 가게 한 쪽에 판매하는 노리개도 있었음,, 디저트 쇼케이스,, 디저트 역시 한국적,, 개성주악 궁금했었는데요! 가게가 작고, 원형 테이블은 없고 bar 형태의 테이블만 있어서 오래 앉아있기는 힘들고,, 포장해서 가는 손님들이 많을 듯,, 우리는 앉아서 빨리 먹고 가기로,, 젤라또/소르베 종류가 굉장히 다양하고 세트 메뉴 구성도 많았다,, 음료도 한국적인데, 다 맛있어보여ㅠㅠ 선물세트박스도 있었는데, 선물 하기 되게 좋을 거 같다,, 우리는 더블컵 젤라또 주문,, 일단 웰컴티,, 그리고 주문한 젤라또,, 나는 개성주악이 궁금해서 개성주악도 한 개 주문했다,, 더블컵 젤라또 6,800 수정과 초당옥수수밀크티 + 100 내가 주문한 건데 둘 다 맛이 진하고 맛있었다,, 수정과 맛이 강해서 밀크티를 나중에 먹으면 맛이 잘 안 느껴지긴 했는데, 둘 다 맛있었음,, 더블컵 젤라또 6,800 흑임자초코 수박민트소르베 회사분이 주문한 젤라또,, 수박민트소르베는 맛있는 수박맛,, 흑임자초코는 흑임자와 초코의 조합이 좋았다,, 결론은 다 맛있어,, 플레인 주악 2,500 처음 먹어보는 개성주악이라 플레인으로 주문했는데, 쫄깃하고 달달했다,, 약과와 찹쌀도넛의 중간 느낌? 맛있었음! 젤라또 맛이 굉장히 다양하고 다른 곳에서 접해볼 수 없는 맛들이라 하나씩 섭렵해보고 싶음!",2024.08.26.,반짝반짝 빛나는,[서울 회현역/남대문] 밀과방,"밀과방은 밀과(蜜果)라는 궁중에서 약과나 꿀이들어간 과자라는 뜻과 궁중에서 후식을 만들던 생과방의 방을 결합한 이름입니다. 민화와 단청을 테마로 약과나 주악 등 한국의 전통 후식들을 재해석한 과자들과 한국적인 식재료에서 영감을 받은 젤라또들을 판매하여 한식디저트에 접근성을 높이고자 외국분들을 위한 다양한 한국 간식 선물 세트도 판매 하고 있습니다.Miel gwa bang is place that you can experience Korean style of gelato and various Korean sweets. and you may find unique Korean souvenirs or gift sets for your family at home.
We are hoping to deliver precious memories on your trip to Korea.",밀과방 중구
이끼 신당,苔蘚神龕,"카페,디저트",咖啡館，甜點,영업 중,144,172,서울 중구 다산로29길 30 1층,청구역 1번 출구에서 201m,영업 중 22:00에 영업 종료,0507-1386-2886,https://www.instagram.com/cafe_ikgi/profilecard/?igsh=MXZ2eXlncXB6dmNmZQ==,"단체 이용 가능,포장,배달,방문접수/출장,예약,무선 인터넷,유아의자,간편결제,주차",,,,,,,시오라멘,8900,,,,,,창케라멘,8900,,,,,,매운창케라멘,9900,,,,,,고기카레,8900,https://ldb-phinf.pstatic.net/20230927_152/1695787606241xADnc_JPEG/temp_file.jpg,,,,,아이스 아메리카노,5500,https://ldb-phinf.pstatic.net/20230927_20/16957876870469PiTX_JPEG/temp_file.jpg,,,,,아이스 카페라떼,6000,https://ldb-phinf.pstatic.net/20230927_264/1695787717192QRJuo_JPEG/temp_file.jpg,,,,,아이스 바닐라라떼,6500,https://ldb-phinf.pstatic.net/20230930_2/16960442545875q0V9_JPEG/temp_file.jpg,,,,,아이스 아인슈페너,6500,https://ldb-phinf.pstatic.net/20230930_265/1696044323828kHG8A_JPEG/temp_file.jpg,,,,,☆아이스 아인슈페너 밀크,6500,https://ldb-phinf.pstatic.net/20230930_32/1696044383860Mn5TR_JPEG/temp_file.jpg,,,,,☆아이스 흑임자크림라떼,6500,https://ldb-phinf.pstatic.net/20230927_211/1695787750104woU8v_JPEG/temp_file.jpg,,,,,아이스 크림모카,6900,https://ldb-phinf.pstatic.net/20230930_211/1696044468332D4nhc_JPEG/temp_file.jpg,,,,,☆아이스 크림초코,6300,,,,,,밀크티,6300,https://ldb-phinf.pstatic.net/20231204_58/17016712062967XgLK_JPEG/temp_file.jpg,,,,,히비스커스 애플에이드,6900,https://ldb-phinf.pstatic.net/20231204_275/1701671283058ekdiP_JPEG/temp_file.jpg,,,,,블랙 레몬에이드,6900,,,,,,루이보스 아몬드,6000,,,,,,사바이,6000,,,,,,,,,,,,,,,,,,,,,,,,,,,,,,,,,,,,,,,,,,,,,,,,,,,,,,,,,,,,,,,,,,,,,,,,,,,,,,,,,,,,,,,,,,,,,,,,,,,,,,,,,,,,,,,,,,,,,,,,,,,,,,,,,,,,,,,,,,,,,,,,,,,,,,,,,,,,,,,,,,,,,,,,,,,,,,,,,,,,,,,,,,,,,,,,,,,,,,,,,,,,,,,,,,,,,,,,,,수린스럽게,지극히 평범한 연휴 일기 아침에 느즈막히 일어나 동네 식당에 갔다. 주경이는 마제소밥에 김치꼬기덮밥 나는 등심과 치즈 돈까스 남은 건 야무지게 포장 완료 신당 쪽에 볼 일이 있어서 근처 카페에 먼저 방문했다. 수 많은 이끼들이 반겨주는 곳이다. 괜시리 결혼 반지 사진도 찍어보고 음료가 나오길 기다리면서 사진도 찍어본다. 식물이 내뿜는 은은한 습도가 참 좋았다. 식물원에 딱 입장하면 나는 향이 난다.. 아 . 졸려 ... 하암 얼른 커피가 나왔으면 좋겠다 ~~ 음료가 나오고 ~~~ 주경이 디카로 찍은 나 이번엔 흔들린 사진이 많았네요. 음료는 달달한 맛이었다. 이건 맞은 편에서 phototo01으로 찍어본 주경이 내 디카로 찍은 음료 맑은 날 자연광에서 찍을 때가 가장 이쁜 듯 하다. 이끼에 물 주는 것도 가능해서 칙칙 뿌려본다. 열심열심 안뇽?! 이쁜 카페 찾아줘서 고마워어엉 신당 황확동 어쩌고 시장에 왔다. 하.. 주방뱅크 오려고 여기까지 온 건데.... 닫았..ㅎ.ㅏ.. 네이버에서는 영업 중이라고 뜨길래 의심 없이 왔는데 ㅠ0ㅠ 눈도 무진장 많이 왔다. 여기저기 돌아다녀 봤는데 거의 업체 위주의 가전이라서 그냥 pass ~~ 고터 다이소로 넘어와 찜뽕해놓은 집기를 샀다. 왜냐 ?!??!?! 주방 집기에 대한 토론을 거의 반 년째 하고 있기 때문에!! 인제는 결론은 내고 사야할 때다 !!!! 여기서 더 상의해봤자 머리만 아플 것 같다. 하지만 냄비받침은 결국 끝끝내 사지 못했다. 왜 이리 다들 화려한 것이냐~ 욕실과 주방에는 많은 아이템이 필요하기 때문에 신중하게 고민 후 구매해야한다. 시계 너 참 이뿌다..? 집으로 돌아와서 마저 사저 못한 집기류 구매완료~~ 진짜 거의 다 샀다 ... 하 집으로 돌아와서 김치볶음밥 간단해서 해서 주경이 멕이구 딸기 씻궈서 주경이 멕이구 ㅋㅋㅋㅋㅋ 또 빠이빠이를 했다.. 그저 눈물만 ... 몇 개월만에 호다닥 결혼 준비까지 해서 동거하는 부부들 보면 너무 부럽기도 하고 도저히 오지 않을 것 같은 그 날을 기다리기가 버겁기도 하다. ㅠㅠㅠㅠ 진짜로 주경이 군대 기다려줄 때보다 시간 더 안 감 (그럴만도 하네요. 군대는 637일이었고 결혼 준비는 3년째 하는 중임) 마음에 허하고 적적하여 아빠 드실 저염 도시락 및 야채 도시락을 세팅하고 주방 상판 청소나 했다.. ㅎㅎㅎ 빨리 같이 사는 그 날이 와야 이 우울감도 끝날 것 같다. 어느 수준이냐면 결혼하기 전에 나 사고 나서 죽으면 어떡하냐고 걱정함 ㅋㅋㅋㅋㅋㅋㅋㅋㅋㅋㅋㅋㅋㅋ 나중에 이 일기 보면서 배잡고 웃는 그 날이 왔으면 좋겠다. 흑흑흑,2025.01.28.,수린스럽게 미주알고주알,[이 기다림에도 끝이 있겠지] 이끼 가득한 카페 | 눈 오는 날의 황학동 | 주방집기 구매,뚜벅이씨,"이끼 월-금 11:00-20:00 토-일 12:00-21:00 0507-1386-2886 서울 중구 다산로29길 30 1층 외관, 내부 청구역 1번 출구에서 조금만 가면 나오는 '이끼'라는 컨셉카페. 신당역 쪽에서 식사를 하고 간 카페! (청구역 쪽엔 일찍 닫는 카페와 식당들이 많은데 여기는 약간 더 여유 있었다.) 들어가자마자 정말 놀란 게, 찾아봤을 때는 진짜 이끼인 줄 몰랐는데, 벽에 있는 것들이 다 진짜 이끼였다는 사실! 들어가자마자 이끼 냄새가 확 났고, 카페의 벽 전체가 이끼로 뒤덮여 있어서 너무나 놀랐다. 벽과 테이블 밑 또한 이끼로 모두 장식되어 있는 이색 카페였다. 또 특별한 건, 분무기가 비치되어 있어서 이끼들에게 직접 물을 줄 수 있다는 사실! 이끼들은 물을 매우 좋아하는 습성을 갖고 있기 때문에 물을 주는 것. 나도 이끼들에게 물을 주었다. 메뉴 *자세한 메뉴 : 네이버 지도 메뉴판 참고 여러 가지 커피 메뉴와 음료, 디저트 메뉴가 있는데, 이색 카페인데도 메뉴에 많이 신경 쓴 게 느껴졌다. 여러 가지 맛의 개성 주악도 눈에 띄었다. 주문 메뉴 레몬티 5,000 히비스커스 애플티 4,500 개성 주악 두바이 초코 1개/코코넛 1개 티 두 개와 주악 1개씩 주문. 주악도 너무 영롱해서 주문 안 할 수가 없었던 비주얼ㅎ, ㅎ 날씨가 약간 쌀쌀한지라 따뜻한 티가 너무나 잘 어울렸다. 차 마시면서 보이는 테이블 밑에도 이끼가 있어서 새로운 느낌이 많이 들었던ㅋㅋ! 주악은 코코넛과 두바이 초콜릿 하나씩 주문했다. 한 입에 먹어야 더 맛있을 거라는 사장님 말이 있었지만, 둘 다 나눠서 먹었다ㅎ.ㅎ 달달~하니 당 충전도 되고 쫀득하고 토핑도 은근 잘 어울려서 괜찮았다! 【 리뷰를 마무리하며 】 내 돈 내산으로 이런 이색 카페를 가본 것은 처음이다. 화장실 쪽에도 엄청 많은 이끼 테라리움과 화분들이 있던데, 사장님께서 식물들에 진심인 게 느껴졌다. 재미있고 메뉴도 맛있었던 곳. 겨울에 가면 촉촉하고 더 좋을 것 같던 곳이었다.",2024.11.13.,취향의 집,이끼/내돈내산 신당동 청구역 카페.진짜 이끼 이색카페 테라리움,,,,,,"테라리움 기반으로 식물과 이끼를 정성껏 꾸민 카페 입니다.질좋은 커피와 디저트를 제공합니다.
디저트에 쓰는 모든 식제료는 수제로 만들고 있습니다.
가게에 있는 식물과 이끼들은 생화로 이루어져 있어요
테이블에 식물에 직접 물을 줄수있는 분무기를 제공하고 있으니 직접 신선한 물을 마음껏 주실수 있습니다.",이끼 중구