Name,name_ch,Category,catogory_ch,BusinessStatus,OverallRating,ReviewCount,Address,address_ch,NearbyTransportation,transportation_ch,BusinessHours,Contact,Website,Amenities,TVAppearance,MenuItems,menu_ch,Reviews,review_ch,Description,description_ch,SearchKeyword,keyword_ch
청수당 베이커리,清水堂麵包店,"카페,디저트",咖啡館，甜點,영업 전,3807,3478,서울 종로구 돈화문로11나길 31-9,首爾特別市鐘路區敦化門路11那街31-9,종로3가역 4번 출구에서 223m,距離鐘路三街站4號出口223米,第四街、第三街、第二百二十三街,0507-1318-8215,http://www.glowseoul.co.kr,"남/녀 화장실 구분,무선 인터넷,단체 이용 가능","생방송투데이 2999회, 22.03.01.2022년 3월 1일 수플레/카스텔라생방송오늘저녁 1552회, 21.05.06.2021년 5월 6일 수플레카스텔라생방송투데이 2623회, 20.07.27.2020년 7월 27일 스톤드립커피/쑥수플레카스테라","시그니처 딸기듬뿍 프로마쥬 케이크 19800원
딸기 수플레 카스테라 19800원
말차 프로마쥬 케이크 15800원
스톤 드립 커피 65006800원
보늬밤 몽블랑 14700원
말차 몽블랑 14700원
오리지날 에그 수플레 카스테라 17800원
핸드 드립 어린 잎 7800원
핸드 드립 홍차 7800원
스톤 드립 계란 커피 7800원
유자 메이플 차 HOT 7800원
유자 메이플 청수 ICED 7800원
말차 크림 우유 7800원
말차 우유 7800원
천혜향 청수ICED 차 HOT 7800원
백년초 청수ICED 차 HOT 7800원
홍차 크림 우유 7800원
홍차 우유 7800원
커스타드 초콜렛 7800원
단호박 식혜 6800원","招牌草莓起司蛋糕 19,800 韓元

草莓舒芙蕾卡斯提拉蛋糕 19,800 韓元

抹茶起司蛋糕 15,800 韓元

石板滴漏咖啡 6,500~6,800 韓元

Bo-ni 栗子蒙布朗 14,700 韓元

抹茶蒙布朗 14,700 韓元

原味蛋舒芙蕾卡斯提拉蛋糕 17,800 韓元

手沖嫩葉咖啡 7,800 韓元

手沖紅茶 7,800 韓元

石板滴濾雞蛋咖啡 7,800 韓元

柚子楓糖茶（熱） 7,800 韓元

柚子楓糖清湯（冰） 7,800 韓元

抹茶奶油牛奶 7,800 韓元

抹茶牛奶 7,800 韓元

天惠鄉清湯（冰）（熱） 7,800 韓元

仙人掌果冰茶（熱） 7,800 韓元

奶茶 7,800 韓元

奶茶 7,800 韓元

卡仕達巧克力 7,800 韓元

甜南瓜茶 6,800 韓元","종로3가역 근처 온천집에서 식사를 하고 커피를 마시러 카페에 가기로 했다. 이미 오면서 찜해둔 맞은편 카페 청수당. 청수당 베이커리 주소:서울 종로구 돈화문로11나길 31-9 연락처:0507-1318-8215 영업시간 매일 10:3020:00 라스트오더 19:30 종로3가카페 익선동 청수당 베이커리는 한옥 인테리어에 대나무숲 느낌으로 꾸며져 있어서 입구부터 눈길을 사로 잡았다. 입구를 배경으로 사진 찍는 외국인들이 있었는데 우리도 찍음 ㅋ 진짜 사진 찍고 싶게끔 만들어놨네 ㅎ 왜 핫플인지 입구만 봐도 알겠다. 대나무들과 어울리는 조명들. 종로3가카페 익선동 청수당 베이커리는 핫한 카페라서자리 안 잡고 음료 먼저 주문하면 낭패일 수 있다. (자리가 없어서) 그래서 입구에 자리 먼저 잡고 음료 주문 하라는 안내판이 설치되어 있었다. 안내판에 써져 있는대로 자리 먼저 잡기로 했다. 이른 시간이어서 그랬을까? 만석은 아니어서 생각보다 여러곳에 빈 테이블들이 있었다. 하지만 한시간쯤 뒤엔 만석되서 서성이는 손님들도 있었다. 뭐든 타이밍인듯 ! 청수당 분위기 내부도 한옥 분위기로 정말 깔끔하고 고풍스러운 느낌으로 꾸며져 있었다. 특히 이 어두운 고동색이 더 그런 느낌을 준다. 아주 큰 테이블에는 분위가 좋아서 그런지 앉을 자리가 없네. 자리를 잡았으니 주문을 해볼까? 커피 수혈이 시급했던 나는 우선 메뉴판을 제대로 안보고 일단 따뜻한 아메리카노를 주문했고 친구들은 따뜻한 유자메이플차, 아이스 유자메이플,말차라떼 주문. 디저트론 딸기듬뿍 프로마주 케이크를 시켰다. 진동벨이 울리기 전 종로3가카페 익선동 청수당베이커리 이곳저곳을 구경했다. 몇개의 건물이 이어진 구조라 신기했고, 곳곳에 테이블 공간들이 있어서 더 프라이빗한 느낌이었다. 별관으로 가는 길마저도 예쁘네. 돌다리가 마음에 든다.ㅎ 낮에 방문했는데 저녁 시간에도 요 등 때문에 너무 운치있고 분위기 있을 것 같다. 테이블과 의자는 대부분 이렇게 목재로 되어 있는데, 의자가 오래 앉아 있으면 엉덩이 아플만한 재질이라.. 회전율을 생각 했을 것 같단 생각이 들었다. 그리고 낮은 테이블이 많아서 음료나 디저트 먹을 때 몸을 구부정하게 굽혀야 해서 좀 불편하긴 했다. 청수당 느낌으로 식수대도 분위기 있네. 여긴 입구 쪽인데 반대편에는 좌식 공간에 테이블들이 있었다. 사람들이 많아서 따로 사진은 못 찍었다. 청수당 메뉴 진동벨이 울려서 음료를 받아왔다. 스톤드립커피 6,500 말차크림우유 7,800 유자메이플... 
안녕하세요! 오늘은 종로 분위기 좋은 한옥 카페인 익선동 한옥 베이커리 카페 청수당 내돈내산 후기를 가져왔어요 혹시 다들 청수당 들어보셨나요..? 최근 유행을 휩쓸었던 말차 빈츠 아시죠! 청수당이 말차 빈츠와 콜라보하면서 화제가 됐죠 말차 빈츠 패키지를 자세히 보면 곳곳에 그려진 청수당 로고를 발견할 수 있어요 저도 그 말차 빈츠를 정말 맛있게 먹었던 사람으로서, 오리지널 말차 맛집은 어떨까 궁금해서 다녀왔습니다 청수당은 이미 여러 매체에 소개되고, 블루리본을 여러 해 연속 받은 종로 블루리본 카페라 기대가 컸어요 익선동 카페 청수당 위치 135호선 종로3가역 4번 출구 도보 3분 3호선 안국역 4번 출구 도보 9분 이비스 앰베서더 인사동 호텔 바로 앞 익선동 한옥거리에 위치해 있어서 주변 건물들까지 전부 한옥 감성이라 걷는 것 자체가 구경이에요 익선동 한옥 카페 청수당 분위기 익선동 골목 안으로 들어서는 순간, 도심 소음이 한 겹 눌린 듯 조용해지죠 청수당 입구에는 대나무가 빼곡하게 서 있고 그 사이사이에 걸린 대나무 등이 따뜻한 주황빛을 은은하게 흘려보내는데, 마치 작은 대숲 정원 안으로 들어가는 느낌이에요 대나무 잎이 스치는 소리가 들리고, 등불 아래 한옥 기와 그림자가 겹쳐지면서 시간이 천천히 흐르는 공간처럼 느껴져요 입구부터 사진 찍는 외국인 관광객들이 정말 많더라고요 종로 블루리본 카페 청수당은 2023년부터 4년 연속 블루리본을 받아온 블루리본 베이커리 맛집이기도 해요 내부 공간 문을 열고 들어가면 바로 카운터가 보이고, 양쪽으로 좌석이 생각보다 넓게 펼쳐져 있어요 이곳은 약 300평 규모의 정원과 6채의 한옥이 이어진 구조라 겉에서 보는 것보다 훨씬 넓어요 테이블 종류도 다양해요 통유리 너머로 대나무와 죽등이 보이는 자리, 유리문 너머로 보이는 별관 신발을 벗고 들어가는 좌식 공간, 노트북 작업을 할 수 있는 공간, 실내 정원에 인공 연못과 물고기가 헤엄치는 공간, 따뜻한 조명 아래 우드톤 테이블 등 다양한 자리가 마련되어 있어요 본관과 별관이 자연스럽게 연결되어 있어 공간을 옮겨 다니는 재미도 있습니다 여기는 별관으로 넘어가는 길이에요 아래 공간은 별관 내부예요 해가 지는 시간에 가서 몇 장은 어둡게 찍혔지만, 그 덕분에 대숲 사이로 번지는 주황빛 조명이 더 분위기 있게 담겼어요 낮과는 또 다른, 저녁 한옥의 매력이 느껴지더라고요 도심 한가운데서 고요한 분위기를 느낄 수 있다는 게 이곳의 가장 큰 매력...","在鐘路三街站附近的溫泉屋吃過飯後，我們決定去咖啡館喝咖啡。我們選擇了街對面的清壽堂，這家咖啡館我們在路上就看到了。

清壽堂麵包店

地址：首爾市鐘路區敦化門路11街31-9號

聯絡電話：0507-1318-8215

營業時間：每日10:30-20:00，最後點餐時間19:30

位於鐘路三街益善洞的清壽堂麵包店，一進門就以其韓屋風格的裝潢和竹林主題的裝飾吸引了我們的目光。看到一些外國人以店面為背景拍照，我們也跟著拍了幾張，哈哈。這裡真的非常適合拍照。光看店面就能明白為什麼這裡這麼受歡迎。燈光和竹林完美地融合在一起。由於清水堂是一家非常受歡迎的咖啡館，如果你在沒找到座位的情況下就先點飲料，可能會遇到麻煩（因為可能沒有空位）。所以入口處貼著告示，建議顧客先找座位再點飲料。我們決定按照告示的指示找個位子坐下。是因為時間還早嗎？店裡並不擁擠，到處都是空位，比我想像的還要多。然而，大約一個小時後，店裡就座無虛席，甚至有顧客在閒晃。看來一切都取決於時機！清水堂的內部裝潢是傳統的韓屋風格，給人一種乾淨而古樸的感覺。尤其是那種深紅棕色，更是強化了這種印象。也許是因為那張大桌子旁的氣氛太好了，所以沒有空位了。現在我們終於找到座位了，可以點餐了嗎？我急需一杯咖啡提神，連菜單都沒仔細看就點了一杯熱美式，而我的朋友們則點了熱柚子楓糖茶、冰柚子楓糖茶和抹茶拿鐵。甜點我們點了草莓起司蛋糕。在呼叫器震動響起之前，我們逛了逛位於鐘路三街益善洞的清水堂麵包店。幾棟建築連成一體的結構令人著迷，散落在各處的桌椅營造出一種私密的感覺。就連通往分店的小路都很漂亮。我特別喜歡那座石橋。我是白天去的，但我想晚上燈光亮起時，這裡一定也同樣充滿魅力。大部分桌椅都是木質的，但這種材質坐久了屁股會痛……感覺他們大概是考慮到了客人的周轉率。而且，店裡有很多矮桌，所以吃飲料或甜點的時候不得不彎腰，有點不太舒服。噴泉的氛圍很好，和清水堂一樣。這裡是入口處，對面是露天座位區，擺放著桌椅。人太多了，我都沒辦法單獨拍照。這時清水堂的點餐機震動了，我就去取飲料。石磨滴濾咖啡6500韓元，抹茶奶油牛奶7800韓元，柚子楓糖…

大家好！今天帶給大家的是清水堂的評測，這是一家位於鐘路益善洞的韓屋烘焙咖啡館，氣氛很棒，而且是我自己付的錢。大家都聽過清水堂嗎？你們應該知道最近風靡一時的抹茶Bintz吧！清水堂和抹茶Bintz的合作可是上了新聞頭條。仔細看抹茶Bintz的包裝，你會發現清水堂的logo出現在很多地方。身為一個抹茶愛好者，我出於好奇，想看看抹茶界的鼻祖究竟是什麼樣子。我對清水堂抱有很高的期望，因為它已經多次出現在各種媒體報道中，並且是連續多年榮獲鐘路藍絲帶咖啡館稱號的咖啡館。清水堂咖啡廳位於益善洞：從鐘路三街站（1、3、5號線）4號出口步行3分鐘，或從安國站（3號線）4號出口步行9分鐘。它就位於益善洞韓屋街上的宜必思大使仁寺洞酒店正對面，周圍的建築散發著濃鬱的韓屋風情，漫步其中本身就是一種賞心悅目的體驗。清水堂韓屋咖啡館的氛圍：踏入益善洞的巷弄，彷彿瞬間遠離了城市的喧囂，變得格外寧靜。清水堂入口處，竹林茂密，竹燈懸掛其間，散發出柔和溫暖的橙色光芒，彷彿置身於一片小小的竹林花園。竹葉沙沙作響，韓屋瓦片在燈下交錯投射，營造出時光緩緩流逝的氛圍。許多外國遊客在入口處駐足拍照。鐘路藍絲帶咖啡館清水堂也是著名的藍絲帶烘焙店，自2023年起連續四年榮獲藍絲帶獎。進入店內，首先映入眼簾的是吧台，兩側的座位比預想的要寬敞得多。由於建築由佔地約300坪的庭院和六棟相連的韓屋組成，因此比從外面看起來要大得多。店內提供多種類型的桌椅。這裡提供多種座位選擇，包括可透過落地窗欣賞竹子和竹燈籠的座位、傳統的席地而坐區（需脫鞋方可進入，可透過玻璃門看到）、可供筆記型電腦工作的空間、設有人工池塘和遊魚的室內花園，以及在暖色調燈光下擺放的木質桌椅。主樓和附屬建築自然相連，方便在不同空間間穿梭。這是通往附屬建築物的小徑。下方是附屬建築的內部空間。我是在日落時分去的，所以有些照片拍得比較暗，但也正因如此，灑落在竹林間的橙色光芒更加迷人，營造出獨特的氛圍。我能感受到夜晚韓屋的獨特魅力，與白天截然不同。這個地方最大的吸引力在於，即使在城市中心也能體驗到一片寧靜…","글로우서울이 만든 도심 속 숲의 고요함과 여유를 느낄 수 있는 한옥카페

300평의 정원과 6채의 한옥이 합쳐져 있는 대형 규모의 청수당 베이커리(淸水堂, Cheongsudang Bakery)에서 오더메이드 수플레케이크와 한국 대표 디저트 약과를 선사합니다.

시간이 느리게 흐르는 청수당 베이커리에서 마음 속 작은 여유와 위로를 얻을 수 있길 바랍니다.","由 Glow Seoul 打造的韓屋咖啡館，讓您體驗都市森林般的寧靜祥和。

清水堂麵包店是一家大型店鋪，由 300 坪的庭院和六座傳統韓屋組成，提供現點現做的舒芙蕾蛋糕和韓國代表性甜點藥果。

我們希望您在清水堂麵包店找到一份寧靜與舒適，讓時光在此緩緩流逝。","由 Glow Seoul 是一家韓國餐廳，也是一個可以享受寧靜祥和的地方。

清水堂麵包店是一家大型店面，由 300 韓國醫學科學院發展了韓國醫學的歷史。

我正值中午，我正值中午，我正值中午，我正值中午。","GlowSeoul 是一家韓國餐廳，也是一家可以享受寧靜祥和的地方。

Jeongsu-dang醫療中心是一座主要的大學建築，由300個韓國醫學科學研究所展覽展示韓國醫學科學的歷史。

我是對的，我是對的，我是對的，我是對的，我是對的。"
김씨부인,金夫人,"카페,디저트",咖啡館，甜點,영업 전,156,188,서울 서초구 서래로1길 8 트윈빌 B동 2층,首爾市瑞草區瑞來路1街8號Twinville B棟2樓,,#VALUE!,영업 전 09:00에 영업 시작,0507-1386-5327,http://www.kimssibooin.com/,"무선 인터넷,단체 이용 가능,포장,대기공간,예약,간편결제","생방송투데이 2658회, 20.09.14.2020년 9월 14일 소반차림특","계절소반차림 원
소반차림(시그니처) 28000원
백자합 38000원
다식구절백자합 원
아담 (2) 28000원
다담 (3) 38000원
차, 커피 원
전통음료 원","季節性小餐桌擺設（價格待定）

小餐桌擺設（經典款）28,000韓元

白色瓷盒 38,000韓元

九格茶具（白色瓷盒）

亞當（2）28,000韓元

達達姆（3）38,000韓元

茶、咖啡（價格待定）

傳統飲品（價格待定）","단아한 찻칩 오랫만에 서래마을에서 점심먹고 시끄러워서 조용한카페 찾아간 김씨부인. 한국 전통찻집이자 디저트집인데 아주 조용하고 단아하고 마음에 든다. 2층입구 수다가 쌓여 들어가는 바람에 외관은 못담음. 요즘 네이버나 구글검색에 다 나오니 참고. 어찌됐건 2층으로 올라가니 조용하고 전통가 살아있는 전통 디저트카페가 나옴. 내부 다기들 곳곳이 아름답고 전통스럽고 우아하며 프라이빗한 스페이스도 확보 가능하다. 메뉴판 클릭 오 빙수 먹고 싶었으나 배부르고 커피까지 마시고 나온터라 오미자화채 , 수정과와 곶감쌈. 그리고 단품으로 김씨부인의 시그니처 디저트 개성주악 2개 주문했다. 다시 카운터 다기들 다시 입구쪽으로 가서 선결제로 결제후 기다림. 각종 예쁜 한과, 오카시등 선물용으로 좋을 디저트들도 판매중. 외국인 친구들 데려오면 좋아할듯. 수정과 수정과와 곶감쌈 등장하고 나의 오미자화채도 나왔다. 영롱한 빛깔이 너무 예쁜데 맛도 영롱했다. 아주 맛있음. 수정과도 맛봤는데 맛있다. 창가쪽에 앉아 빛받은 테이블..세팅도 아주 맘에든다. 수정과 워낙 오미자차 좋아하는 나라 아주 오랫만에 맛있게 먹음. 별모양 토핑은. 한국배로 사료됨. 디저트 기대했던 개성주악은 좋은찹쌀 쓴듯. 그닥 달지않고 겉바속촉 약과나 모찌 먹는 식감이 좋았다. 담에는 빙수 먹으러 가야겠다.
꼭 한 번 가보고 싶던 최고의 디저트 맛집을 다녀왔습니다. 그곳은 바로 서래마을에 위치한 김씨부인. 한식 디저트의 정수를 보여주는 최고의 디저트를 경험하고 왔는데요. 저와 함께 하이엔드 디저트의 세계로 함께 떠나봐요! 식당 정보 - 주소: 서울 서초구 서래로1길 8 트윈빌 B동 2층 - 전화번호: 0507-1386-5327 - 영업 시간: 월토 9:0019:00 (일요일 휴무) - 라스트 오더: 18:00 - 예약: 네이버로 예약 가능 저는 네이버로 미리 예약을 하고 갔어요. 실내 전경 입구에 들어오면 반겨주는 인테리어. 다양한 도기들이 정갈함을 더해 줍니다. 아주 모던하면서도 한국의 느낌을 살린 인테리어. 좌석간의 간격도 넓어서 좋습니다. 나중에 저희집 인테리어를 이렇게 해도 괜찮겠다고 잠시 얘기를 했네요 ㅎㅎ 메뉴판 메뉴판입니다. 저희는 미리 네이버에서 예약을 하고 메뉴도 정하고 선결제까지 마쳤어요. 자리에 앉으면 차를 고를 수 있는 메뉴를 주십니다. 저희는 진피 홍차와 복숭아 우롱 제주홍차 블렌딩 이렇게 골랐습니다. 시그니처 백자합 38,000 시그니처 백자합 메뉴가 나왔어요. 나오는 순간 너무 아름다워서 디저트가 아닌 예술작품같다는 생각을 하게 되네요. 디저트의 담음새가 너무 아름답죠? 차는 진피홍차입니다. 각도를 살짝 바꿔서 한 컷 찰칵. 저는 파인다이닝 식당이나 하이엔드 디저트 식당을 갈 때는 항상 노트와 펜을 가지고 가서 음식 하나하나의 설명을 모두 적는데요. 사장님께서 음식 하나하나에 대힌 설명을 세심하게 해 주셨습니다. 약과. 한겹한겹 앏게 접어서 쌓아올린 디테일이 대박입니다. 송화다식. 해송 소나무에서 얻은 최상급 송화가루로 만들었어요. 송화다식은 꼭 나비모양과 꽃모양을 같이 내야 한다고 합니다. 김씨부인에서는 꽃모양 디저트가 나오기 때문에 송화다식은 나비모양을 정교하게 만들었죠. 조란. 대추를 아주 잘게 다져서 만든 디저트. 개성주악. 개성지역에서 내려오는 전통 음식이라고 합니다. 오미자 정과. 솔잎을 말리는데만 3일의 시간이 걸린다고 해요. 육포 다식. 잣가루와 육포가 들어간 디저트. 육포를 가지고 이렇게 한식 디저트를 만들다니 정말 놀라웠어요. 흑임자 다식. 조청도 함께 들어가는데요. 이 흑임자 다식을 만들기 위해 일일히 손으로 눌어서 기름을 짜내는 노력이 들어간다고 합니다. 오미자 배 정과. 연한 핑크색의 색감이 예술입니다. 대추 찰편. 두텁떡의 사촌이라고 생각하면 된다고 하네요. 은은한 대추향과 쫄깃한 식감이 매력적입니다. 마지막으로 한 컷 더... 
빵은 좋아하지만 한식디저트는 그리 좋아하는 편이 아니어서 손이 잘 가는 메뉴가 아니었는데, 최근에 개성주악 의 맛을 알아버리고 부터 굳이 찾아가게 된 김씨부인 한식 디저트 카페 김씨부인 한식 디저트 카페 여기 오픈이 13:00 라 13:05분쯤 도착했는데 2030대 손님들이 이미 다 앉아 있어서 다소 놀랐다는... (참고로 테이블이 몇 개 없기는 해요! 요즘 약과가 대세기는 하지만 한식디저트 자체가 핫한 아이템은 아닌데.오픈런으로 손님들이 다 앉아 있었다는 게 신선했다고나 할까???) ㅎㅎㅎ뭔 자신감으로 오픈 시간에 가면 저희 말고는 없을 줄 알았을까요??? 예상은 완전 빗나갔어.....빗나갔어 선물용으로 정말 괜찮을 것 같았던 개성주악과 한과세트 예전에는 촌스러워보였던 선물 보자기가, 나이드니까 참 이뻐보이더라구요.. 한쪽 벽면에는 국내 작가님들의 그릇도 판매하고 계셨어요.. 개성주악만 주문했다가, 다른 테이블에 나온 거 보고 양이 너무 적은 듯 해서 바로 메뉴 변경!!! 원래는 상에 가져다 주신다고 했는데 저희는 2인 테이블에 앉다보니 이렇게 긴 접시 위에 세팅해서 가져다 주신다고 그러시더라구요 저희는 소반차림(일인 24,000원) 대추차 아메리카노 를 주문했는데 좌부터 배정과(정확히 배도라지 정과였는지...배정과였는지는 살짝 헷갈려요), 약과, 매작과, 들깨한과, 개성주악 배정과는 상콤새콤한 맛이 있어서 가장 마지막에 먹으라고 그러시더라구요! 다소 진하고 걸쭉했던 ........뭔가 몸이 건강해질 것만 같았던 대추차 요즘 제가 쌍화차에 완전 into 되어 있어서 그런가 이런 류의 차들이 너무 좋더라구요. 카페인 피하고 싶으신 분들 혹은 줄이고 싶으신 분들 굳이 여기서 아메 드시지 마시고 차 한번 드셔보세요 그리고 한식디저트는 커피보다는 확실히 차류가 어울리는 것 같더라구요! 들깨한과 명절에 약과 정도는 먹어도 한과는 그 딱딱한 식감이 싫어서 안먹는데... 여기서는 비싼 돈 내고 먹는거니까 하나 남김없이 먹어봐야죠. ㅋ 상당히 고소했었던 들깨한과였어요 개성주악 막걸리,밀가루,찹쌀가루로 만들어서 튀긴 다음 조청에 넣었다가 뺀다고 하는 개성주악 여기 온 목적이 바로 이 개성주악이었는데...개인적으로는 최근 먹었던 연리희재가 조금 더 대중적인 맛이어서 그런지 더 입에 붙었어요... 여기는 조금 더 구수하고 가벼운 식감이라고 해야하나?? 매끈매끈한 모양이 완전 윤광이던에요. 약과와 매작과 요즘 약과가 정말 대세잖아요. 달달하고 다소 바삭하면서 진득하고...","精緻的茶館。好久沒去瑞來村吃午餐了，之後因為太吵鬧，就去了金太太的茶館，想找個安靜的咖啡館。這是一家傳統的韓式茶館兼甜點店，非常安靜雅緻，正合我意。因為進去之後裡面人聲鼎沸，我沒能拍到二樓入口的外景。現在在Naver或Google上都能搜到，可以參考一下。總之，到了二樓，我發現了一家靜謐的傳統甜點店，處處都保留著傳統風貌。店內各處的茶具都精美雅緻，而且還有包廂。點擊菜單查看詳情。哦，本來想吃刨冰的，但是因為已經吃飽了，而且喝過咖啡，就點了五味子花菜、水正果和五花肉。我還點了兩份金太太的招牌甜點——開城餅，算一份的。回到櫃檯，回到茶具區，再回到入口處預付貨款，然後等待。他們還出售各種漂亮的韓果和御膳，很適合作為伴手禮。我想如果我帶外國朋友來這裡，他們一定會喜歡的。水正果。水正果和五香茶包上桌了，接著是我的五味子花菜。晶瑩剔透的色彩美極了，味道也同樣令人驚艷。非常美味。我還嚐了一口水正果，味道也很棒。坐在窗邊，陽光灑在桌子上……我真的很喜歡這樣的環境。身為一個五味子茶愛好者，我已經很久沒有這麼喜歡水正果了。星形的配料看起來像韓國梨。至於我一直期待的甜點——開城糕，看起來是用優質糯米做的。它甜度適中，口感極佳——外酥裡嫩，就像在吃藥果實或麻糬一樣。下次一定要嚐嚐刨冰。

我終於去了夢寐以求的甜點店——位於瑞草村的金太太甜品店。在那裡，我品嚐了最能體現韓國甜點精髓的美味。讓我們一起開啟一段高端甜點之旅吧！餐廳資訊

- 地址：首爾市瑞草區瑞草路1街8號Twinville B棟2樓

- 電話：0507-1386-5327

- 營業時間：週一至週六 9:00 - 19:00（週日公休）

- 最後點餐時間：18:00

- 預訂方式：可透過Naver預訂

我提前透過Naver進行了預訂。

內部環境

一進門，映入眼簾的是精緻的室內裝潢。各式各樣的陶瓷擺飾營造出整潔之感。整體裝潢風格現代時尚，又不失韓式風情。座位間距寬敞舒適。我們甚至聊了以後要是能把家也裝潢成這樣該有多好，哈哈。

選單

這是菜單。我們提前透過Naver預訂了座位，並選好了菜色，甚至還預付了款。入座後，服務生會遞上一份茶單供我們選擇。我們選擇了橘皮紅茶和濟州桃子烏龍紅茶。

招牌白瓷盒 38,000韓元

招牌白瓷盒的菜單上來了。端上來的那一刻，它美得令人驚艷，與其說是甜點，不如說是藝術品。甜點的擺盤也太美了吧！茶是橘皮紅茶。我稍微調整了一下角度，拍了張照片。每次去高級餐廳或甜點店，我都會帶筆記本和筆，記下每一道菜的介紹。店主對每道菜都做了詳細的解說。藥果（Yakgwa）。一層層折疊薄片，堆疊起來，細節令人驚嘆。松花大食（Songhwa Dasik）。它是用從黑松樹上採集的頂級松花粉製成的。據說松花大食必須做成蝴蝶和花朵兩種形狀。由於Lady Kim餐廳供應花朵形狀的甜點，所以這裡的松花大食被精心製作成了蝴蝶的形狀。棗（Joran）。一種用切碎的紅棗製成的甜點。開城棗（Gaeseong Juak）。據說這是開城地區流傳下來的傳統美食。五味子正果（Omija Jeonggwa）。據說光是晾乾松針就需要三天。牛肉乾大食（Yukpo Dasik）。一種含有鬆子粉和牛肉乾的甜點。他們竟然用牛肉乾做成這樣的韓國甜點，真是讓我大吃一驚。黑芝麻大食。裡面還加了米漿。聽說製作這種黑芝麻大食需要手工按壓，才能擠出油。五味子梨子蜜餞。淡淡的粉紅色簡直是藝術品。棗子煎餅。據說可以把它看作是豆餅的近親。淡淡的棗香和軟糯的口感很誘人。最後一道…

我喜歡麵包，但對韓國甜點並不特別感興趣，所以這道甜點不是我通常會點的。然而，自從我最近嚐到了蓋城糕的味道後，我就特意去金太太韓國甜點咖啡館了。金太太韓式甜點咖啡館下午1點開門，我大概1點05分到的，結果發現桌子已經坐滿了20到30歲的顧客，著實讓我有點意外……（要知道，這家店的桌子其實不多！雖然藥果最近很流行，但韓式甜點本身並不是這麼熱門商品。結果完全出乎我的意料……大錯特錯。開城酒和韓果套裝看起來蠻適合送人的。以前覺得很俗氣的禮物包裝布，現在年紀大了，居然覺得還蠻漂亮的。店裡一面牆上還擺著一些韓國本土藝術家設計的餐具。我一開始只點了開城酒，但看到隔壁桌的份量後，覺得太少了，就立刻改點了！他們說會把酒端上來，但因為我們是兩人桌，所以他們說會這樣放在長盤子裡。我們點了小班茶（每人24,000韓元）、紅棗茶和美式咖啡。從左到右依序是：白玉果（我有點搞不清楚到底是梨子和桔梗根做的蜜餞還是梨做的蜜餞）、藥果、梅果果、紫蘇籽韓果和開城酒。他們建議我們最後吃白玉果，因為它味道清爽酸甜！紅棗茶口感濃鬱醇厚…感覺喝了應該會很健康。也許是因為我最近迷上了雙花茶，但我真的很喜歡這種茶。如果你想避免或減少咖啡因攝入，就別點美式咖啡了，試試茶吧。我發現茶和韓式甜點搭配起來比咖啡更合適！至於紫蘇籽韓果，我平常不太吃韓果，因為不喜歡它硬硬的口感，雖然假日可能會吃藥果……但既然在這裡花了這麼多錢，就應該吃完。哈哈。這個紫蘇籽韓果味道很香。至於開城餅，據說它是用馬格利酒、小麥粉和糯米粉做成的，先油炸，再蘸上佐清糖漿。我來這裡的主要目的就是為了吃這個開城餅……說實話，可能是因為我最近在延裡熙齋吃的那款口味比較大眾化，所以更合我的口味……這個開城餅應該說味道更鮮美，口感也更輕盈吧？表面光滑，閃閃發亮。藥瓜和馬來藥瓜。藥瓜最近真是太流行了，不是嗎？甜甜的，有點脆，又有點嚼勁…","김씨부인은 사계절과 시간을 오롯이 담아, 반가의 귀한 음식을 재해석한 다과와 음료를 소반에 차려냅니다.",金夫人擺上一張小桌子，供應點心和飲料，重新詮釋了貴族家庭的珍貴美食，同時又充分體現了四季更迭和時光流逝。,김씨부인 서초동,金瑞草東女士
익선동 한옥카페 뜰안,益善洞韓屋咖啡館“Tteul-an”,"카페,디저트",咖啡館，甜點,영업 전,1675,502,서울 종로구 수표로28길 17-35 뜰안,首爾特別市鐘路區水錶路28街17-35 特德安,종로3가역 4번 출구에서 146m,距鐘路三街站4號出口146米,영업 전 12:00에 영업 시작,0507-1333-7420,https://linktr.ee/tteuran_ikseondong,"단체 이용 가능,포장,무선 인터넷,간편결제","생방송오늘저녁 157회, 15.07.02.2015년 7월 2일 ","뜰안 십전대보차 10000원
뜰안 단팥죽 11000원
뜰안 대추차 9000원
뜰안 쌍화차 9500원
송화 발효차 (HOTICED) 8000원
말차라떼(온냉) 8000원
매화차 11000원
국화차 8000원
오미자(HOTICED) 8000원
레몬생강차 8000원
생강라떼(HOTICED) 8000원
생강차 8000원
모과생강차 8000원
모과차 7000원
유자차 7000원
송화초 아이스 10000원
복분자 아이스 11000원
2인 뜰안 우유눈꽃팥빙수 19000원
오디아이스 10000원
콜드브루 6000원
디카페인 콜드브루 6500원
콜드브루 라떼 7000원
호두를 넣은 곶감말이 9000원
단호박 설기 8000원
쑥가래떡과 조청 8000원
모듬떡 9000원
한과모듬 8000원","特爾安十餅大寶茶 10,000 韓元

特爾安紅豆粥 11,000 韓元

特爾安紅棗茶 9,000 韓元

特爾安雙花茶 9,500 韓元

松花粉發酵茶（熱飲） 8,000 韓元

抹茶拿鐵（熱飲/冷飲） 8,000 韓元

梅花茶 11,000 韓元

菊花茶 8,000 韓元

五味子茶（熱飲） 8,000 韓元

檸檬薑茶 8,000 韓元

薑拿鐵（熱飲） 8,000 韓元

薑茶 8,000 韓元

榅桲薑茶 8,000 韓元

榅桲茶7,000 韓元

柚子茶 7,000 韓元

松花椒冰 10,000 韓元

白雲石冰 11,000 韓元

紅豆雪花刨冰（兩人份） 19,000 韓元

Odi 冰 10,000 韓元

冷萃咖啡 6,000 韓元

無咖啡因冷萃咖啡 6,500 韓元

冷萃拿鐵 7,000 韓元

核桃柿餅 9,000 韓元

甜南瓜雪糕 8,000 韓元

艾草炒年糕 8,000 韓元

什錦年糕 9,000 韓元

什錦韓式甜點 8,000 韓元","익선동한옥카페 뜰안 익선동뜰안 복분자아이스 발효차 전통 한옥카페에서 즐긴 복분자 아이스와 발효차 뜰안 익선동에서 식사도 하고 핫플 카페도 들렀지만 빙수를 못 먹고 와서 오랜만에 나온 김에 한옥 카페 한 군데를 더 들러보았어요 고즈넉한 마당과 나무 향이 은은하게 퍼지는 공간에서 먹은 복분자 아이스와 송화 발효차 한 잔은 그날의 더위도 마음의 복잡함도 잠시 잊게 해주는 시간이었어요 전통과 여유가 공존하는 익선동 뜰안에서의 이야기를 담아볼게요 전화번호 - (02) 745 7420 주소 - 서울시 종로구 수표로 28길 17 35 영업시간 - 12:00 22:00(L.O - 21:00) 주차 - 전용 공간 없음 익선동 뜰안 위치, 외관 모습, 주차 정보 안녕하세요 커피사랑경화에요 지하철 5호선 종로3가역 4번 출구에서 도보 3분 정도 거리 한옥거리 골목에 위치하고 있어요 100년 익선동 한옥카페라고 알고 있어요 종로3가역에서 도보 5분 거리라서 지하철로 접근하기가 가장 편한 곳이에요 특히 주말이나 피크타임에는 익선동 자체가 붐비기 때문에 대중교통이 훨씬 스트레스는 덜할 것 같아요 주차공간은 별도로 없고 근처 공영주차장이나 유료주차장을 이용하셔야 해요(도보 510분 이내 거리) 실내 모습 문을 열고 들어서는 순간 옛 한옥의 정취가 고스란히 살아 있는 공간이 펼쳐져요 실내는 좌식과 테이블석이 함께 구성되어 있어서 혼자 조용히 차를 즐기기에도 친구와 담소를 나누기에도 좋아요 인테리어는 화려하지 않지만 수수하고 정갈한 한옥의 미를 그대로 살린 것 같아요 좌식 스타일의 테이블석은 바닥이 온돌로 되어 있어 겨울엔 따뜻하게 여름엔 시원하게 머물 수 있고 창가에 앉으면 통유리를 통해 익선동 한옥 거리 골목을 감상할 수 있답니다 나무 창살과 푸릇푸릇한 식물들이 어우러져 마치 조선시대 찻집에 들어온 듯한 기분이 들죠 뜰안 중앙에는 기다란 원목 테이블이 놓여 있어서 인원이 많이 와도 괜찮을 것 같아요 야외 뜰안 문을 열고 정원으로 나가면 초록 초록한 풀과 작은 분홍색 꽃들, 그리고 줄지어 놓인 옹기 항아리들이 자리하고 있어요 지금은 너무 더웠지만 날씨가 선선해지면 찻잔을 들고 앉아 있기만 해도 마음이 편안해질 것 같아요 화장실도 정원 대문 옆쪽에 있답니다 카운터, 티 키친 카운터 주변에는 수제 찻잔, 나무 식기, 전통 소품들이 진열되어 있어서 구경하는 재미도 쏠쏠해요 익선동 뜰안 메뉴 한옥카페 뜰안의 여름 특선 메뉴는 우유 눈꽃 팥빙수부터 복분자 아이스랑 오디 아이스, 송화 초... 
예전에 한방차 카페에서 쌍화차를 마셔본적이 있다. 인사동에서였는데.. 냄새는 굉장히 좋았는데 막상 마셔보니 엄청 달았다.. 골목까지 쌍화탕 냄새가 진동을 하더니.. 그렇게 단 쌍화차면.. 걍 편의점에서 파는 그런거랑 차이가 없지 않을까 싶었다. 너무 달았다 ㅠㅠ 그런 기억이 있으니 달지 않은 쌍화탕에 대한 갈망이 좀 있었다. 길가다 쌍화탕 파는 찻집을 보면 여기도 달겠지.. 하는 생각을 하고 직접 나중에 끓여봐야하나 생각도 했다. 그러던 어느날.. 2025년 9월 익선동에 갔다. 다른곳에서 밥을 먹고 카페를 찾아간건데 부인이 찾아가는데로 따라갔다. 위치는 아래 익선동 한옥거리? 뭐 그런쪽이었다. 그런데.. 클로즈?? 엥 닫혀있었다. 나중에 찾아보니 12시 오픈인데 12시 5분쯤 갔는데 오픈이 늦어졌었나보다. 그래도 안이보이게 되어있어서 우리가 온걸 봤던것 같은데.. 어찌됐는지 기억은 잘 안나지만 무사히 입성했다. 정확히 기억은 안나지만 주문방법 안내나 그런 부분에서 좀 애매한 그런느낌이 있었다. 싹싹한 느낌은 아니었다. 사장님이 연세가 있으셨던것 같은데, 와서 주문해야 한다는 내용을 말한것 같고. 뭐 그게 어려운일도 아니고 카페에선 그렇게들 주문하니까 그게 문제는 아니었는데.. 암튼 처음에 안내 받고 주문하고 그럴때 좀 음.. 하는 부분들이 있었다는 건 확실히 기억난다. 그렇다고 큰문제가 있었던건 아니고 응대하는 느낌이 살짝 아쉬웠다. 우리는 쌍화탕과 십전대보탕을 시켰다. 차의 맛은 한마디로 말하면 쓰고 달지 않다이다. 쓰긴 진짜 썼다. ㅋㅋㅋ 그치만 달지 않은 쌍화차를 처음 마셔보게 됐다. 아 이맛이었구나 싶다. 잣이랑 해바라기 씨등이 띄워져 있다. 중간에 설탕에 절인 생강은 너무 쓸때 먹으면 된다. 또다른 단점은 의자가 좀 불편했던 기억이 난다. 오래 앉아서 여유부리긴 어려워보였다. 양반다리로 앉아야 하는 자리랑 뒤쪽에 다른공간도 있어서 사진찍어왔다. 이쪽에도 문이 있었다. 여기 앉는 자리도 있었는데 뭐 날씨 좋을때 여기 앉아도 될것 같다. 이런자리가 의자보다 편할지도? 장점 : 달지 않은 진짜 한방차 단점 : 의자가 좀 불편하고 손님응대에 서투른 느낌이 좀 있다. 연세있으신 분들이 주 고객이라 그런것 같다. 달지 않은 한방차를 마셔보고 싶다거나 한옥카페에서 한방차를 마셔보고 싶다면 가봐도 좋을것 같다. 달지 않은건 쓰다는걸 생각은 하고 가야한다 ㅋㅋ 그치만 진짜 약재 우려낸 맛의 차였다. 커피에 비하면 가격은 비싼편이다.","益善洞韓屋咖啡廳 Tteul-an

益善洞 Tteul-an 覆盆子冰發酵茶

在傳統的韓屋咖啡館 Tteul-an 品嚐了覆盆子冰和發酵茶。

我在益善洞吃了一頓飯，還去了一家很潮的咖啡館，但因為錯過了刨冰（bingsu），所以趁著好久沒出門，決定去另一家韓屋咖啡館逛逛。在寧靜的庭院裡，聞著淡淡的木香，品嚐著覆盆子冰和一杯松花粉發酵茶，讓我暫時忘記了白天的炎熱和煩惱。接下來，我將分享我在益善洞 Tteul-an 的故事，感受傳統與休閒的完美融合。

電話：(02) 745 7420

地址：首爾市鐘路區水標路28街17-17號35號

營業時間：12:00 - 22:00（最後點餐時間：21:00）

停車：無專用停車位

益善洞Tteul-an咖啡館位置、外觀及停車訊息

您好，這裡是Coffee Sarang Gyeong-hwa咖啡館。

咖啡館位於韓屋街，距離地鐵5號線鐘路三街站4號出口步行約3分鐘。它位於一條小巷內。據了解，這是一家位於益善洞的百年老店韓屋咖啡館。從鐘路三街站步行5分鐘即可到達，因此搭乘地鐵前往最為便利。由於益善洞本身人流密集，尤其是在週末或尖峰時段，因此搭乘大眾運輸工具前往會更加輕鬆舒適。這裡沒有專屬停車位，您需要使用附近的公共停車場或收費停車場（步行5-10分鐘即可到達）。進入室內，推開門的那一刻，一個保留著古老韓屋韻味的空間便映入眼簾。室內既有席地而坐的座位，也有桌椅，非常適合獨自靜享品茶時光，或是與朋友閒聊。裝潢並不奢華，卻完美地展現了韓屋簡潔雅緻的美感。席地而坐的桌子配備了地暖，讓您冬暖夏涼；如果您坐在窗邊，透過落地玻璃窗，可以欣賞益善洞韓屋街的迷人景色。木質格柵與蔥鬱的綠植相得益彰，彷彿置身於朝鮮王朝的茶館之中。庭院中央擺放著一張長木桌，足以容納多人用餐，因此我覺得這裡非常適合多人聚會。打開通往戶外庭院的門，走進花園，你會看到鬱鬱蔥蔥的綠草、粉嫩的小花和一排排的陶罐。現在天氣太熱了，但我想等天氣涼快下來，手捧一杯茶，靜靜地坐在那裡，一定能感受到一份寧靜。洗手間就在花園門口。櫃檯和茶室的吧台上擺放著手工茶杯、木製餐具和各種傳統物件，讓人忍不住駐足欣賞。益善洞Tteul-an菜單。韓屋咖啡館Tteul-an的夏季特供菜單琳瑯滿目，從牛奶雪花紅豆刨冰到福邦子冰淇淋、桑葚冰淇淋、松花冰淇淋……應有盡有。

我曾經在一家花草茶館喝過雙花茶。那是在仁寺洞……聞起來很香，但喝下去之後，甜得過分……雙花茶的香氣甚至瀰漫了整條巷子……這麼甜……我心想，那跟便利商店賣的雙花茶會不會有什麼區別呢？太甜了ㅠㅠ 從那以後，我就一直很想喝不甜的雙花茶。每次走在街上看到賣雙花醬的茶館，我都會想：“這裡的肯定也很甜吧”，甚至還想過以後自己泡。然後有一天…2025年9月，我去了益善洞。我們之前在別的地方吃過飯，正在找咖啡館，我就跟著老婆走。那家店在益善洞韓屋街附近，或是類似的位置。但是……關門了？ ？咦？關門了。後來我查了一下，發現他們中午12點開門，但我們大概12點05分到的，看來他們開門晚了。不過，從外面能看到裡面，所以我想他們應該看到我們到了……我記不太清楚具體發生了什麼，反正我們最後安全進去了。我記不太清楚了，但感覺點餐之類的指示有點含糊不清。他們看起來也不太熱情。老闆看起來年紀比較大，好像只是告訴我們必須進去點餐。這倒不是什麼難事，咖啡館裡大家都是這麼點的，所以也沒問題……但我確實記得，在他們指導我點餐的時候，有些地方讓我「嗯……」了一聲。不過這倒不是什麼大問題；我只是覺得服務有點欠缺。我們點了雙花堂和十全大寶湯。要用一個字來形容這茶的味道，那就是苦，一點也不甜。真的好苦啊，哈哈。不過這是我第一次喝不加糖的雙花茶。我當時想：「啊，原來是這個味道啊。」裡面漂著松子和葵花籽。如果覺得太苦，可以吃中間的糖漬薑。我記得還有一點不足，就是椅子有點不舒服。感覺不太適合長時間坐著放鬆。有些座位需要盤腿坐，後面還有空位，我就在那裡拍了幾張照片。那邊還有一扇門。門那邊也有座位，我覺得天氣好的時候坐在這裡應該蠻舒服的。也許這些座位比前面的椅子舒服？優點：正宗的不加糖的草藥茶。缺點：椅子有點不舒服，服務也覺得有點笨拙。我覺得可能是因為主要顧客是老年人吧。如果你想嚐嚐不加糖的草藥茶，或是想在傳統的韓式咖啡館享用，那麼這裡或許值得一去。不過你要記住，不加糖的草本茶味道有點苦，哈哈。但它的確有草藥茶的香味。相比咖啡，價格偏貴。","익선동 한옥카페 뜰안(Tteuran) - 2009년부터 익선동에서 한자리를 지켜온 전통찻집

고즈넉한 기와지붕과 작은 정원을 품은 마당이 어우러져
익선동에서 조용하고 여유로운 시간을 보내고 싶은 분들께 많은 사랑을 받고 있습니다.

ㅁ직접 만드는 한방차 - 재료부터 정성스럽게

뜰안의 주요 한방차는 재료를 직접 선별하고, 매장에서 직접 우려 만듭니다.

ㅁ뜰안의 시그니처 -100% 국내산 단팥죽

뜰안은 익선동뿐 아니라
종로 단팥죽 맛집과 인사동 단팥죽 맛집을 찾는 분들에게도
많이 방문되는 전통 한옥카페입니다.
100퍼센트 국내산 팥으로 직접 만드는 단팥죽이 대표 메뉴입니다.

ㅁ위치 안내

종로3가역 4번출구 익선동 메인 골목에서 도보 3분거리에 있어
궁궐 방문 후 따뜻한 단팥죽을 찾는 분들께 추천드립니다.

> 경복궁,창덕궁, 창경궁 관광 코스와 연계 방문 많음 10분-20분
> 인사동,낙원상가와도 도보 5분내로 이동 가능","益善洞韓屋茶室 Tteuran - 自 2009 年起便紮根於益善洞，是一家傳統的韓屋茶室。

茶室擁有寧靜的瓦頂和環繞著小花園的庭院，深受在益善洞尋求靜謐休憩時光的人們的喜愛。

ㅁ 手工草本茶 - 從原料到用心

Tteuran 的主要草本茶都是由店主親自挑選原料，並在店內現場沖泡而成。

ㅁ Tteuran 的招牌菜 - 100% 國產紅豆粥

Tteuran 是一家傳統的韓屋茶室，不僅深受益善洞居民的喜愛，也吸引著鐘路和仁寺洞的食客前來品嚐著名的紅豆粥。

招牌菜是採用 100% 國產紅豆熬煮而成的紅豆粥。

位置指南

從鐘路三街站4號出口步行3分鐘即可到達益善洞主巷，推薦給參觀完宮殿後想吃一碗熱呼呼的甜紅豆粥的遊客。 > 常與景福宮、昌德宮和昌慶宮的遊覽路線一同前往（10-20分鐘）。

> 距離仁寺洞和洛園商場步行5分鐘。",뜰안 익선동,益善洞
당옥,丹戈克,"카페,디저트",咖啡館，甜點,영업 전,747,776,서울 강남구 강남대로162길 22 1층,首爾市江南區江南大路162街22號1樓,신사역 6번 출구에서 506m,距離新沙站6號出口506米,영업 전 11:20에 영업 시작,0507-1379-1276,https://app.catchtable.co.kr/ct/shop/dangok,"포장,무선 인터넷,예약,배달,단체 이용 가능","신상출시편스토랑 116회, 22.02.25.2022년 2월 25일 밤몽실타래/딸기말차몽실타래생활의달인 793회, 21.04.12.2021년 4월 12일 타래케이크생방송투데이 2375회, 19.07.23.2019년 7월 23일 말차빙수","밤 몽실타래 치즈케이크 19500원
마스카포네 인절미빙수 28000원
말차빙수 28000원
제철멜론빙수 35000원
다시마끼샌드 (예약권장) 11000원
와라비모찌 9500원
제철딸기빙수 35000원
(금) 골드 카스테라 (예약권장) 38000원
고구마 몽실타래 치즈케이크 19500원
몽실 타래 케이크 대() 40000원
카츠샌드 (예약권장) 12000원
호두과자 3500원
모찌 호두과자 선물세트 18000원
와라비모찌 프리미엄선물세트(예약한정) 6000065000원
멜론빵 8500원
우마미커피 4500원
아메리카노 4500원
카페라떼 6000원
고구마라떼 6500원
바닐라라떼 6500원
카라멜라떼 6500원
말차밀크티 6800원
얼그레이밀크티 6800원
유기농사과주스 5000원
말차딸기 몽실타래 치즈케이크 19500원
제철 복숭아빙수 38000원
샤인머스캣빙수 43000원
제주애플망고빙수 49000원","栗子絲起司蛋糕 19,500 韓元

馬斯卡彭年糕刨冰 28,000 韓元

抹茶刨冰 28,000 韓元

時令蜜瓜刨冰 35,000 韓元

日式捲餅（建議預約） 11,000 韓元

蕨菜麻糬 9,500 韓元

時令草莓刨冰 35,000 韓元

（週五）金箔卡提拉蛋糕（建議預約） 38,000 韓元

地瓜絲起司蛋糕 19,500 韓元

絲餅蛋糕（大份） 40,000 韓元

炸豬排三明治（建議預約） 12,000 韓元

核桃蛋糕 3,500 韓元

核桃麻糬蛋糕禮盒 18,000 韓元韓元

蕨餅高級禮盒（限預訂）60,000~65,000韓元

蜜瓜麵包 8,500韓元

鮮味咖啡 4,500韓元

美式咖啡 4,500韓元

拿鐵咖啡 6,000韓元

地瓜拿鐵 6,500韓元

香草拿鐵 6,500韓元

焦糖拿鐵 6,500韓元

抹茶奶茶 6,800韓元

伯爵奶茶 6,800韓元

有機蘋果汁 5,000韓元

抹茶草莓蓬鬆起司蛋糕 19,500韓元

季節限定蜜桃刨冰 38,000韓元

Shine麝香葡萄刨冰 43,000韓元

濟州蘋果芒果刨冰 49,000韓元","에나의 3줄 평 몽실타래 치즈케이크로 유명한 가로수길 카페 신동민 셰프의 디저트전문점 제철 복숭아빙수 추천 신사역 가로수길 카페 오래전부터 가봐야지 했던 그 유명한 가로수길 카페 당옥에 드디어 다녀왔어요. 몽실타래 치즈케이크가 유명하지만 지금 한창 물오른 맛의 복숭아빙수를 맛보았는데 역시 사랑스러운 핑크빛 맛이었어요. 우유 얼음에 복숭아 과육이 켜켜로 올라가고 중간 중간 복숭아 퓨레 등이 올라가 있어요. 가로수길 카페 디저트 맛집이에요. 1. 위치 당옥은 신사역 8번 출구에서 7분거리에 있어요. 가로수길에서도 한적한 골목안에 있어요. 주차장은 따로 없으니 인근 유료 주차장을 이용하세요 (신구초등학교 공영주차장 추천) 당옥 주소 서울 강남구 강남대로 162길 22 전화번호 0507-1379-1276 영업시간 11:3021:00 토, 일은 22시까지 영업 당옥의 시그니처 디저트인 복숭아 빙수는 계약을 맺은 농가에서 직접 가지고 온다고 해요. 시기에 따라 5가지 복숭아를 사용한다고 해요. 제가 갔을 때는 천중도인 것 같았어요. 복숭아 품종까지 일목요연하게 정리된걸 보면 디저트에 진심인 서울 신사역 카페에요. 피크타임에는 만석이라 대기할 때도 있어요. 우리 갔을 때는 한적한 편이었어요. 사람 많을 때는 테라스 좌석도 좋아요. 신동민 셰프의 타래 케이크로 생활의 달인에 소개 되었고 최근에는 편스토랑에도 나왔다고 해요. 실내는 빈티지한 교토의 뒷골목 작은 카페같은 느낌이에요. 2. 메뉴 빙수는 철마다 다른 과일 빙수를 내놓고 있어요. 딸기, 망고, 복숭아 등이에요. 떡과 모찌, 산도 등 다양한 일본식 디저트가 있는 신사 가로수길 카페에요. 잡지에 소개된 몽실타래 치즈케이크에요. 실타래처럼 뽑아내는 크림이 시선 강탈이에요. 다음에는 이거 맛보러 가야겠어요. 이제 곧 밤이 맛있을 계절이니 몽실타래 밤치즈케이크 강추! 다시 머리속에서 우선 순위 바꿨어요. ㅎ 메뉴마다 이렇게 그림 그려져 있는게 이해도 빠르고 보기도 좋아요. 이 외에도 다양한 일본식 디저트가 있어요. 당옥 호두과자는 5개에 만원이라는데 커피와 함께 하나씩 쏙쏙 먹기 좋을 것 같아요. 3. 실내 분위기 꾸미지않은 듯한 빈티지한 소박한 분위기가 매력이에요. 60년대 학교 책상과 의자 같은 테이블이 촘촘하게 있어요. 딱 교토 분위기 소박하고 꾸밈없어요 당옥 머그잔 판매 중인지는 미확인 4. 복숭아 빙수 와 드디어 실물 영접한 당옥 복숭아 빙수 39,000원 사실 찬거, 달달한걸 많이 안먹는 편이라 남이 먹은 빙수는... 
우연히 만난 교토의 아늑한 카페처럼 편하고 맛있는 디저트가 있는 당옥 신사동에서 빙수 시즌이 돌아오면 빠지지 않고 찾게 되는 당옥 !! 유명 호텔 빙수 부럽지 않은 퀄리티로 여름엔 특히 빙수로 인기 많은 곳이에요. 당옥 앞엔 간단한 메뉴들 안내가 있어요 빙수 맛집인 만큼 시즌 빙수 안내가 있죠 .. 당옥몽실타래 는 시그니처 메뉴 중에 하나지만 아직 먹어보진 못했어요. 수제 밤 앙금을 국수처럼 뽑은 타래 케이크에요. 신기하죠? 보기만 해도 부드러울거 같아요. 당옥복숭아빙수 도 시그니처 인기 메뉴인데.. 수확 시즌별 품종을 다르게 사용하시나봐요. 이건 최근에 찍은 안내판은 아니지만 어쨌든 참고 ㅎㅎ 당옥메뉴 네이버에서 퍼온 메뉴에요. 빙수가 역시 가장 먼저 나오죠? 그 외에도 일본식 디저트가 있는 당옥 당옥 쇼케이스 인데 이것도 시즌별... 달라지기도 해요.. 언제 찍은건지는 모르겠지만 사진이 있어서 일단 같이 올려봐요 ㅎㅎ 당옥말차빙수 시즌 상관없이 먹고 싶을 때 가서 먹을수 있는 메뉴 !! 엄청 수북하게 올려주시는게 당옥 만의 스타일이에요. 말차 가루 부족할까봐 따로 더 내어 주시구요. 당옥애플망고빙수 촘촘하고 얇게 올려주는 집들과 다르게 망고 큼직큼직하죠? 당옥복숭아빙수 역시 큼직하게 과일을 잘라서 올려주세요 절대 적은 양 아니에요 ㅎㅎ 당옥 다녀온 지극히 개인적인 후기는요.. 신사동에서는 당옥 여기가 최애 빙수 맛집 !! 비쥬얼도 그렇고 과일의 당도들도 너무 맛있고 양도... 막 ... 수북하게 올려주시니깐 3명 먹어도 충분해요. 가격은 좀 비싼 편이긴 하지만 올라가는 과일의 양이나 빙수 사이 사이에 들어가는 내용물들을 봤을땐 비싼 느낌은 아니에요 ㅎㅎㅎㅎ 푸짐한 내용물로 끝까지 맛있게 먹기 좋은 빙수 맛집이 당옥 이거든요. 당옥말차빙수 텁텁하지 않은 부드러운 말차가 잔뜩 올라가고 중간쯤 더 뿌려 먹게 추가로 내어주세요. 중간에 적당히 달달한 팥도 들어 있는 스타일이구요... 우유 빙수에 말차와 팥의 조화가 맛있어요.. 말차 가루 듬뿍이라 드실때 조심하시구요 ㅎㅎㅎㅎ 먹고 나면 입도 깔끔해져서 좋아하는 메뉴 중에 하나에요. 과일 빙수 안나오는 시즌에도 즐길수 있어서 좋구요. 당옥애플망고빙수 애플 망고에 패션후르츠까지 올라가서 새콤 달콤해요 ㅎㅎㅎ 두툼한 두께의 망고가 올라가서 씹는 식감도 좋고 단맛도 훨씬 풍부하게 느끼기 좋은거 같아요. 우유 빙수에 안에 비법 마스카포네 소스도 들어가 있구요. 얘도 맛있지 뭐 말해 뭐해요 ㅋ...","Ena的三行評論：以蓬鬆起司蛋糕聞名的林蔭道咖啡館。主廚申東民的甜點專營店。建議季節限定蜜桃刨冰。新沙站林蔭道咖啡館。我終於去了心心念念已久的林蔭道知名咖啡館Dangok。雖然它以蓬鬆起司蛋糕聞名，但我還是嘗試了當季最美味的蜜桃刨冰，果然名不虛傳，粉嫩誘人。層層堆疊的蜜桃果肉鋪在牛奶冰上，中間夾著蜜桃果泥和其他配料。它是林蔭道眾多咖啡館中的甜點熱門選擇。 1. 位置：Dangok距離新沙站8號出口步行7分鐘。它位於林蔭道內一條安靜的小巷中。沒有專用停車場，請使用附近的收費停車場（推薦新宮小學公共停車場）。

Dangok 地址：首爾市江南區江南大路162街22號

電話：0507-1379-1276

營業時間：11:30 - 21:00（週六、週日營業至22:00）

Dangok 的招牌甜點桃子刨冰據說直接從合作農場購買。據悉，他們會根據季節使用五種不同的桃子。我去的時候，用的是天正島桃。桃子品種擺放得如此整齊，可見這家位於首爾新沙站附近的咖啡館確實是一家專注於甜點的店。尖峰時段經常爆滿，可能需要等位。我們去的時候比較安靜。人多的時候，露台座位也很不錯。這家店曾因申東民主廚的塔雷蛋糕登上《生活大師》，最近又出現在了《美食街》節目中。這家店的內部裝潢很有京都小巷裡那種復古小咖啡館的氛圍。

2. 選單

他們會根據季節提供不同口味的水果刨冰，例如草莓、芒果和桃子。這家咖啡廳位於新沙林蔭道，主打各種日式甜點，如年糕、麻糬和三明治。這是雜誌上介紹過的「毛線球起司蛋糕」。奶油像毛線球一樣拉出來，非常吸睛。下次一定要再去嚐嚐。栗子季快到了，我強烈推薦「毛線球栗子起司蛋糕」！我又改變了主意。哈哈。菜單上的每道菜都配有圖片，既方便理解又賞心悅目。這裡還有其他各種日式甜點。我聽說「丸子核桃蛋糕」五個10,000韓元，配上咖啡慢慢享用，簡直完美。 3. 室內氛圍：這家店的魅力在於其樸實無華、復古簡約的氛圍。桌椅擺放緊湊，彷彿60年代的學校課桌椅。它完美地詮釋了京都的風格——簡單而質樸。目前尚不清楚店內是否有販售Dangok的馬克杯。 4. 桃子刨冰。哇，我終於親眼見到Dangok的桃子刨冰了！ 39,000韓元。說實話，我平常不太吃冷的或甜的東西，所以之前吃過的刨冰…

Dangok是一家提供舒適美味甜點的店，就像我在京都偶然發現的溫馨咖啡館。每當新沙洞的刨冰季來臨，Dangok都是我必去的地方！這裡的刨冰品質堪比知名飯店的刨冰，尤其在夏季人氣爆棚。 Dangok門口擺放著一份簡單的菜單。身為刨冰熱門店，Dangok 也提供季節限定刨冰指南…Dangok 的招牌刨冰之一就是栗子絲刨冰，但我還沒嚐過。它是一種用手工栗子泥拉成麵條狀的刨冰。是不是很神奇呢？光看就覺得軟軟的。 Dangok 桃子刨冰也是人氣招牌…他們似乎會根據收穫季節使用不同的桃子品種。這不是我最近拍的，不過還是留個參考哈哈。這是我在 Naver 上找到的 Dangok 菜單。不出所料，刨冰是第一個上桌的，對吧？除此之外，Dangok 還提供日式甜點。這是 Dangok 的甜點展示，不過即使是甜點也會根據季節更換……我不記得這張照片是什麼時候拍的了，不過既然有了，就先上傳吧哈哈。 Dangok 抹茶刨冰是無論什麼季節都可以吃的！他們把食材堆得特別高——這就是Dangok的獨特風格。他們甚至會額外提供抹茶粉，以防你用完。不像有些店那樣把食材堆得又密又薄，這裡的芒果塊很大，對吧？ Dangok桃子刨冰的水果也是切成大塊放在上面，份量絕對不少，哈哈。我個人對Dangok的評價是…在新沙洞，Dangok絕對是我最愛的刨冰店！ ！賣相超棒，水果超甜美可口，而且份量……堆得特別高……夠三個人吃。價格稍微有點小貴，但考慮到水果的量和豐富的配料，感覺物有所值。 Dangok的刨冰配料非常豐富，讓你每一口都回味無窮，絕對值得一試。丹谷抹茶刨冰上面鋪滿了順滑不苦澀的抹茶，而且吃到一半還會額外添加配料。中間還夾著甜度適中的紅豆泥…抹茶和紅豆沙在牛奶刨冰中的搭配真是美味極了。吃的時候要小心，因為裡面抹茶粉很多！吃完之後嘴裡感覺很清爽，所以它是我最喜歡的菜色之一。即使在水果刨冰沒有供應的季節，也能吃到抹茶刨冰，真是太好了。丹谷蘋果芒果刨冰酸甜可口，上面鋪著蘋果、芒果和百香果。厚厚的芒果片口感豐富，嚼勁十足，我覺得這讓甜味更加濃鬱。牛奶刨冰裡還加入了他們秘製的馬斯卡彭醬。這款刨冰也非常好吃——還能說什麼呢？","신사동 가로수길 카페 당옥(DangOK Cafe) 입니다.
몽블랑 밤 타래 케이크로 생활의 달인 및 방송에 다수 출연한 마스터 신동민 셰프가 운영합니다.
좋은 재료로 정성스럽게 남녀노소 즐길수 있는 디저트를 만듭니다.
우연히 만난 교토의 아늑한 카페처럼, 편안한 분위기의 공간에서 색다른 디저트를 제공합니다.

*OPEN
(12월 한달간 매주 월요일 휴무)
평일12:00 - 9:00 (8:30 L.O)
주말 12:00 - 10:00 (9:30 L.O)

*더현대/ 현대 무역센터점 팝업으로 12월 13~12월 20일 까지 8일간 휴무입니다. 감사합니다.","這裡是位於新沙洞林蔭道的DangOK Cafe。

本店由曾亮相電視節目《生活大師》及其他眾多電視節目，並以其招牌甜點蒙布朗栗子塔萊蛋糕而聞名的申東民名廚主理。

我們選用優質食材，用心製作老少咸宜的甜點。

如同在京都偶然邂逅的溫馨咖啡館，我們為您提供舒適愜意的氛圍和獨特的甜點。

*營業時間

（12月每週一公休）

平日 12:00 - 21:00（最後點餐時間 20:30）

週末 12:00 - 22:00（最後點餐時間 21:30）

*12月13日至20日，本店將因在現代/現代貿易中心舉辦快閃活動而暫停營業8天。感謝您的體諒。",신사동 당옥 카페,新沙洞丹戈克咖啡館
오설록 티하우스 북촌점,奧蘇洛克茶館北村分店,차,茶,영업 전,3504,1808,서울 종로구 북촌로 45 오설록,首爾特別市鐘路區北村路 45 Osulloc,안국역 2번 출구에서 447m,距離安國站2號出口447米,영업 전 11:00에 영업 시작,070-4121-2019,https://app.catchtable.co.kr/ct/shop/osullocteahouse_bukchon,"남/녀 화장실 구분,간편결제",,"북촌의 기와 19000원
북촌의 색동 17000원
티코스 39000원
말차 샘플러 20000원
티 샘플러 3종 20000원
세작 9500원","北村瓦片 19,000 韓元

北村石洞 17,000 韓元

茶道套餐 39,000 韓元

抹茶拼盤 20,000 韓元

三款茶拼盤 20,000 韓元

茶點 9,500 韓元","서울공예박물관에서 금기숙 특별전을 보고 오설록 티하우스 북촌점에 들렀어요. 선물용 티를 구입할 일도 있었고, 오설록 티하우스 북촌점은 제가 서울에서 제일 좋아하는 카페 중 하나여서 맛있는 디저트를 즐기러 방문했습니다. 하늘이 맑은 날이어서 북촌길을 걷는데 더 기분 좋더라고요. 티 시향도 해볼 수 있어서 고르는데 도움이 됩니다. 리본 포장해달라고 하면 예쁘게 해주십니다. 선물용 티를 구입하고 윗층으로 올라가서 뷰가 좋은 곳에 자리잡았어요. 저희가 도착했을 때만 해도 비어있던 좌석들이 금방 외국인들로 가득 찼습니다. 외국인들 관광 가이드에 있는 핫플인가봐요.ㅎ 말차오프레도 마시려고 간건데...ㅎ 이 디저트 모형들을 보는 순간 마음이 바뀌었답니다. 북촌의 기와라는 디저트 세트를 주문했어요. 둘이서 먹기에 딱이더라고요. 북촌의 기와 19,000원 북촌 한옥의 기와를 형상화한 겉은 바삭하고 속은 쫀득한 녹차 깨찰 와플 냄새부터 아주 고소하고 맛있어요. 비주얼도 일단 합격입니다. 다만, 녹차 아이스크림이 너무 코끼리코처럼 생겨서 웃겼을 뿐이고. 베리와 크림, 녹차 아이스크림, 그리고 정체불명의 소스에 와플을 찍어 먹으면 아주 맛있어요. (저 소스에 대한 안내가 있으면 좋겠어요. 효소같은 건강한 느낌이었는데.. 몸에 좋은 거면 알고 먹어야 기분이 더 좋을 듯요.) 녹차 맛이 아주 강한 쫄깃한 찰와플! 너무너무 맛있게 먹었습니다. 고소하고 쌉싸름하고... 아주 럭셜한 맛의 깨찰빵이었어요. 오설록 북촌점. 어여 설화수 공사가 완공이 되어서 빨리 멋진 외관을 되찾길 바랍니다. 그 때 다시 방문할게요. :)
서울 종로 북촌한옥마을 거리 가볼만한곳 오설록 티하우스 카페 설화수의 집 헤이yo! 조이스터에요. 오늘은 서울 종로 북촌한옥마을 거리 가볼만한곳 오설록 티하우스 카페 설화수의 집을 소개해 드리려고 해요. 서울 여행을 계획하고 있다면 전통과 현대가 어우러진 감성 여행지, 종로 북촌한옥마을도 가볼만한곳으로 손꼽히는데요. 북촌은 골목마다 한옥의 아름다움이 살아있어 서울에서 가장 한국적인 분위기를 느낄 수 있는 곳이지요. 특히 북촌 거리에는 감각적인 카페와 문화 공간들이 함께 있어 여행 코스로 더욱 매력적인데요. 이번에 북촌에서 함께 들러보기 좋은 오설록 티하우스 북촌점과 설화수의 집까지 자세히 소개해 드리도록 할게요. 자, 그럼... 바로 달려볼까요! 렛츠 거 거! 1. 북촌한옥마을 오설록 티하우스 설화수의 집 위치 북촌한옥마을 오설록 티하우스 설화수의 집은 종로 북촌한옥마을 초입 대로변에 함께 자리하고 있어요. 대중교통을 이용한다면 지하철 3호선 안국역에서 내리면 되고요. 헌법재판소를 지나 조금만 더 걸어가면 바로 찾을 수 있지요. 서울 종로에 위치한 북촌한옥마을은 약 600년의 역사를 간직한 한옥마을이지요. 경복궁과 창덕궁 사이에 자리하고 있어 조선시대 양반들이 살던 지역으로도 유명하고요. 골목길을 따라 걷다 보면 한옥 지붕들이 이어지는 아름다운 풍경을 볼 수 있고, 곳곳에 작은 갤러리와 카페, 공방들이 있어 천천히 산책하며 둘러보기 좋은데요. 우리는 이곳 오설록 티하우스 북촌점과 설화수의 집을 먼저 구경해 보기로 했어요. 입장료도 없고 두 건물이 붙어 있어 함께 구경할 수 있어 좋아요. 2. 북촌 설화수의 집 북촌 설화수의 집은 한국 대표 뷰티 브랜드 설화수가 운영하는 문화 공간으로, 한국의 전통 미와 브랜드 철학을 경험할 수 있는 특별한 공간이라고 해요. 한옥을 현대적으로 재해석한 건물 내부에는 전시 공간과 제품 체험 공간이 마련되어 있어 브랜드 스토리를 자연스럽게 느낄 수 있습니다. 북촌의 고즈넉한 분위기 속에서 한국의 아름다움과 문화를 함께 경험할 수 있어 많은 여행자들이 방문하는 인기 명소이지요. 실제로 화장품을 테스트해 볼 수 있고 구매도 가능하고요. 설화 살롱, 설화 정원 등 볼거리도 많아 여성분들은 무척 좋아할 듯싶었어요. 3. 북촌 오설록 티하우스 카페 이곳에는 전통 한옥과 어우러진 감각적인 카페, 오설록 티하우스도 위치해 있는데요. 제주 녹차 브랜드인 오설록에서 운영하는 티하우스로 다양한 녹차 음료와 디저트를 즐길...","參觀完首爾工藝博物館的金基淑特展後，我順道去了北村的五雪樓茶館。我需要買些茶葉作為禮物，而五雪樓茶館是我在首爾最喜歡的咖啡館之一，所以我就順便去品嚐一下美味的甜點。那天陽光明媚，漫步在北村街上更加愜意。能夠聞到茶葉的香氣，對挑選茶葉很有幫助。如果你要求用絲帶包裝，他們會做得非常漂亮。買完茶葉禮物後，我上樓找了個視野極佳的座位。我們到的時候座位還是空的，但很快就坐滿了外國遊客。看看來這裡一定是外國旅遊指南上的熱門景點。我原本是想來這裡喝抹茶冰沙的…但當我看到這些甜點造型時，我改變了主意。我點了一份「北村瓷磚」甜點套餐。分量剛剛好，足夠兩個人享用。 「北村瓦片」（19,000韓元）是一款抹茶芝麻華夫餅，外形酷似北村韓屋的瓦片，外酥裡嫩。聞起來堅果香氣濃鬱，令人垂涎。外觀也無可挑剔。不過，抹茶冰淇淋的形狀實在太像大象鼻子了，有點滑稽。將華夫餅蘸著莓果、奶油、抹茶冰淇淋和神秘醬汁一起吃，味道非常棒。 （真希望有關於這個醬汁的資訊。感覺很健康，像某種酵素…如果它對身體有益，我想在食用前了解它的成分會更安心。）一款口感Q彈的麻糬華夫餅，抹茶味非常濃鬱！我非常喜歡。堅果的香氣中帶著一絲苦澀……這是一款口感奢華的麻糬華夫餅。 Osulloc北村分店。希望雪花秀的裝修工程能盡快完工，讓它恢復過去的美麗風采。到時候我一定會再去光顧。 :)

首爾鐘路北村韓屋村街的必遊之地：Osulloc茶館咖啡廳雪花秀故居。大家好！我是Joyster。今天，我想為大家介紹位於首爾鐘路北村韓屋村街的Osulloc茶館咖啡廳雪花秀故居。如果您計劃前往首爾旅行，鐘路北村韓屋村絕對是充滿懷舊氣息的理想目的地，這裡傳統與現代完美融合。北村的每一條小巷都保留著韓屋（韓國傳統房屋）的魅力，讓您在首爾體驗到最道地的韓國風格。尤其值得一提的是，北村的街道兩旁林立著時尚的咖啡館和文化場所，更增添了它的魅力。這次，我將詳細介紹位於北村的兩個非常值得一起遊覽的景點：五雪樓茶館北村分店和雪花秀故居。那麼，我們出發吧！ 1. 五雪樓茶館和雪花秀故居在北村韓屋村的位置 五雪樓茶館和雪花秀故居位於鐘路北村韓屋村入口處的主幹道上。如果您搭乘大眾運輸工具，可以在地鐵3號線安國站下車。從憲法法院往前走一點就能看到。北村韓屋村位於首爾鐘路區，是個擁有約600年歷史的傳統韓國村落。它坐落在景福宮和昌德宮之間，也是朝鮮王朝貴族曾經居住過的地方。沿著小巷漫步，可以欣賞到一排排韓屋屋頂的美景。這裡散落著許多小型畫廊、咖啡館和工作室，是悠閒漫步、四處遊覽的好去處。我們決定先去參觀北村的五雪樓茶館和雪花秀之家。這兩棟建築不收取門票，而且彼此相連，可以一起參觀，非常方便。 2. 雪花秀之家（北村）雪花秀之家是由韓國代表性美妝品牌雪花秀營運的文化空間。據說這裡是體驗韓國傳統美妝和品牌理念的特別之地。建築內部以現代手法重新詮釋了韓屋，設有展覽和產品體驗區，讓您自然感受到品牌的故事。這裡是許多遊客的熱門景點，因為您可以在北村寧靜的氛圍中體驗韓國的美妝和文化。在這裡，您可以試用併購買化妝品。這裡有很多值得一看的地方，例如雪花沙龍和雪花花園，我想女性一定會非常喜歡這裡。 3. 奧雪洛克茶館北村咖啡館 奧雪洛克茶館是一家與傳統韓屋風格相協調的時尚咖啡館，也位於北村。這間茶館由濟州島綠茶品牌奧雪洛克經營，您可以享用各種綠茶飲品和甜點…",차를 통한 새로운 감각의 라이프 스타일과 더 나은 삶을 제안하는 오설록의 '집' 오설록 북촌점입니다.,這裡是 Osulloc Bukchon 分店，Osulloc 的“家”，它透過茶來倡導一種新的生活方式和更美好的生活。,오설록 티하우스 북촌,奧蘇洛克茶館北村
오설록티하우스 현대미술관점,奧蘇洛克茶館現代當代藝術館分館,차,茶,영업 전,2272,460,서울 종로구 삼청로 30,首爾特別市鐘路區三清路30,안국역 1번 출구에서 523m,距離安國站1號出口523米,영업 전 10:00에 영업 시작,070-4483-5999,,"포장,남/녀 화장실 구분,무선 인터넷,주차",,"세작 9500원
삼다연 제주영귤 9000원
말차 샷 비엔나 7800원","Sejak 9,500 韓元

Samdayeon Jeju Younggyul 9,000 韓元

Matcha Shot Vienna 7,800 韓元","서울 국립현대미술관 주차 카페 전시 기념품샵 구경 후기 여행 인플루언서 쿠쿠리 안녕하세요 여행인플루언서 쿠쿠리입니다. 전시보러가기 좋은 요즘! 요즘 핫한 데미안허스트 전시도 오픈한 국립현대미술관 서울관 소개해 드릴게요. 주차정보, 주변 카페, 전시 기념품샵 궁금하신 분들은 참고해 주세요! 1. 국립현대미술관 서울관 작품 현황 서울 국립현대미술관 주차 카페 전시 기념품샵 구경 후기 현재 3월 24일 기준 국립현대미술관 서울관 진행중인 전시입니다. 1 데이미언 허스트 2026.03.202026.06.28 전시 기간이 3개월이라 서둘러야 해요! 예약하고 방문 필수 관람료 : 8,000원 2 소멸의 시학 : 삭는 미술에 대하여 2026.01.302026.05.03 관람료 : 2,000원 지하 1층 6,7전시실에서 진행돼요. 3 한국현대미술 하이라이트 2025.05.012026.05.31 관람료 : 2,000원 국립현대미술관 서울관은 평일에 가시면 좀 더 여유로운 관람이 가능하시고 관람 시간은 매일 10:0018:00입니다. 직장인분들 참고 매주 수요일에는 저녁 9시까지 야간 개관합니다. 2. 서울 국립현대미술관 주차 서울 국립현대미술관 주차 카페 전시 기념품샵 구경 후기 국립현대미술관 서울관 주차! 주차장은 넓은 편이고 B2, B3 이렇게 두 층으로 되어 있습니다. 주차 요금은 최초 1시간 4,200원이며 10분 초과할 때마다 700원 추가 됩니다. 1일 최대 요금은 30,000원이에요. 운영시간은 08:0023:00 주차 가능 대수는 384대입니다. 국립현대미술관 주차는 갈 때 마다 주차난이도가 낮은편이었는데 아마도 주변에 집회가 있고 그러면 교통이 hell이라 아마도 많은 분들이 대중교통 이용해서 오시는 것 같아요. 경복궁역, 안국역, 광화문역 3호선, 5호선 지하철역이 멀지 않기 때문에 대중교통도 이용도 추천드려요. 전기차 충전소는 지하3층에 있고 장애인 전용 구역 주차장은 지하 2층 : 10대 지하 3층 : 6대 일반적인 주차 요금 감면혜택도 가능합니다. 다자녀카드복지카드국가유공자카드는 출구에서 호출하세요! 3. 전시 굿즈 기념품샵 서울 국립현대미술관 주차 카페 전시 기념품샵 구경 후기 국립현대미술관 기념품은 1층 출입구쪽에 위치해 있습니다. 미술가게 서울 미술책방 두군데를 둘러보실 수 있어요. 보통 현재 진행중인 전시 엽서나 마그네틱, 안경닦이 같은 것들로 굿즈를 만들어서 판매합니다. 전시가 마음에 들었다면 기념품샵 둘러보고 소장하기 좋아요. 그외에도 다양한 아트상품들을 판매하는데 예쁜것들이... 
무더위로 여름을 제대로 느낀 8월 마지막 날 밀린 일상 기록해 보려고 해요 가을 가을 한 9월을 기다리며 모두 행복하세요 인스타그램 이웃분께서 먼데이 에디션 마켓을 연다는 소식에 월요일 아침부터 일찍 준비해서 남편 회사 출근하는 길에 들렸는데 1시간 전에 미리 도착했는데 12시 입장 표를 받았네요. 너무 들뜬 마음에 왔다가 1번이 새벽 3시부터 기다렸다는 이야기에 오픈 시작 10시 30분에서 30분 기다리고 그냥 다른 분께 번호표 주고 회사로 왔네요. 이 나이에 오픈런을 너무 쉽게 생각했던 것 같아요. 그래도 월요일 아침부터 행복한 추억 하나 더 만들었네요. 담에는 조금 더 일찍 가보기로 ㅋㅋㅋㅋ https:www.instagram.comnununsu?igshMWhibXl3ODM2cWF5eQ 용산 출근하는 날은 이렇게 날씨가 좋은지 매장 안에서 바라보는 용산 여름 하늘이 너무 이뻐요 용산 아이파크몰에 카멜커피 18호점 매장 오픈했다고 해서 남편이랑 점심 간단하게 먹고 카멜커피에서 미스터카멜 사장님도 만나고 커피도 마시고 왔네요. 꽃은 남편이 세미나 갔다가 받아온 꽃인데 꽃병에 넣으니 더 예뻐 보이더라고요 도서관 근무 날 창가로 보인 고양이 가족 맛있게 점심을 먹고 있는 모습도 예쁘고 퇴근하고 집에 가는 길 호박 꽃에 호박이 열린 모습도 예쁘네요 운동을 해도 음식 조절을 해도 살이 안 빠져서 (?) 운동도 하기 싫어지더라고요 마사지도 받고 싶지만 그런 여건이 안 되기에 괄사를 하나 구입해야지 했는데 림프 순환에 좋은 룰루비다 괄사라고 해서 관심 있던 참에 구입했네요. 바빠서 두 번 정도 해봤는데 만족스러웠어요 https:www.instagram.combrazil.santa?igshMWhlZmsxNWI1YTV2YQ 국립현대미술관 서울관에서 김창열 회고전 인플루언서 프리뷰 초대를 받아 남편 회사 반나절 근무하고 전시를 보고 왔어요 편현주 도슨트님과 함께 전시 관람하고 오설록 가서 시원한 말차 팥빙수도 먹고 오설록 X 헬로 키티 티타임 에디션 굿즈도 구경했네요 북촌길 걷다가 서울공예박물관 꽃사과나무에 열매가 주렁주렁 열려있어 예쁘기도 하고 탐스러워서 사진 찍었어요 가을이 오려고 하는지 여기저기서 열매들을 볼 수 있어요. 버스 타는 길에 아티스트 베이커리 지나가는데 료 사장님이 계시더라고요. 용기 내지 못하고 도찰만 하고 왔네요. 도서관 희망도서로 신청한 런던베이글뮤지엄 사장님의 료의 생각 없는 생각이 도착해서 읽어보려고요 료의 생각 없는 생각 저자 료 출판...","首爾國立現代美術館停車、咖啡館、展覽及禮品店點評 - 旅遊部落客 Kukuri

大家好，我是旅遊部落客 Kukuri。現在正是參觀展覽的好時節！今天我想為大家介紹首爾國立現代美術館，這裡正在舉辦目前非常熱門的達明赫斯特（Damien Hirst）展覽。如果您想了解停車資訊、附近的咖啡館以及展覽禮品店，請繼續閱讀！

1. 首爾國立現代美術館當前展覽

首爾國立現代美術館停車、咖啡館、展覽及禮品店點評

截至3月24日，以下是首爾國立現代美術館正在舉辦的展覽：

1. 達明·赫斯特

2020年3月26日-2020年6月28日

展覽為期三個月，請抓緊時間！必須提前預約。

門票：8,000 韓元

2. 消亡的詩學：論衰敗的藝術

2026.01.30-2020.05.03

門票：2,000 韓元

展覽地點：B1樓6號和7號展廳。 3. 韓國當代藝術精選展 2025.05.01 - 2026.05.31

門票：2,000 韓元

如果您在工作日參觀首爾國立現代美術館，可以享受更輕鬆的觀展體驗。開放時間為每日上午10:00至下午6:00。上班族請注意，美術館每週三開放至晚上9:00。

2. 首爾國立現代美術館停車資訊

首爾國立現代美術館停車、咖啡廳、展覽和禮品店概覽

首爾國立現代美術館停車資訊！停車場空間寬敞，分為地下二樓（B2）及地下三層（B3）。首小時停車費4,200韓元，之後每10分鐘加收700韓元，每日最高收費30,000韓元。停車場開放時間為上午8:00至晚上11:00，可容納384輛車。我每次去國立現代美術館，停車都比較方便；不過，如果附近有示威活動，交通可能會比較擁堵，所以很多人會選擇搭乘大眾運輸工具前往。我建議搭乘大眾運輸工具，因為景福宮站、安國站和光化門站（地鐵3號線和5號線）距離都不遠。地下三層設有電動車充電站，地下二樓（10個車位）及地下三層（6個車位）設有殘障人士專用停車位。此外，停車場也提供停車費折扣。請在出口處呼叫工作人員辦理多子女卡、福利卡或國家功績卡！ 3. 展覽商品及紀念品商店

參觀國立現代美術館（MMCA）展覽紀念品商店的體驗（停車場及咖啡廳）

MMCA紀念品商店位於一樓入口附近。您可以逛逛兩個區域：藝術商店和首爾藝術書店。他們通常會製作並出售以當前展覽物品為主題的商品，例如明信片、冰箱貼和眼鏡布。如果您喜歡這個展覽，不妨逛逛紀念品商店，買些紀念品帶回家。此外，他們還出售各種藝術品，裡面有很多漂亮的小玩意兒……八月的最後一天，真正感受到了夏日的炎熱，我打算記錄一下我遲來的日常生活。希望大家都能開心，也期待秋季的九月到來。聽說Instagram上的鄰居要辦週一特賣會，我週一一早就收拾好，趁著老公上班的路上順道去了一趟。我提早一個小時到了，結果只拿到了中午12點的號碼。我本來興致勃勃地來的，結果聽說第一個人凌晨3點就來排隊了，於是我等了10點半開門後又等了30分鐘，把號給了別人，然後就回辦公室了。看來我這把年紀對「早鳥特賣」還是太掉以輕心了。不過，這個週一早上我又留下了美好的回憶。下次我一定要早點去哈哈。 https:www.instagram.comnununsu?igshMWhibXl3ODM2cWF5eQ 我去龍山上班的日子天氣都特別好；從店裡望出去，龍山的夏日天空美極了。聽說駱駝咖啡在龍山I'Park購物中心開了第18家分店，我和老公就去那裡吃了頓簡單的午餐，還見到了駱駝先生的老闆，喝了咖啡。花是我老公參加研討會帶回來的，插在花瓶裡更漂亮了。那天在圖書館，我看到窗邊一家貓咪正在津津有味地吃午飯，看起來很可愛。回家路上，看到花叢裡長出了南瓜，也覺得很美。雖然我一直在運動，也控制飲食，但體重卻一直沒減下來（？），甚至連運動的動力都失去了。本來想做個按摩，但因為負擔不起，就想買個刮痧板。聽說Luluvida的刮痧板對淋巴循環有好處，就因為有興趣買了一個。因為太忙，只用了兩次，感覺還不錯。 https://www.instagram.com/brazil.santa?igshMWhlZmsxNWI1YTV2YQ 我收到了首爾國立現代美術館舉辦的金昌烈回顧展的網紅預覽邀請，於是下班後便前往參觀。在解說員邊賢珠的帶領下，我參觀了展覽，之後去了Osulloc品嚐了清爽的抹茶紅豆刨冰，還看了看Osulloc與Hello Kitty聯名推出的下午茶系列商品。沿著北村路漫步時，我拍下了首爾工藝美術館附近的一棵海棠樹，因為樹上掛滿了成串的果實，看起來既漂亮又誘人。到處都能看到水果，看來秋天真的要來了。在去趕公車的路上，我經過Artist Bakery，碰巧遇到了店主Ryo。我當時沒勇氣拍照，就隨手拍了一張。我從圖書館借閱的、由倫敦貝果博物館館長撰寫的《Ryo的無心思緒》一書已經到貨，我打算讀一讀。這本書是我抱著試試看的心態借的。 《Ryo的無心思緒》作者：Ryo 出版社…","차와 제주가 선사하는 삶의 아름다움

하루를 시간과 분으로 조각 내며 바쁘게 살다 보면, 문득 차 한잔의 여유가 간절해지는 순간이 있습니다.
그 순간을 좋은 사람과 함께 하면 삶은 더 아름다워집니다.

오설록은 제주의 푸른 차밭을 느낄 수 있는 도심 속 티하우스와, 제주 자연과 정성을 담은 차를 통해,
내면을 아름답게 가꾸고 일상에 삶의 멋을 더하며, 관계를 따뜻하게 이어주는 가치있는 쉼을 선사합니다.","濟州島與茶的禮物：生活之美

在忙碌的生活中，我們把每一天都分割成分分秒秒，有時，我們會突然渴望享受一杯茶帶來的悠閒時光。

與良朋相伴，生活更顯美好。

在濟州島鬱鬱蔥蔥的茶園環繞下的城市茶館，品嚐著浸潤著濟州島自然風光與真摯情感的茶飲，Osulloc 為您提供了一份珍貴的休憩之所，滋養您的內心，為日常生活增添優雅，並溫暖人與人之間的情感紐帶。",오설록 티하우스 북촌,奧蘇洛克茶館北村
카페온화 익선점,溫華咖啡廳益善分店,카페,咖啡店,영업 전,2909,1066,서울 종로구 수표로28길 21-10,首爾特別市鐘路區水錶路28街21-10,종로3가역 4번 출구에서 125m,距鐘路三街站4號出口125米,영업 전 10:00에 영업 시작,02-741-3289,http://www.instagram.com/onhwa_cafe,"남/녀 화장실 구분,단체 이용 가능,무선 인터넷,간편결제",,"플레인 수플레 팬케이크 19000원
딸기 수플레 팬케이크 23000원
발로나 초코 수플레 팬케이크 23000원
베리베리 수플레 팬케이크 23000원
벌집 수플레 팬케이크 23000원
티라미수 수플레 21000원
오몽 과일소다 (오렌지자몽) 8500원
유몬 과일소다 (유자레몬) 8500원
생딸기소다 8500원
사과소다 8500원
라임소다 8500원
베리소다 8500원
오몽차 (오렌지자몽) 8000원
유몬차 (유자레몬) 8000원
사과차 8000원
아메리카노 5500원
플랫화이트 6000원
카페라떼 6500원
바닐라라떼 7000원
코코넛라떼 7500원
피스타치오라떼 7500원
아포가토 7000원
아인슈페너 7500원
콜드브루 아메리카노 6000원
디카페인 콜드브루 6500원
생딸기라떼 8000원
토피넛라떼 7500원
말차라떼 7500원
초코플로트 7500원","原味舒芙蕾鬆餅 19,000 韓元

草莓舒芙蕾鬆餅 23,000 韓元

法芙娜巧克力舒芙蕾鬆餅 23,000 韓元

莓果舒芙蕾鬆餅 23,000 韓元

蜂巢舒芙蕾鬆餅 23,000 韓元

提拉米蘇舒芙蕾 21,000 韓元

Omong 水果汽水（橙柚口味） 8,500 韓元

Yumon 水果汽水（柚子檸檬口味） 8,500 韓元

鮮草莓汽水 8,500 韓元

蘋果汽水 8,500 韓元

青檸汽水 8,500 韓元

莓果汽水 8,500 韓元

Omong 茶（橙柚口味） 8,000 韓元

Yumon 茶（柚子檸檬口味） 8,000 韓元

蘋果茶 8,000 韓元

美式咖啡 5,500 韓元

馥芮白 6,000 韓元

拿鐵咖啡 6,500 韓元

香草拿鐵 7,000 韓元

椰子拿鐵 7,500 韓元

開心果拿鐵 7,500 韓元

阿芙佳朵 7,000 韓元

義式冷萃咖啡 7,500 韓元

冷萃美式咖啡 6,000 韓元

無咖啡因冷萃咖啡 6,500 韓元

鮮草莓拿鐵 8,000 韓元

太妃堅果拿鐵 7,500 韓元

抹茶拿鐵 7,500 韓元

巧克力漂浮 7,500 韓元","안녕하세요, 구루미입니다 이 글은 협찬 안 받았으며 제 돈과 시간을 쓴 후기 입니다 위치 서울역에서 대중교통 23분, 종로14가동주민센터 버스정류장에서 도보 4분, 종로3가역 4번 출구에서 도보 1분 걸려요 주차장 익선동 한옥마을에 위치해 있어 주차장 없어요 주변 주차장에 주차하면 되나 주차비 나가요, 참고로 주차비 지원 안하니 대중교통 이용 권장해요 영업시간 매일 아침 11시에 열어서 밤 9시반에 닫아요 주문 마감 시간은 매일 밤 8시 반이예요 공간 카페온화는 수요미식회 수플레로 유명해졌는데요, 방송타기 전부터 수플레 맛집으로 원래 유명했어요 영업 시간이 되면 대문이 활짝 열리는데요, 주말 및 공휴일에는 웨이팅 있을 수 있으니 대기선을 따라 순차적으로 입장해주세요 사진에 안찍었지만 제 뒤로 외국인들 줄 섰었어요 현관에 우산 보관함 있는데요, 분실 주의하세요 재미있게 봤었던 드라마 이 연애는 불가항력 촬영도 했던 곳 이기도 해서 사인이 있어요 기존 한옥을 틀만 그대로 두고 리모델링 했는데요, 중정이였던 곳을 카페 공간으로 활용했더라고요 () 2인 및 4인 테이블 위주로 의자는 편했어요 주변에 콘센트 이런건 없어서 배터리 충전 및 노트북 사용자들은 불편 할 듯해요 조용히 존재감 없이 즐기고 싶은 분은 공간 안쪽으로 가면 2인 테이블 촤라락 있어요 화장실 중정 끝에 화장실이 있는데요, 남자화장실 및 여자화장실 분리되어 있어요 매일 수시로 관리하고 있어서 청결해요 메뉴 웨이팅 없다면 테이블 먼저 잡고 주문해도 돼요 카페온화 대표 디저트인 수플레 종류는 6종이예요 수플레 주문시 주문 즉시 조리하기 때문에 수플레 조리에만 최소 20분 소요되는 점 참고하세요 카페온화 메뉴판으로 1인 1음료 주문 필수예요 ( - ) 선주문 및 선결제해주고요 계산기에 쌓인 먼지들은 흐른 눈 했어요 진동벨 받고 자리에 앉아서 느긋하게 쉬면 돼요 진동벨 울리면 계산대 옆 픽업대로 가면 되고, 그 옆에 서비스 테이블과 비밀번호 와이파이 있어요 후기 사실 팔 수술 하기 전 긴장감 풀려고 일부러 달콤한 디저트를 끝내주게 먹으러 왔어요 딸기 수플레 팬케이크 23,000원 생딸기와 수제 딸기잼 들어간 새콤달콤 수플레 겨울이니까 딸기 수플레로 선택했어요 수플레 2단 사이에 딸기와 딸기잼 가득 있어요 동물성 생크림에 슈가 파우더 덕에 전체적으로 싱겁지 않고 새콤달콤한 맛과 부드럽게 녹는 식감에 절로 눈이 감겨요 오몽소다 8,500원 수제 오렌지청과... 
익선동에서 저녁을 먹고 수플레 케이크를 먹고 싶었는데 마침 지나가는 길에 발견한 카페 온화 익선점을 소개합니다 카페온화 익선점 서울 종로구 수표로28길 21-10 02-741-3289 매일 10:0021:30(라스트오더 21:00) 주차 불가(공영주차장 이용) 외관 오래된 한옥을 카페로 리모델링한 모습이에요 놋 소재로 만들어진 입간판이 눈에 띄었고 감성적인 분위기를 느낄 수 있었어요 현관 밖에는 메뉴판이 설치되어 있어 미리 메뉴를 확인할 수 있었어요 수플레 케이크가 예쁘고 먹음직스러워 자연스럽게 눈길이 갔어요 수요미식회에도 소개된 곳이라고 하더라고요 주말 저녁에 방문했더니 만석이어서 잠시 대기 후 입장할 수 있었어요 메뉴 커피 외에도 다양한 음료가 있었고 특히 과일소다의 비주얼이 눈길을 사로잡았어요 디저트는 수플레 케이크 위주로 판매하고 있었고 총 6가지 종류로 선택의 폭이 넓었어요 수플레 팬케이크는 주문 즉시 만들어 20분 정도 소요된다는 안내가 있어서 더 기대가 됐어요 내부 내부는 대들보와 천장의 서까래를 살린 한옥 인테리어가 돋보였어요 좌석 규모도 넉넉하고 테이블 간격도 여유가 있어서 편하게 이용할 수 있었어요 조리 공간이 오픈되어 있어 전체적으로 개방감 있는 분위기도 좋았어요 음식 후기 - 주문메뉴 - 플레인 수플레 아메리카노 플랫 화이트 초코 플로트 플랫화이트 진한 커피 맛과 부드러운 우유 거품이 잘 어우러졌어요 아메리카노는 은은한 산미와 고소함이 느껴지는 맛으로 전체적으로 커피 퀄리티가 좋았어요 초코 플로트 진한 초콜릿 음료 위에 아이스크림이 올라간 메뉴인데 초코 파우더와 초코칩이 더해져 비주얼이 정말 예뻤어요 생각보다 과하게 달지 않고 초콜릿 풍미가 진해서 맛있었어요 바나나 수플레 팬케이크 15분 정도 기다린 후 수플레 팬케이크가 나왔어요 식감이 생각보다 단단한 편이라 조금 더 부드러웠다면 더 좋았을 것 같아요 생크림은 달지 않고 부드러워서 잘 어울렸고 메이플 시럽을 곁들일 수 있었지만 개인적으로는 시럽 없이 먹는 게 더 맛있었어요 설탕을 토치로 구워 캐러멜라이즈한 바나나는 겉은 바삭하고 속은 달콤해서 디저트 완성도를 높여줬어요 후기 수플레 팬케이크를 기대하고 방문했는데 식감이 조금 아쉬운 부분은 있었지만 생크림과 바나나 조합은 좋았어요 다른 맛의 수플레도 궁금해지는 곳이었고 커피와 음료 퀄리티도 만족스러웠어요 수플레 팬케이크를 좋아한다면 한 번 방문해볼 만한 카페인 것 같아요","大家好，我是Gurumi。這篇文章並非贊助內容，而是我自費撰寫的評測。地點：從首爾車站搭乘大眾運輸工具需23分鐘，從鐘路14街社區中心公車站步行4分鐘，或從鐘路3街站4號出口步行1分鐘。停車：由於位於益善洞韓屋村，沒有停車場。您可以停在附近的停車場，但需要付費。請注意，停車費不享有補貼，因此我建議您搭乘大眾運輸工具。營業時間：每天上午11點開門，晚上9點半關門。最後點餐時間為晚上8點半。 Space Cafe Onhwa因其舒芙蕾在電視節目《週三美食談話》中亮相而聲名鵲起，但在此之前，它就已經是遠近聞名的舒芙蕾勝地了。營業時間開始時，大門會敞開；由於週末和假日可能需要排隊，請按順序排隊進入。雖然我沒有拍照，但我後面有外國遊客在排隊。入口處設有雨傘存放箱，請小心保管您的雨傘。這裡也是我非常喜歡的電視劇《必要性》的拍攝地，所以那裡有劇組的簽名。這座韓屋在保留框架的基礎上進行了改造，原先的中央庭院被改造成了咖啡館，空間利用得很好。椅子很舒適，主要是雙人桌和四人桌。不過，附近沒有電源插座，所以充電或使用筆記型電腦可能會不太方便。如果您想安靜地享受片刻，可以往裡面走，那裡有一排雙人桌。洗手間位於庭院盡頭，分為男洗手間和女洗手間。每天都會進行多次清潔，所以很乾淨。如果不需要排隊等菜單，您可以先找個位子坐下再點餐。 Cafe Onhwa 的招牌甜點舒芙蕾共有六種口味。請注意，由於舒芙蕾是現點現做，所以至少需要 20 分鐘的準備時間。每人必須使用 Cafe Onhwa 的菜單點一杯飲品。您必須提前點餐和付款；我只是瞥了一眼收銀機上積攢的灰塵。您會收到一個震動提示器，請坐下來放鬆。當提示器震動時，請前往收銀台旁的取餐櫃檯；那裡有一張服務台和需要密碼才能使用的 Wi-Fi。評論：實際上，我來這裡是為了在手臂手術前享用美味的甜點來緩解緊張情緒。草莓舒芙蕾鬆餅：23,000 韓元。包含新鮮草莓和自製草莓醬。酸甜舒芙蕾。因為是冬天，所以我選了草莓舒芙蕾。這款舒芙蕾蛋糕夾著草莓和草莓醬，兩層舒芙蕾之間夾著草莓。多虧了鮮奶油和糖粉，整體味道並不寡淡；酸甜的滋味和綿軟入口即化的口感，讓我忍不住閉上了眼睛。 Omon 蘇打水 8,500 韓元。自製橙子糖漿…

在益善洞吃完晚餐後，我想吃一塊舒芙蕾蛋糕，所以我就順便介紹一下我路過時偶然發現的「溫和咖啡館益善分店」。溫和咖啡廳益善分店地址：首爾市鐘路區水標路28街21-10號，電話：02-741-3289，營業時間：每日10:00-21:30（最後點餐時間21:00），無停車位（請使用公共停車場）。外觀：看起來像是一棟改建的老式韓屋。一塊黃銅招牌吸引了我的目光，我能感受到這裡懷舊的氛圍。入口處外掛著菜單板，方便我事先查看。舒芙蕾蛋糕看起來精緻誘人，自然而然地吸引了我的目光。我聽說這家店曾在「週三美食訪談」節目中出現。我週末晚上去的，店裡已經客滿了，所以稍等了一會兒才進去。菜單上除了咖啡，還有各種飲品，其中水果汽水的顏值尤其吸引了我的眼球。甜點主要以舒芙蕾蛋糕為主，有六種口味可供選擇。更讓我興奮的是，菜單上還貼著一張告示，說舒芙蕾煎餅是現點現做的，大約需要20分鐘。店內裝潢別具一格，保留了韓屋風格的主樑和屋頂橫梁，令人印象深刻。座位寬敞，桌椅間距也很大，用餐非常舒適。開放式廚房也增添了一份開闊感，我很喜歡。美食點評 - 點餐菜單 - 原味舒芙蕾、美式咖啡、馥芮白、巧克力漂浮。馥芮白咖啡香醇濃鬱，與綿密的奶泡完美融合。美式咖啡酸度適中，帶有淡淡的堅果香，整體咖啡品質極佳。巧克力漂浮是在濃鬱的巧克力飲品上加冰淇淋，撒上巧克力粉和巧克力碎，視覺效果非常漂亮。它的甜度比我想像的要低，濃鬱的巧克力味讓它美味可口。香蕉舒芙蕾煎餅。等了大約15分鐘後，舒芙蕾煎餅上桌了。它的口感比預期的要硬一些，我覺得如果再軟一些會更好。奶油甜度適中，口感順滑，與舒芙蕾煎餅搭配得很好。雖然有楓糖漿可選，但我個人覺得不加更好吃。香蕉經過焦糖化處理，外酥裡嫩，提升了這道甜點的整體品質。總的來說，我來這裡是衝著舒芙蕾鬆餅來的，雖然口感有點令人失望，但鮮奶油和香蕉的搭配還不錯。這讓我對其他口味的舒芙蕾鬆餅產生了好奇，咖啡和其他飲品的品質也令人滿意。如果你喜歡舒芙蕾鬆餅，我覺得這家咖啡館值得一去。","프리미엄 수플레 팬케이크 & 스페셜티 커피 전문점 '카페온화' 입니다.
'카페온화'만의 한옥공간에서 수플레 팬케이크와 커피를 즐겨보세요.

영업시간 안내
- 매일 오전 10시 ~ 저녁 9시30분 까지 연중무휴

카페온화 주소
- 서울 종로구 수표로28길 21-10","這裡是「溫花咖啡館」（Cafe Onhwa），主打高級舒芙蕾鬆餅和特色咖啡的咖啡館。

在「溫花咖啡館」獨特的韓屋（傳統韓式房屋）環境中，盡情享用舒芙蕾鬆餅和咖啡。

營業時間

- 每日上午 10:00 至晚上 9:30，全年無休

溫花咖啡館地址

- 首爾市鐘路區水標路 28 街 21-10 號",카페 온화 익선,咖啡館 Onhwa Ikseon
백미당 삼청점,白密堂三清分店,카페,咖啡店,영업 전,2434,415,서울 종로구 삼청로 48,首爾特別市鐘路區三清路48,안국역 2번 출구에서 694m,距安國站2號出口694米,영업 전 10:00에 영업 시작,02-720-8947,,"단체 이용 가능,예약",,"아메리카노 4900원
카페 라떼 5900원
백미당 라떼 5900원
두우유 라떼 5900원
흑율무 라떼 6300원
흑율무 아이스크림 라떼 6900원
백미당 아포가토 6600원
아이스크림 라떼 6600원
유기농 우유가 든 아이스크림 4800원
직접 짠 두유 아이스크림 4800원
유기농 우유가 든 밀크초코 아이스크림 5100원
유기농 우유가 든 초코 아이스크림 5400원","美式咖啡 4,900 韓元

拿鐵咖啡 5,900 韓元

白米團拿鐵 5,900 韓元

豆奶拿鐵 5,900 韓元

黑薏米拿鐵 6,300 韓元

黑薏米冰淇淋拿鐵 6,900 韓元

白米團阿芙佳朵 6,600 韓元

冰淇淋拿鐵 6,600 韓元

有機牛奶冰淇淋 4,800 韓元

鮮榨豆奶冰淇淋 4,800 韓元

有機牛奶巧克力冰淇淋 5,100 韓元

有機牛奶巧克力冰淇淋 5,400 韓元","전통가옥의 멋과 햇살 맛집, 백미당 뜨끈한 국물이 일품인 대림국수 후기 들려 드려요 방문 일자 - 2025. 09. 10 모든 글사진동영상의 저작권은 동산동 애미네이터에게 있습니다 육아는 체력빨! 터미네이터 위에 애미네이터있다 안녕하세요, 애미네이터입니다. 가을날에 여유를 즐기고 왔던 백미당 카페 후기를 들고 왔어요!! 백미당 삼청점 영업시간 사실, 게으름이 주된 원인일 수도 있겠는데 올려야지 올려야지 그래 오늘은 올릴거야 하다보니 (뉴발란스 러닝 체험 안국역 빵집)은 이미 올렸는데.... 시간이 벌써... 이렇게 몇달이나 흘렀네요.. 맞아요. 그때의 백미당 라뛔 맛을 표현하자면요... 친구랑 러닝하고 땀내서 아이스라뛔 벌컥벌컥 했어요 개.꿀.맛 운동하고 터지는 도파민과 엔돌핀 모두 다끌어서 라떼 마시는데 써버렸어요! 안국역과 경복궁 주변의 가게와 매장들은 대한민국의 전통미와 자긍심(예예 나라부심, 자긍심까지 나왔구요) 을 느끼게 해주는 인테리어 한글 간판들 이 즐비하답니다. 일단 날씨가 완전 맑디맑은 하루여서 다 띵샷! 인생샷이라고 느껴질 정도의 화창함이었어요. 사진을 막 찍어도 그저 하늘과 햇살이 다한 느낌? 요즈음은 키오스크 없으면 이상한 시대가 되어버렸다죠 아무렇지 않게 아르바이트생에게 다가갔다가 키오스크로 다시 BACK했어요... 맞아요... 처음 온 거 티 냈어요 휘낭시에랑 까눌레가 저를 유혹했지만, 제 친구랑 저는 점심도 먹어야 하기에 간단하게 각자 마실 음료를 결제했어요! (친구 신남 주의) 1층은 주문과 디저트 메뉴를 고를 수 있는 공간만 있었다면, 2층에서 여유롭게 커피타임과 디저트 타임을 즐길 수 있는 공간이 마련되어 있어요. 한국의 멋스러움 무엇?? 관광객들이 많이 좋아할 것 같지요? 그리고 서울은 워낙 관광지로 이미 유명하기 때문에 특히 경복궁, 광화문이 밀접한 안국역같은 경우에는 관광객뿐들만 아니라 한국 분들도 무진장 많다는 점! 평일이었지만 저희가 풀 샷을 못찍고 3-4테이플 정도 이미 착석이 되어 있었어요. 전체적인 느낌과 공간 보시라고 동영상도 찰칵! 햇살이 창문 사이로 비쳐줘서 그런지 한옥의 멋스러움이 극대화되는 이 느낌적인 느낌! 다들 느낌 아니까!!! 공간에 머무는 것만으로 잠시 힐링이 되었어요. 무엇보다 운동 후 땀흘리며 라뛔 한잔(사실 맥주였어야 했는데) 커피 맛도 무엇보다 시원하고 상쾌했다는 점...! 제 친구는 파아란 하늘과 함께 인증샷 남겨줬어요! 창밖에서 볼 수 있는 한옥뷰도 안국에서 볼 수 있는 또 하나의 매력... 
몸에 좋고 맛있는건 아이가 더 잘 알아보는데요 우유 아이스크림 좋아하지 않는 레몽이가 유일하게 잘 먹는 우유 아이스크림 맛집 백미당 경복궁, 국립현대미술관, 국립민속박물관, 국립고궁박물관, 대한민국역사박물관, 광화문 등등 아이랑 삼청동 근처 갈 때마다 들리는 참새 방앗간 삼청동 한옥 카페 백미당에서 유기농 우유로 만든 여름 신메뉴 먹고 왔어요. 통통팥 빙수, 통통팥 아이스크림, 통통팥 모나카 국산 통단팥을 활용한 3가지 여름 신메뉴 이번에도 역시 레몽이 엄지 척! 성조숙증 때문에 평소 간식도 조심스러운데 유기농 우유로 만든 아이스크림과 빙수라 엄마도 마음 놓고 즐길 수 있어 더 좋은 아이와 가기 좋은 삼청동 카페입니다. 삼청점 기본 정보 삼청동 아이와 가기 좋은 한옥 카페 백미당은 횡단보도 하나만 건너면 아이와 가기 좋은 경복궁과 민속박물관이 있고, 옆으로는 국립현대미술관과 삼청동이 있어 레몽이랑 어릴때부터 정말 자주 가는 곳인데요. 평일은 10시부터 20시까지 주말 및 공휴일은 10시부터 21시까지 운영하며 라스트오더는 마감 10분 전입니다. 한옥 인테리어를 살린 카페 2층에서는 삼청동 한옥과 경복궁 돌담길이 보여서 외국인들에게도 인기가 많은 곳이기도 합니다. 여름 신메뉴로 출시된 통통팥 시리즈와 백미당 시그니처 라떼, 유기농 우유로 만든 아이스크림에 버터바, 까눌레, 휘낭시에, 끼리 크림치즈 찰떡, 모나카 등 디저트도 다양하게 있어 박물관이나 미술관 관람 후 아이 간식 먹으러 오기에도 좋아요. 동물복지 인증 목장에서 생산된 무항생제, 프리미엄 1A 등급 원유로 만든 백미당의 유기농 우유. 거의 모든 제품을 그 유기농 우유를 활용해 만든다고 하니 내 아이에게도 믿고 먹일 수 있는 건강한 간식입니다. 여름 신메뉴 통통팥 시리즈 3가지 여름 신메뉴를 모두 먹어봤는데요. 우유와 팥을 활용한 메뉴라 비슷할 듯한 데도 각각 다른 식감과 매력을 가지고 있더라구요. 국산 통단팥과 율무가루, 찹쌀떡이 올라간 통통팥 빙수 (18,000원) 개인적으로 눈꽃 얼음을 좋아하는데 바스라지지 않고 쫀득한 느낌이 드는 얼음이라 자꾸만 손이 가더라구요. 너무 맛있어서 하나씩만 먹기 아쉬운 국내산 찹쌀떡이었어요. 팥빙수의 킥은 사실 팥이잖아요. 많이 달지 않아 먹으면서 질리지 않고 아래쪽에도 통단팥이 푸짐하게 들어있어서 담백한 유기농 우유로 만든 눈꽃 얼음과 달큰한 통단팥을 번갈아 먹다 보면 순식간에 한 그릇 비우게 되는 메뉴였어요. 아이와 삼청동 한옥 카페 백미당... 
경복궁 근처에 있는 전경이 참 이쁘구 아이스크림이 넘넘 맛난 백미당 카페 후기 가져왔어요 외관은 넘나 멋스러운 한옥 느낌 들어가서 1층에서 키오스크로 주문해줍니당 받아서 2층으로 ㄱㄱ 2층 창문으로 보이는 뷰가 참 이뻐요 엄마랑 둘이 왔눈데 엄마는 아메리카노 저는 새로 나온 딸기 시리즈인 생딸기를 올린 우유아이스크림 엄마 말로는 아메리카노는 향이 아주 좋은 건 아닌데 고소하고 맛있었다고 했어용 제가 먹은 생딸기를 올린 우유아이스크림은 진짜 넘넘 맛있었어요ㅠㅠ 또 먹고시픔 일단 믿고먹는 백미당의 쫀득 달달한 우유 아스크림에 새콤달달한 설향 딸기와 달달한 딸기청은 진심 대박 맛나요","分享白彌堂餐廳（Baekmidang）和大林麵館（Daerim Noodles）的評論。白彌堂餐廳擁有傳統民宅般的魅力，陽光充足；大林麵館的熱湯更是美味絕倫。

造訪日期：2025年9月10日

本文、圖片及影片版權歸東山洞Aeminator所有。

育兒就是一場耐力挑戰！ Aeminator 比終結者還要強。

大家好，我是Aeminator。今天帶給大家白彌堂咖啡館的評論，我在秋日的午後享受了一段悠閒時光！

白彌堂三清分店營業時間

其實，懶惰可能是主要原因，但我一直想著：「我應該上傳這個，我應該上傳這個，嗯，今天就上傳吧。」我已經上傳了（新百倫跑步體驗，安國站麵包店）…但時間就這樣…幾個月過去了…

沒錯。要形容當年白彌堂拿鐵的味道……我和朋友跑完後大汗淋漓，喝了一杯冰拿鐵。

真是太好喝了！

運動後湧現的多巴胺和內啡肽全都用在這杯拿鐵上了！安國站和景福宮附近的商店裡，韓文招牌林立，內部裝潢也處處體現著韓國的傳統之美和民族自豪感（沒錯，我什至提到了民族自豪感！）。首先，那天陽光燦爛，每一張照片都美得像藝術品！陽光如此明媚，感覺就像一生難得一見的美景。即使是隨手拍的照片，也感覺是天空和陽光賦予了它們生命。如今，沒有小賣部的時代似乎都顯得有些奇怪了。我裝作若無其事地走向兼職店員，結果又轉身回到了小賣部……好吧……我這下可真是暴露了自己是第一次來。費南雪和可露麗太誘人了，但我和朋友還要吃午飯，所以就各自點了飲料！ （友情提示：我朋友超興奮！）一樓是點餐區，二樓則佈置成可以悠閒享用咖啡和甜點的空間。這是什麼韓式風格？我覺得遊客一定會喜歡，你們覺得呢？首爾本身就是著名的旅遊勝地，尤其是在靠近景福宮和光化門的安國站附近，所以這裡既有當地人也有遊客！雖然是工作日，但因為有三四桌客人，我們沒能拍到全景。我錄了個視頻，這樣你們就能感受到整體氛圍和空間了！或許是因為陽光透過窗戶照射進來，韓屋的優雅展現得淋漓盡致──那種感覺！大家都懂吧？置身其中，彷彿時間都靜止了。最棒的是，運動後一邊揮汗如雨一邊享用拿鐵（其實應該喝啤酒才對）——咖啡的口感真是無比清爽！朋友還幫我拍了張照片，背景是湛藍的天空！從窗戶望出去的韓屋景色也是安國的一大魅力……孩子們更擅長分辨健康又美味的食物。平時不愛吃牛奶冰淇淋的Remong，只有在白彌堂才能吃得津津有味。每次帶孩子到三清洞一帶，例如景福宮、國立現代美術館、韓國國立民俗博物館、韓國故宮博物館、韓國國立歷史博物館和光化門，白彌堂都是我們的必去之地。最近，我特意去了位於三清洞的韓屋咖啡館白彌堂，品嚐了他們用有機牛奶製作的夏季新品。三款夏季新品——通通紅豆刨冰、通通紅豆冰淇淋和通通紅豆最中——均採用國產紅豆，雷蒙再次豎起了大拇指！我平常因為孩子性早熟，對零食比較謹慎，但因為冰淇淋和刨冰是用有機牛奶做的，所以媽媽可以放心享用。這家位於三清洞的咖啡館非常適合帶孩子來。三清分店基本訊息

白密堂是位於三清洞的韓屋咖啡館，非常適合帶孩子來。過馬路就是景福宮和國立民俗博物館，這兩個地方都非常適合帶孩子遊玩，國立現代美術館和三清洞也近在咫尺。我的兒子雷蒙從小就常來這裡。這家咖啡館平日營業時間為10:00至20:00，週末及假日為10:00至21:00，最後點餐時間為關門前10分鐘。咖啡館也深受外國遊客的喜愛，二樓採用韓屋風格裝潢，可欣賞三清洞韓屋和景福宮石牆小徑的景色。這裡提供各式甜點，包括夏季新品「紅豆系列」、白彌堂招牌拿鐵、有機牛奶冰淇淋、黃油條、可露麗、費南雪、芝士年糕和最中餅等，是參觀完博物館或美術館後帶孩子來享用小吃的理想場所。白彌堂使用的有機牛奶採用動物福利認證農場的優質1A級生牛奶，且不含抗生素。由於他們幾乎所有產品都使用有機牛奶，所以這是我可以信賴並放心給孩子吃的健康零食。我嘗試了「通通紅豆系列」的三款夏季新品。雖然它們都使用了牛奶和紅豆，看起來可能很相似，但每種都有其獨特的口感和魅力。通通紅豆刨冰（18,000韓元）是我個人非常喜歡的一款，上面鋪滿了國產紅豆、大麥粉和糯米糕。刨冰的口感很有嚼勁，不會輕易碎裂，所以我忍不住想再來一份。國產糯米糕也非常好吃，只吃一塊實在可惜。畢竟，紅豆才是刨冰的靈魂。這款刨冰甜度適中，不會讓人覺得膩，而且底部鋪滿了大量的紅豆，搭配著清爽的有機牛奶刨冰和香甜的紅豆，我很快就吃完了一整碗。我和孩子一起去了位於三清洞的白彌堂韓屋咖啡館……今天給大家帶來的是白彌堂咖啡館的測評，它位於景福宮附近，風景優美，冰淇淋也超級好吃。咖啡館外觀很有韓屋的韻味。進門後，先在一樓的自助點餐機點餐。取餐後，再上二樓。二樓的窗外景色非常漂亮。我和媽媽一起來的；她點了一杯美式咖啡，我點了新款草莓系列牛奶冰淇淋，上面還加了新鮮草莓。媽媽說美式咖啡的味道不是很濃，但有堅果的香味，很好喝。我點的草莓牛奶冰淇淋真的超好吃，想再吃一次。首先，白彌堂一貫的口感──Q彈又香甜──搭配酸甜的雪鄉草莓和甜甜的草莓糖漿，簡直絕配。",,,백미당 삼청점,白密堂三清分店
누데이크 티 하우스,努達克茶館,카페,咖啡店,영업 전,65,160,서울 성동구 뚝섬로 433,首爾市城東區纛島路 433,성수역 3번 출구에서 892m,距聖水站3號出口892米,영업 전 11:00에 영업 시작,1660-1010,https://www.instagram.com/nu_dake/,주차,,"PETITS FOURS 34000원
155MM 26000원
BEAUTY BEAST 24000원
MUSH-RAGU 21000원
THE LOBSTER 48000원
SMOKE 24000원
PEAK SMALL 25000원
BLUE MONK 12500원
LEATHER BOOTS 12500원
THE MAFIA 12500원
CHATEAU NOIR 12500원
BLACK CARAMEL 12500원
NO.88 12500원
WHITE SUNSET 12500원
PEACH ROSIE 12500원
MANTIS 12500원
ROOI 12500원
CHAMO PILLOW 12500원
KEEMOON 13500원","小蛋糕 34,000 韓元

155毫米 26,000 韓元

美女與野獸 24,000 韓元

蘑菇肉醬 21,000 韓元

龍蝦 48,000 韓元

煙燻 24,000 韓元

小峰 25,000 韓元

藍色僧侶鞋 12,500 韓元

皮靴 12,500 韓元

黑手黨 12,500 韓元

黑城堡 12,500 韓元

黑焦糖 12,500 韓元

88號 12,500 韓元

白日落 12,500 韓元

蜜桃玫瑰 12,500 韓元

螳螂 12,500 韓元

地瓜 12,500 韓元

查莫枕頭 12,500 韓元贏了

KEEMOON 13,500 韓元","주말에 성수동 갔다가 젠틀몬스터 사옥 5층에 있는 누데이크 티하우스 다녀왔어요 결론부터 말하면 일반 카페랑은 완전히 다른 느낌이었어요 단순히 커피 마시는 공간이 아니라 묘 한 경험을 해본 느낌이였어요 전시 티룸 디저트 경험 공간 젠틀몬스터 사옥 -1층- 젠틀몬스터와 미키마우스 콜라보 팝업이 진행중 -24층- Tamburins(향수), Attissu(모자), Nuflaat(그릇) -5층- 누데이크 티하우스 방문 후기 남겨볼께요 누데이크 티하우스 위치 서울 성동구 뚝섬로 433 5F (1-4층 구경하고 4층 코너에 누데이크 티하우스 전용 엘레베이터로 5층 이동함) 영업시간 GIFTSHOP 11:00-21:00 TEA LOUNGE 12:00-21:00 주차 티라운지 이용시 주차가능 예약 일부 시간대 캐치테이블 가능 4층에 있는 누데이크 티하우스 전용 엘레베이터에요 문이 위에서 내려오는 화물 엘레베이터에요 이거 타는 순간 더 묘한 느낌들어요 입장부터 체험이 시작되는 기분이였어요 지난번 블로그에 올렸던 티 틴케이스가 진열되어있었어요 ㅋ 엘레베이터에서 내리자마자 GIFTSHOP이 있어서 향수처럼 티를 시향, 시음할수 있고 구매도 가능했어요 티라운지 입장하기 위해 대기등록했어요 저희는 현장웨이팅으로 들어갔어요 (토요일 2시반쯤 , 대기시간 10분정도 ) 주말인데 운이 좋았던 거 같아요 매장분위기 높은 층고, 미술관 같은 분위기 일반까페처럼 시끌벅적하지 않고 조용한 분위기 우주 공간의 어디쯤인 듯한 인테리어 독특한 디자인의 의자,테이블, 식기류, 소품 좌석 간 간격 넓음 계속 감탄하면서 여기 뭐든 비쥬얼이 정말 압도적이였어요 카페보다 미술관 라운지 느낌이였어요 주문방식 시향 테스터 (향수처럼 티를 시향해서 골라요) 메뉴는 태블릿으로 주문 메뉴 -티메뉴는 12가지정도, 12,500원 -디저트 종류는 8가지정도 2-4만원대 티메뉴- 1인 1메뉴 필수 예전에 티세트를 먹어봐서 생소하지 않았어요 카페인 없는 티종류도 있고 핫 아이스 선택 가능합니다 디저트 메뉴 155mm 신발 : 천도복숭아와 자몽, 살구콩포트의 작은케이크 바나나 : 장미 무스 바나나라임 콩포트의 작은 케이크 감탄할 정도의 비쥬얼과 고급스러운 맛이였어요 디저트 메뉴 뷰티앤비스트 미녀와야수를 연상시키는 모양의 바닐라아이스크림과 애플파이입니다 먹는 디저트라기보다 보는 디저트라는 느낌 결제후 (자리에서 결제가능) 뚜껑이 있는 미니 그릇를 가져다 주셨는데... 
해가 지나서 올리는 성수 누데이크 티 하우스 후기. 기억을 더듬어... 성수 누데이크 티 하우스 웨이팅, 주차, 메뉴 등 기록해보려한다. 성수 누데이크 티 하우스는 하우스 노웨어 5층에 위치해있다. 입구 쪽에 차 컬렉션들을 직접 시향하고 살펴볼 수 있는 공간이 있고 다양한 패키지들도 있어 선물용으로도 좋아 보였다. 누데이크 티 하우스 성수의 티 컬렉션들은 네이밍부터 향까지 독창적이었고 마치 하나의 작품 같기도 했다. 선물할 차를 샀는데 이때 사전 주차정산도 가능했다. 주차는 하우스 노웨어 건물 내 지하 주차장에 가능하며 제품 구입 시 최대 2시간 무료이고 이외에 시간은 10분당 1,000원..! 성수 누데이크 티 하우스 웨이팅은 캐치 테이블로 할 수 있는데 1층 탬버린즈 구석 쪽에 패드가 있으니 먼저 웨이팅 걸어놓고 하우스 노웨어 구경하면 좋다. 참고로 하우스 노웨어 오픈은 11시, 누데이크 티 하우스 성수의 티 라운지는 12시에 시작하니 오픈 11시에 웨이팅 걸어놓고 한 시간 정도 사진도 찍고 구경하니 딱이었다. NU DAKE TEA HOUSE 누데이크는 패션과 아트에서 받은 영감으로 새로운 판타지를 만드는 티디저트 브랜드입니다. 누데이크 티 하우스는 티를 중심으로 한 누데이크의 다양한 시도를 선보이는 공간입니다. 이곳에서는 대담한 시선과 절제된 우아함으로 완성한 센티드 티와 디저트 페어링을 경험하실 수 있습니다. 누데이크를 통해 무뎌진 감각이 선명해지고, 잊고 있던 당신만의 이야기가 조용히 깨어나길 바랍니다. SF 영화? 속 한 장면 같던 누데이크 티 하우스. 제일 먼저 나온 건 SMOKE. 이름에 걸맞게 마치 마피아 영화 소품인가 싶던 디저트. 같이 제공된 블랙 티 이름도 더 마피아라는 점이 재밌다. 누데이크의 상징적인 디저트인 PEAK SMALL. 다른 누데이크 지점에서도 판매하지만 먹어본 적이 없어 주문했다. 부드러우면서 쌉쌀한 말차 크림과 패스츄리 조합이 굿. BEAUTYBEAST 직관적인 네이밍과 비주얼인 동시에 기발하기도 한 누데이크 티 하우스 디저트들. 장미는 애플파이고 가시 줄기 모양은 초콜릿 코팅에 아이스크림이라 모양에 비해 낯설지 않은 맛이라 좋았다. 누플랏 식기로 제공되어 누데이크 티 하우스만의 분위기가 한층 더 잘 느껴졌고 국내에서 보기 힘든 독보적인 곳이라 한 번쯤 방문할 가치가 있지 않나 싶다. 물론 공간이 주는 재미가 있어 아이랑 다녀오기도 괜찮았다. 마지막 깨알 포인트인 하트 민트 캔디로 마무리..!
성수 핫플레이스 누데이크 티하우스 성수동 카페 누플랏 테이블웨어 새로운 영감과 경험을 선사하는 HAUS NOWHERE SEOUL 누데이크 티하우스에서의 특별한 경험 시간이 부족할 정도로 볼 것이 많은 성수 핫플레이스 누데이크 티하우스와 전시장을 보고왔어요. 참신하면서도 미래 지향적인 디자인이 신선한 충격이었어요. 젠틀몬스터 신사옥 위치, 주차 성수역 3번 출구에서 10분 거리에 새로 오픈한 젠틀몬스터 신사옥 하우스노웨어 서울입니다. 14층인데 1층 5층까지 개방되어 있어요. 빌딩 맞은편에는 아티스트 맥스 시덴도프의 설치작품이 있어서 외부부터 볼 것 많은 성수 핫플레이스에요. 주차는 30분 무료이고 추가 10분당 1,000원 제품 구매시 2시간 무료입니다. 누데이크 티하우스 주소 서울 성동구 뚝섬로 433 전화번호 1660-1010 영업시간 11:0021:00 주차 30분 무료, 제품구매시 2시간 무료 추가요금 10분당 1,000원 요약영상 보고가세요! 1층 로비부터 5층 티하우스까지 1층 전시장에는 미래지향적인 로봇들과 거대한 강아지가 전시되어 있어요. 성수동 카페 누데이크 티하우스 5층으로 올라갑니다. 엘리베이터 업 다운 단추도 화재 비상벨을 연상 시키는 모양이에요. 이 건물에는 독특하지 않은게 없어요. 엘리베이터에는 안내 직원이 있어요. 티하우스 대기와 티매장 5층 엘베에서 내리자 마자 이런 풍경이 펼쳐집니다. 예식장 같기도 하고 음악회 대기 공간 같기도 해요. 바로 입장할 수는 없고 대기 등록을 해야 합니다. 대기 등록을 하는 카운터가 있고 왼쪽은 성수동 카페 누데이크 티 하우스가 있고 오른쪽은 티 매장이에요. 누데이크 센티드 티 짙은 보라색이 시그니처 컬러인 성수 핫플 티 매장이에요. 누데이크 티 하우스에서 새로 개발한 센티드 티의 향을 맏아 볼 수도 있고 구입도 가능해요. 티 설명도 자세히 적혀 있고 뚜껑을 들어서 향을 맡아볼 수 있어요. 누데이크 티 하우스의 다양한 티를 맛볼 수 있는 티백세트에요. 3만원대라 부담없는 선물로 좋을 것 같아요. 티백이 아닌 티잎이 들어 있는 장미틴도 예쁘죠? 웨이팅 시간에 티매장과 아래층 누플릿과 템버린즈, 젠틀몬스터 등을 구경하면 시간 금방 갑니다. 카멜레온 손잡이의 티보관 용기도 고급스러워요. 성수동 카페 누데이크 티하우스 웨이팅 등록하고 나서 15분 정도 지나서 카톡이 와서 티하우스에 입장했어요. 오픈 초기보다는 웨이팅 덜하다고 해요. 이 날은 평일 오후였어요. 난 민트색 커튼이 적응이 안되더라구요. 커튼 아니고 심플하게...","我週末去了聖水洞，參觀了位於 Gentle Monster 大樓五樓的 Nudake Tea House。首先要說的是，它和普通的咖啡館完全不同。這裡不只是喝咖啡的地方，更像是獨特的體驗。它集展覽、茶室、甜點和體驗空間於一體。 Gentle Monster 大樓——一層：Gentle Monster 和米奇的聯名快閃店正在營業中；24 層：Tamburins（香水）、Attissu（帽子）、Nuflaat（餐具）；5 層：我會在這裡寫下我在 Nudake Tea House 的體驗評價。 Nudake茶館地址：首爾市城東區纛島路433號5樓（逛完1-4樓後，我搭乘位於4樓角落的Nudake茶館專用電梯前往5樓）。營業時間：禮品店 11:00-21:00；茶室 12:00-21:00。停車：使用茶室時可使用停車位。預約：可在特定時間內預訂座位。這是位於4樓的Nudake茶館專用電梯，是一部貨梯，門從上方放下。進入電梯的那一刻，更讓人感到神秘。感覺體驗從我們踏入的那一刻就開始了。上次我在部落格上提到的茶葉罐也擺放在這裡，哈哈。出電梯後，我們來到禮品店，在那裡可以像購買香水一樣聞香、品嚐和購買茶葉。我們登記了茶室的等候名單。我們是透過現場排隊進入的（週六下午2:30左右，等了大約10分鐘）。我覺得我們週末運氣不錯。店裡的氛圍很棒，挑高的天花板營造出藝術畫廊的感覺。這裡不像一般的咖啡館那麼吵雜，而是很安靜。內部裝潢彷彿置身於外太空。椅子、桌子、餐具和擺設都設計獨特，座位之間的間距也很寬敞。我一直在驚嘆，這裡的一切都令人嘆為觀止。與其說是咖啡館，不如說更像藝廊的休息室。點餐方式：先試聞茶葉（像聞香水一樣聞來選）。菜單點餐透過平板電腦完成。菜單：- 約12種茶，12,500韓元。 - 大約8種甜點，價格在20,000到40,000韓元之間。茶飲單：- 每人必點一份。我之前點過一套茶飲，所以並不陌生。這裡提供不含咖啡因的茶飲，您可以選擇熱飲或冰飲。甜點菜單：155mm鞋子：一款小蛋糕，配上油桃、西柚和杏子果醬。香蕉：一款小蛋糕，配上玫瑰慕斯和香蕉青檸果醬。視覺效果驚艷，口感奢華。甜點菜單：美女與野獸：香草冰淇淋和蘋果派，造型為美女與野獸。感覺更像是一道賞心悅目的甜點，而不是可以吃的。付款後（可以在餐桌上付款），他們為我們端了一個帶蓋的小碗…

一年後，我寫下了對聖水Nudake茶館的評論。回想起當時的情景…我打算記錄聖水Nudake茶館的等位時間、停車狀況、菜單等等。聖水Nudake茶館位於House Nowhere的5樓。入口附近有一個區域，可以直接聞到並仔細查看各種茶葉，而且包裝精美，看起來是購買禮物的絕佳去處。聖水裸茶屋的茶葉從命名到香氣都獨具特色，宛如藝術品。我買了一些茶葉當禮物，當時可以提前支付停車費。停車場位於House Nowhere大樓的地下停車場。購物後可免費停車兩小時，之後每10分鐘收費1000韓元。您可以透過Catch Table在聖水裸茶屋預約等位；一樓Tamburins角落裡有一個預約台，建議您先在等位名單上登記，然後再去House Nowhere逛逛。作為參考，House Nowhere上午11點開門，Nudake Tea House Seongsu的茶室中午12點開始營業，所以我上午11點去排隊，花了一個小時左右拍照逛逛，時間剛剛好。 Nudake Tea House：Nudake是一個以時尚和藝術為靈感，打造全新幻想的茶點品牌。 Nudake Tea House是個展示Nudake以茶為核心的各種創意空間。在這裡，您可以體驗到以大膽視角和內斂優雅完美呈現的香氛茶與甜點搭配。我們希望透過Nudake，您遲鈍的感官能夠變得更加敏銳，您塵封已久的故事也能悄然甦醒。 Nudake Tea House給人的感覺就像是科幻電影裡的場景。第一個上桌的是「SMOKE」。正如其名，這道甜點看起來就像是黑幫電影裡的道具。更有趣的是，搭配的紅茶竟然被命名為「黑手黨」。接下來是Nudake的招牌甜點PEAK SMALL。雖然其他Nudake分店也有販售，但我還是點了，因為我之前沒嚐過。抹茶奶油綿軟微苦，搭配酥皮，味道絕佳。 BEAUTYBEAST：Nudake茶屋的甜點不僅造型巧妙，命名也十分直觀。玫瑰花其實是蘋果派，帶刺的莖狀造型則是巧克力冰淇淋；我喜歡它雖然外型奇特，但味道卻很熟悉。以Nuflat餐具盛裝，更增添了Nudake茶屋獨特的氛圍。這家店在韓國並不常見，我覺得至少值得去一次。當然，店裡輕鬆愉快的氣氛也讓它成為帶孩子遊玩的好去處。最後，還有一個小驚喜：一顆心型薄荷糖！聖水熱門景點 Nudake 茶館、聖水洞咖啡廳 Nuflat 餐具。 HAUS NOWHERE SEOUL，為您帶來全新靈感與體驗。 Nudake 茶館的特別體驗。我參觀了 Nudake 茶館和展覽廳，聖水熱門景點，精彩紛呈，時間幾乎不夠用。新穎又充滿未來感的設計令人耳目一新。 Gentle Monster 新總部位置及停車資訊。 HAUS NOWHERE SEOUL 是新開幕的 Gentle Monster 總部，距離聖水站 3 號出口步行 10 分鐘。大樓共有 14 層，其中 1 至 5 層對外開放。大樓對面是藝術家 Max Sidendorf 的裝置藝術作品，使這裡成為聖水熱門景點，即使從外面也有很多值得一看的地方。停車 30 分鐘免費，之後每 10 分鐘加收 1,000 韓元；購物可免費停車 2 小時。 Nudake茶館地址：首爾市城東區纛島路433號 電話：1660-1010 營業時間：11:00 - 21:00 停車：30分鐘免費，購買商品可免費停車2小時。之後每10分鐘收費1000韓元。觀看簡介影片！從一樓大廳到五樓茶館，一樓展廳陳列著未來感十足的機器人和一隻巨型犬。我們正前往位於聖水洞的Nudake茶館五樓。就連電梯的上下按鈕都設計成火警鈴的形狀。這棟大樓裡處處都別具一格。電梯裡還有服務員。茶館等候區和茶室：從五樓的電梯出來，眼前便是這番景象。這裡看起來像個婚禮大廳或是音樂會的等候區。你不能直接進去，必須先登記排隊。登記排隊的櫃檯就在那裡；左邊是Nudake茶屋，右邊是茶店。 Nudake香氛茶是聖水一家很潮的茶店，以深紫色為標誌色。你可以聞到Nudake茶屋新研發的香氛茶，並購買它們。店內提供詳細的茶葉介紹，你也可以打開蓋子聞一聞。這是一套茶包套裝，可以讓你品嚐Nudake茶屋的各種茶。價格在3萬韓元左右，是一份很棒的平價禮物。裝散裝茶葉而不是茶包的玫瑰鐵罐也很漂亮，不是嗎？如果你在茶店和樓下的商店（例如Nuplet、Tamburins和Gentle Monster）逛逛，等待的時間就會過得很快。帶有變色龍把手的茶罐也很高檔。我在聖水洞的Nudake茶館登記了等位，大約15分鐘後，我收到了KakaoTalk訊息，然後就進去了。據說現在比剛開業的時候等位時間短多了。那天是工作日的下午。我實在接受不了那薄荷綠的窗簾。我希望它們是簡單的款式，而不是窗簾…","누데이크는 패션과 아트에서 받은 영감으로 새로운 판타지를 만드는 티&디저트 브랜드입니다. '누데이크 티 하우스'는 티를 중심으로 한 누데이크의 다양한 시도를 선보이는 공간입니다. 이곳에서는 대담한 시선과 절제된 우아함으로 완성한 센티드 티와 디저트 페어링을 경험하실 수 있습니다. 누데이크를 통해 무뎌진 감각이 선명해지고, 잊고 있던 당신만의 이야기가 조용히 깨어나길 바랍니다.",,누데이크 성수,努達克聖水
누데이크 하우스 노웨어 도산,Nuday House Nowhere 破產,"카페,디저트",咖啡館，甜點,영업 전,3112,2549,서울 강남구 압구정로46길 50 하우스 노웨어 도산 B1층,"House Nowhere Dosan B1, 50 Apgujeong-ro 46-gil, Gangnam-gu, Seoul",압구정로데오역 5번 출구에서 589m,距狎鷗亭羅德奧站5號出口589米,영업 전 11:00에 영업 시작,1660-1010,https://www.nudake.com/,"주차,발렛파킹,포장,남/녀 화장실 구분",,"PEAK CAKE 42000원
OKRA 25000원
PEAK SMALL 25000원
WHITE PEAK SMALL 28000원
WHITE TRUFFLE 15000원
VANILLA MOON 15000원
COLUMN 23000원
SAINT HONORE NOIR 40000원
CAULI CAKE 40000원
OIK 15000원
PIECE 12000원
NU BRULEE 8000원
TART MOON 8000원
NOIR 8000원
TOMATO 1 12000원
TOMATO 2 12000원
COLOSSEO SMALL 15000원
FOG SMALL 15000원
LYCHEE LAVENDER ADE 8000원
YUJA GREEN ICED TEA 7500원
CREAMY BLACK LATTE 9000원
CREAMY MATCHA LATTE 9000원
FRUITEA ADE 7500원
DUTCH LATTE 9000원
PEAK GREEN TEA LATTE 8000원","峰形蛋糕 42,000 韓元

秋葵 25,000 韓元

峰形小蛋糕 25,000 韓元

白峰形小蛋糕 28,000 韓元

白松露蛋糕 15,000 韓元

香草月餅 15,000 韓元

柱形蛋糕 23,000 韓元

聖奧諾雷黑巧克力蛋糕 40,000 韓元

花椰菜蛋糕 40,000 韓元

OIK 15,000 韓元

PIECE 12,000 韓元

焦糖布丁 8,000 韓元

月餅 8,000 韓元

黑巧克力 8,000 韓元

番茄 1 12,000 韓元

番茄 2 12,000 韓元

COLOSSEO 小蛋糕 15,000 韓元

FOG 小蛋糕 15,000 韓元

荔枝薰衣草汽水 8,000 韓元

柚子綠茶冰飲 7,500 韓元

奶油黑拿鐵 9,000 韓元

奶油抹茶拿鐵 9,000 韓元

水果茶 7,500 韓元

荷蘭拿鐵 9,000 韓元

峰牌綠茶拿鐵 8,000 韓元","청담에서 저녁 먹고 이동한 곳은 누데이크 하우스. 성수점이든 도산점이든 늘 궁금했던 곳이라 바로 가보기로 했어요. 발렛 맡기고 길 건너 스와로브스키 매장 앞이 너무 예뻐서 일단 사진부터 한 컷. 그리고 카페로 입장. 1층의 전시와 지하 카페, 23층 젠틀몬스터, 4층 탬버린즈까지 채워져있는 공간을 볼수록 왜 사람들이 힙하다고 하는지 바로 느껴져요. 감각적이고 세련된 분위기라 그냥 둘러보는 것만으로도 재미있어요. 디저트는 또 왜 이렇게 예쁘죠? 눈도 입도 만족. 미니 크로와상은 4개 한 봉투로 판매하길래 친구랑 하나씩 사서 나눠 먹었어요. 친구가 또 한 봉투를 가족들이랑 나눠 먹으라며 챙겨줬는데 제가 크로와상 들고 간다 하고 패밀리 톡 보냈다가 욕 먹음ㅋㅋ 뒤돌아 몰래 보니 사진 찍고 있더라구요. 장난꾸러기 내 친구야 너의 장난 성공 이곳은 2011년 한국에서 설립된 패션 아이웨어 브랜드 젠틀몬스터의 도산점으로, B1 누데이크 카페 13F 젠틀몬스터 4F 탬버린즈 까지 글로벌 MZ들이 좋아하는 브랜드를 한 번에 경험할 수 있는 복합문화공간이에요. 영업시간 매일 11:0021:00 (라스트오더 20:45) https:m.place.naver.comrestaurant1067286803?entryplt
안녕하세요. 슝스예요. 오늘은 디저트 맛집을 소개해볼게요. 위치 - 서울 강남구 압구정로46길 50 하우스 노웨어 도산 B1층 - 압구정로데오역 5번 출구 도보 10 - 15분 영업시간 - 월 일 : 11:00 21:00 - 20: 45 라스트오더 공식 홈페이지 - https:www.nudake.com 인스타그램 - NUDAKE(nudake) Instagram 사진 및 동영상 누데이크 하우스 도산은 일반적인 카페와는 사뭇 다른 분위기였어요. 입구에 들어서자마자 느껴지는 느낌이 카페보다는 전시 공간이나 쇼룸에 온 듯한 느낌이 들었습니다. 전체적으로 현대적인 느낌이 강하게 들었던 카페 분위기였고 공간 자체가 넓어 개방감 역시도 느낄 수 있었던 카페였습니다. 매장 가운데 있는 디저트 진열대에 디저트들이 작품처럼 배치되어 있어서 구경하는 재미도 쏠쏠했던 카페였네요. 누데이크 하우스 도산은 창의적인 디저트로 유명한 곳이에요. 특히 케이크로 유명한 카페여서 입구에 들어서자마자 여러 종류의 케이크가 진열되어 있는 걸 만나볼 수 있습니다. 가장 유명한 메뉴는 피크 케이크 시리즈로 누데이크의 시그니처 메뉴 디저트입니다. 안 드셔보신 분들이라면 해당 케이크 추천드리고 싶네요. 저희도 다른 것보다는 피크 스몰 케이크를 제일 먼저 주문해서 먹어봤습니다. 이번에 주문한 메뉴는 화이트 피크 스몰 케이크예요. 이 케이크는 누데이크의 시그니쳐 케이크 중 하나인데 실제로 보니 눈 덮인 산이 떠오르는 비주얼이었습니다. 정말 독특한 비주얼이었네요. 비주얼 때문에 어떻게 먹어야 할지 고민하고 있었는데, 다행히 먹어보신 분이 있어서 케이크 커팅을 직접 해주셨어요. 참고로 누데이크 케이크는 과감하게 잘라서 약간 지저분하게 먹어줘야 제 맛이라고 합니다. 실제로 맞는 지는 모르겠지만 참고하시면 좋을 거 같아요. 아무튼 이렇게 컷팅한 케이크는 너무 묽지도, 그렇다고 지나치게 되지도 않아 꾸덕함의 정도가 상당히 적절한 편이었습니다. 전체적으로 빵에 부드럽게 발릴 정도의 질감이었고, 입안에서는 살살 녹듯 부드러운 느낌의 크림이었습니다. 크림의 부드러움도 인상적이었지만, 케이크 시트가 크루아상처럼 여러 겹의 레이어로 이루어져 있어 씹는 식감이 정말 좋았습니다. 또한 단맛이 강하지 않아 부담 없이 먹기 좋은 디저트 중에 하나였습니다. 전체적으로 과하지 않으면서더 은근히 중독성 있는 맛이라, 아무 생각 없이 먹다 보면 계속 손이 가서 정신줄 놓게 되는 케이크였습니다. 누데이크 하우스 도산은 창의적인 디저트...","在清潭洞吃完晚餐後，我們去了Nudake House。我一直很好奇聖水和島山的分店，所以決定馬上去看看。把車交給代客泊車員後，我先拍了張照片，因為街對面施華洛世奇店前的景色太美了。然後，我走進了咖啡館。環顧四周——一樓是展覽空間，地下一層是咖啡館，23樓是Gentle Monster，4樓是Tamburins——我立刻明白了為什麼人們稱它為「潮店」。這裡的氛圍時尚而精緻，光是看看就讓人心情愉悅。而且，甜點為什麼這麼漂亮？真是既賞心悅目又美味可口。迷你牛角包是四個一袋賣的，我和朋友一人買了一個一起分享。朋友還幫我打包了一袋，說要帶回家給家人，但我發訊息告訴家人我要把牛角包帶走，結果被他們罵了一頓，哈哈。我偷偷轉過身，發現自己在拍照。我調皮的朋友，你的惡作劇成功了！這裡是 Gentle Monster 的島山分店，Gentle Monster 是於 2011 年在韓國創立的時尚眼鏡品牌。這是一個多元文化空間，您可以在這裡一次性體驗到全球 MZ 們喜愛的品牌，從 B1 層的 Nudake Cafe 和 13 層的 Gentle Monster，到 4 層的 Tamburins，應有盡有。營業時間：每日 11:00 - 21:00（最後點餐時間 20:45）https:m.place.naver.comrestaurant1067286803?entryplt

大家好，我是 Shungs。今天，我要為大家介紹一家很棒的甜點店。地點 - 首爾市江南區狎鷗亭路46街50號，House Nowhere Dosan B1樓 - 從狎鷗亭羅德奧站5號出口步行10-15分鐘

營業時間 - 週一至週日：11:00 - 21:00 - 20:45（最後點餐時間）

官方網站 - https://www.nudake.com

Instagram - NUDAKE(nudake) Instagram

照片和影片

Nudake House Dosan 與一般的咖啡館氛圍截然不同。一踏入店內，我感覺彷彿置身於一個展覽空間或展覽廳，而非咖啡館。整體氛圍充滿現代感，寬敞的空間也給人一種開闊的感覺。甜點如同藝術品般擺放在店鋪中央的展示架上，讓人賞心悅目。 Nudake House Dosan 以其創意甜點而聞名。這家店以蛋糕聞名，一進門就能看到琳瑯滿目的蛋糕。其中最著名的當屬“峰頂蛋糕系列”，這是Nudake的招牌甜點。如果你還沒嚐過，我強烈推薦這款蛋糕。我們這次也先點了「峰頂小蛋糕」嚐嚐鮮，而不是點別的。這次我們點的是「白峰小蛋糕」。這是Nudake的招牌蛋糕之一，實體看起來就像一座白雪皚皚的山峰，非常獨特。我一開始還納悶該怎麼吃呢，幸好有位之前吃過的人幫我們切開了。順便一提，據說享用Nudake蛋糕的正確方式是大膽地切開，然後隨意地吃。我不知道這種說法是否屬實，但或許可以記住一下。總之，這樣切開之後，蛋糕的口感既不會太稀也不會太濃稠，甜度也恰到好處。整體而言，蛋糕質地柔軟，很容易塗抹在麵包上，奶油入口即化。奶油的滑順度令人印象深刻，而蛋糕層數眾多，如同牛角麵包一般，因此咀嚼起來口感極佳。此外，甜度適中，不會過於甜膩，是一款讓人輕鬆享用而不會感到負擔的甜點。總而言之，它的味道並不濃烈，卻又令人欲罷不能；這是一款讓人無法自拔、忍不住一口接一口的蛋糕。 Nudake House Dosan 真是一款創意十足的甜點…","절제된 무드와 여백의 밸런스가 돋보이는 누데이크의 국내 첫 플래그십 스토어는 <TASTE OF MEDITATION>을 테마로 미각에 집중할 수 있는 분위기를 선사합니다.

공간 중앙을 가로지르는 긴 테이블 위에는 브랜드 슬로건인 'Make New Fantasy'를 담아 완성한 새로운 개념의 디저트들이 자리하고 있습니다.",,누데이크 성수,努達克聖水
하우스 노웨어 도산,House Nowhere 破產,종합도소매,一般批發零售,영업 전,732,288,서울 강남구 압구정로46길 50,首爾特別市江南區狎鷗亭路46街50,압구정로데오역 5번 출구에서 568m,距狎鷗亭羅德奧站5號出口568米,영업 전 11:00에 영업 시작,1660-1010,,"단체 이용 가능,발렛파킹,포장,주차",,,#VALUE!,"팝찌가 소개하는 팝업스토어의 키워드(팝키) 컬렉션을 소개하는 장소인데, 식물 냄새가 나는 이유 안녕하세요 항상 같은 일상에서 벗어나 색다른 볼거리가 필요한 여러분을 위해 이색적인 감성을 전하는 팝업을 소개하는 팝찌입니다 날씨가 추워서 야외활동은 쉽지 않은데 이를 위해 실내 놀거리를 도전하지만 자연의 맛을 느끼기 어렵죠. 또한 연인이라고 해도 둘다 원하는 성향이 다르죠! 이를 위해서 야외활동과 실내활동을 병행하지만 서로 신나게 놀 곳은 많지 않습니다! 하지만 압구정로데오 놀거리로 떠오른 젠틀몬스터 2026년 부케 컬렉션 전시 팝업에서 논다면 이들의 마음을 사로잡을 수 있을 것으로 보이는데요! 우선 압구정로데오 놀거리로 떠오른 젠틀몬스터 2026년 부케 컬렉션 전시 팝업은 실내에서 식물원이 펼쳐지고 있다는데요! 그렇다면 이곳은 실내인데 어떻게 식물원 분위기를 자아내는지 이 팝찌가 알려드릴게요 목차 1. 실내에서 식물원이? 압구정로데오 놀거리로 떠오른 젠틀몬스터 2026년 부케 컬렉션 전시 팝업 요약 2. 기본 정보 3. 구성 4. 연인끼리 놀기 팁 1. 실내에서 식물원이? 압구정로데오 놀거리로 떠오른 젠틀몬스터 2026년 부케 컬렉션 전시 팝업 요약 1) 압구정로데오에서 놀거리를 찾는다면? 압구정에서는 다양한 플래그십이 위치하며 자신들의 제품의 매력을 알리고 있습니다 그중에서 주목을 받는 곳들이 있다면 팝업스토어를 진행하는 곳이라고 할 수 있죠 이런 곳의 장점이라고 하면 제품 홍보에 집중하지 않고 방문자들의 경험을 중심으로 다채로운 체험거리를 제공합니다! 이러한 체험거리는 고가로 이뤄진 명품들을 친숙한 분위기 속에서 구경할 수 있으며 더 나아가 브랜드 이미지 제고로 이어질 수 있습니다. 그렇다면 젠틀몬스터 2026년 부케 컬렉션 전시 팝업에서 어떤 체험거리가 여러분을 기다리고 있을까요? 2) 어디서 식물냄새 안 나요? 우선 젠틀몬스터는 플래그십을 운영하고 있지만 자신들의 컬렉션을 알리는 팝업을 주기적으로 진행하고 있습니다. 이번에는 부케 컬렉션을 알리는 팝업으로 이 컬렉션을 자연스럽게 전시형태로 녹여내며 제품을 착용하기 전에 어떤 스타일인지 한눈에 볼 수 있었습니다! 자연스럽게 다양한 아이템들을 경험하는 압구정로데오 놀거리인데요! 실내에서 식물원이 펼쳐지는 이곳에서 어떤 볼거리가 여러분을 기다리고 있을까요? 3) 다양한 사람들의 마음을 사로잡다 우선 연인이라면 한 사람은 식물원을 좋아하고 한 사람은 전시를 좋아한다면 어울리는... 
사실 압구정로데오역과 인근 도산공원주변은 걷기만 해도 재밌는 일이 일어나는 느낌이에요. 전시를 좋아하다보니 갤러리 투어하는 재미도 있지만 브랜드 매장도 꽤 볼게 많아보입니다. 12월의 까르띠에는 뭔가 으리으리하네요. 옆에있는 다른 건물에 가야하는데, 괜히 여기서 발걸음을 멈추게 하는 힘이 있어요. 페르가모, 샤넬매장외관도 재밌네요. 갤러리아백화점은 가끔씩 팝업행사를 하기도 하고 볼만한게 많아서 명품 살 생각 없어도 기웃거리게 되는 곳이죠. ㅋㅋㅋ 근데 크리스마스 무렵에는 백화점 앞 트리(?)가 매년 눈길을 끌어요. 올해는 오르골같은게 있네요. 갤러리아백화점 지하1층은 푸드코트인데 요즘 트리를 파네요. 괜히 보고만 있어도 마음이 몽글몽글... 12월 얼마 안남았으니까 이 감성 열심히 즐겨야죠. 그나저나 시간이 진짜 빠르다고 느끼는게.. 이 아래 사진이 벌써 몇달전이라는 거. 압구정로데로 도산공원 인근에 가면 종종 들르는 몇군데가 있는데요. 그중 한군데가 하우스노웨어도산 또 한군데는 케이스티파이 도산매장이에요. 사실 여기가 재밌는 이유는 가끔씩 바뀌는 전시장이 매번 새로운 포토존이 되어주고 있기 때문인데요. 한여름의 케이스티파이. 저는 무라카미 다카시의 귀여운 팝아트를 정말 좋아하는데요. 어느순간부터인가 압구정로데오 거리를 뒤덮었더라구요. 시작은 이스트도산(루이비통)이었건 것 같은데 그다음엔 케이스티파이가 무라카미월드. 온통 분홍빛이 됐네요. 케이스티파이는 사실 폰케이스만 파는 곳이 아니었어요. 케리어도 판매중이더라구요. 지하1층으로 내려가면 마치 우주선안에 들어온 것같은 기분이 듭니다. 이 안에는 카이카이, 키키가 있는 아지트인듯 한데요. 카이카이 키키 컬렉션이라고 하는데요. 토끼같은 귀를 가진 아이는 카이카이라고 한답니다. 둥근귀를 가진 아이는 키키래요. 사실 카이카이, 키키는 누워서 폰을 보는 것 같은데 폰 안쪽은 거울이라 요렇게 거울셀카도 찍을 수 있구요. 거울이라 엄청 커보이는데 사실 좁은 사각형의 공간. 뭔가 이상한 세상속으로 들어온 기분이었어요. 까꿍! 여긴 엘리베이터 안입니다. 계절이 바뀌고 다시 가보니 여전히 무라카미월드, 이긴 하지만 .. 뭔가 가을스러운 분위기로 바뀌렀다는 생각이 들더라구요. 여전히 리듬감이 느껴져 신나긴 합니다. 방석이 진짜 귀여워요. 하우스노웨어도산은 케이스티파이 도산점에서 얼마 안떨어진 곳에 있습니다. 역시 여름에 갔을때는 슈슈통이라는 브랜드 팝업이 열리고 있었는데 포토존이 너무... 
하우스도산 글,사진,영상 아연니 안녕하세요. 여행인플루언서 아연니에요 ( ) 서울 이색 실내 데이트 장소로 감각적인 놀거리 가득한 복합문화공간 하우스도산에 다녀왔어요. 압구정로데오에 위치한 이곳은 감도 높은 브랜드가 모인곳으로 패션,뷰티, 카페까지 한자리에서 즐길 수 있는 압구정 데이트 장소에요. 서울 실내데이트로 가기 좋은 이곳을 소개해드릴게요! 여행지 영상 맛보기 기본정보 위치 압구정로46길 50 운영시간 11:00 21:00 문의 070-4128-2126 방문 전 알아야할 여행팁 압구정 놀거리가 많은 이색 데이트 장소 예약없이 이용가능 서울 이색데이트 서울 이색데이트로 방문하기 좋은 하우스 도산은 압구정로데오거리에 위치한 복합문화공간이에요. 젠틀몬스터로 유명한 아더에러,탬버린즈,누데이크 등 감각적인 k-브랜드들이 함께 구비된 복합문화공간이에요. 라이프스타일을 경험할 수 있도록 설계된 공간으로 지하 1층부터 지상 3층까지 각기 다른 콘센트의 브랜드과 전시, 카페, 매장으로 구성되어있어요. 하우스도산 층별안내 하우스도산은 지하1층부터 4층으로 된 서울 실내데이트 장소인데요. 하우스 도산의 대표 브랜드 젠틀 몬스터를 포함해 핫한 니치 향수 브랜드 탬버린즈, 힙한 디저트 브랜드 누데이크까지 층별로 둘러보기 좋아요. 현재 1층 라운지에서는 매번 다른 팝업스토어가 열리고 있는데요. 제가 방문한 날에는 과거와 미래를 느낄 수 있는 특수한 기계 팝업이 진행되고 있더라구요. 탬버린즈 하우스도산 4층 위치 국내에서 핫한 향수브랜드 탬버린즈는 5층에 올라가자마자 향긋한 향이 코끝을 찔렀는데요. 평소 궁금했던 제품들이 실물로 준비되어있어 시향이 자유로웠어요. 감각적인 설명과 함께 제품들이 전시되어있어서 시향이 자유롭고 구경하는 재미가 있었는데요. 같은 형태의 제품이라도, 각기 다른 향을 가지고 있어서 계속 비교하면서 맡기 좋았어요. 손 세정제 제품도 준비되어있는데 색감과 비쥬얼이 너무 예쁘더라구요. 일반 손세정제 특유의 냄새 없이 잔향까지 고급스러워서 여러번 손을 씻어보았어요. 감각적인 인테리어 소품이 곳곳에 배치되어있어서 구경하는 재미도 가득! 젠틀몬스터 하우스도산 23층 보자마자 깜짝 놀랐던 로봇랩이에요. 모형이지만 눈이 마주칠때마다 심장이 쿵! 할정도로, 신기한 느낌이 들더라구요. 2,3층은 젠틀몬스터 쇼룸으로 다양한 제품들이 위치해있어요. 안경, 선글라스 매장과 동시에 미디어아트, 조형 작품이...","為什麼在快閃店裡能聞到植物的芬芳？ （Pop-Keys）

大家好，這裡是Pop-zzi，為那些想要體驗新鮮事物、逃離日常瑣碎的人們介紹一些充滿獨特感受的快閃店。由於天氣寒冷，戶外活動難以進行，即使嘗試室內娛樂，也很難真正體驗大自然的精髓。而且，即使是情侶，喜好也常常不同！為了解決這個問題，人們嘗試將戶外和室內活動結合起來，但能夠讓情侶們一起享受樂趣的地方卻不多！然而，位於狎鷗亭羅德奧的「溫柔怪獸2026花束系列展覽快閃店」似乎能夠擄獲他們的心！首先，據說「溫柔怪獸2026花束系列展覽快閃店」在狎鷗亭羅德奧已成為熱門景點，它將一個植物園搬到了室內！那麼，就讓我，Pop-zzi，來解釋一下這個地方是如何在室內營造植物園氛圍的吧。

目錄
1. 室內植物園？ Gentle Monster 2026 花束系列快閃展簡介，狎鷗亭牛仔競技中心必遊景點

2. 基本訊息

3. 內容

4. 情侶小貼士

1. 室內植物園？ Gentle Monster 2026 花束系列快閃展簡介，狎鷗亭牛仔競技中心必遊景點

1) 想在狎鷗亭牛仔競技中心找點樂子嗎？狎鷗亭有許多旗艦店，都在大力推廣各自的產品。其中，最引人注目的是那些開設快閃店的店。這些快閃店的優點在於，它們不只是單純地推銷產品，而是提供以顧客體驗為中心的多元化體驗！這些體驗讓您在輕鬆友善的氛圍中瀏覽高端奢侈品，並有助於提升品牌形象。那麼，Gentle Monster 2026 Bouquet 系列快閃展又將為您帶來怎樣的體驗呢？

2）聞到植物的芬芳了嗎？首先，Gentle Monster 除了擁有旗艦店外，還會定期舉辦快閃活動來推廣其係列產品。這次，作為 Bouquet 系列的發布快閃展，該系列自然而然地融入了展覽形式，讓參觀者在試穿產品之前就能一目了然地欣賞各種款式！在狎鷗亭羅德奧，您可以盡情體驗各種商品，這真是一件妙趣橫生的事！這裡宛如室內植物園，又會為您帶來什麼樣的視覺饗宴呢？ 3）擄獲不同人群的心 首先，如果您是一對情侶，其中一人喜歡植物園，另一人喜歡展覽，那麼這裡絕對是您的理想之選……事實上，在狎鷗亭羅德奧站附近以及附近的島山公園漫步，彷彿就能感受到無窮的樂趣。因為我喜歡看展覽，所以逛畫廊很有意思，但品牌店裡似乎也有很多東西可以看。十二月的卡地亞看起來非常壯觀。我本來要去隔壁的另一棟大樓，但它有一種魔力，讓我莫名其妙地停下腳步。菲拉格慕和香奈兒的店面外觀也很有趣。 Galleria百貨公司偶爾會舉辦快閃活動，裡面有很多東西可以看，即使你沒有買奢侈品的打算，也會忍不住進去逛逛。哈哈。對了，百貨公司門前的那棵樹（？）每年聖誕節前後都很引人注目。今年，它看起來像個音樂盒。 Galleria百貨公司地下一樓的美食廣場最近在賣聖誕樹。光是看著它們就讓我心動不已……既然十二月快要結束了，我應該好好享受這股氣氛。話說回來，真正讓我感覺到時間飛逝的是，下面這張照片已經是幾個月前拍的了。每次去狎鷗亭羅德奧附近的島山公園，我都會去幾個地方逛逛。其中一個是「無處之家島山店」（House Nowhere Dosan），另一個是Casetify島山店。其實，這家店最吸引人的地方在於它會不定期更換展覽，每次都能打造出新的拍照打卡點。這是盛夏時節的Casetify。我非常喜歡村上隆的可愛普普藝術，不知從何時​​起，這種風格開始蔓延到狎鷗亭羅德奧街。我記得是從東島山店（路易威登）開始的，然後Casetify又開了「村上世界」（Murakami World）。整個街上都變成了粉紅色。 Casetify其實不只是賣手機殼的，他們也賣行李箱。當你走到地下一層的時候，感覺就像走進了一艘太空船。這裡看起來像是Kaikai和Kiki的秘密基地，叫做Kaikai Kiki系列。長著兔子耳朵的那個叫Kaikai，長著圓耳朵的那個叫Kiki。其實，Kaikai 和 Kiki 看起來像是躺著看手機，但因為手機內部是鏡子，所以可以這樣拍鏡子自拍。鏡子看起來很大，但實際上只是一個狹長的長方形空間。感覺就像踏入了一個奇幻世界。躲貓貓！這是電梯裡面。換季後再造訪，這裡依然是村上春樹的世界，但是……感覺氣氛變得更有秋天的感覺了。節奏感十足，依然讓人興奮。靠墊真的好可愛。 House Nowhere Dosan 距離 Casetify Dosan 不遠。不出所料，夏天去的時候，正好趕上 Shushu Tong 品牌的快閃活動，拍照區也…

House Dosan 文字、照片、影片：Ayeonni。大家好，我是旅遊部落客 Ayeon-ni（）。我探訪了 House Dosan，這是一個充滿時尚元素的多元文化綜合體，也是首爾一個獨特的室內約會場所。位於狎鷗亭羅德奧街，這裡匯集了許多高端品牌，是狎鷗亭一處集時尚、美妝和咖啡於一體的約會勝地。讓我來為您介紹這個首爾室內約會的絕佳去處！旅遊影片預覽 基本資訊 地址：狎鷗亭路46街50號 營業時間：11:00 - 21:00 諮詢電話：070-4128-2126 旅遊小貼士 出行前須知 狎鷗亭獨具特色的約會勝地，活動豐富多彩 旅遊小貼士 出行前須知 狎鷗亭獨具特色的預約勝地，活動豐富多彩 豐富多彩 時間豐富名爾約會位於狎鷗亭羅德奧街，是多元文化綜合體，是首爾特色約會的理想選擇。這裡匯集了許多時尚的韓國品牌，例如 ADER ERROR（以 Gentle Monster 系列聞名）、Tamburins 和 Nudike。 House Dosan 旨在提供生活方式體驗，空間從地下一層延伸至三層，匯集了眾多概念獨特的品牌、展覽、咖啡館和商店。 House Dosan樓層指南：House Dosan是首爾一家四層樓的室內約會場所。每一層都值得細細探索，這裡匯集了House Dosan的招牌品牌Gentle Monster、潮流小眾香水品牌Tamburins以及時尚甜點品牌Nudake。目前，一樓的休息室會定期舉辦各種快閃店活動。我造訪的那天，正好趕上一個特別的機器快閃活動，讓顧客體驗過去與未來的交融。 Tamburins（地點：House Dosan四樓）：一踏上五樓，我就聞到了韓國人氣香水品牌Tamburins的迷人香氣。我一直很感興趣的產品在這裡都能找到，而且可以免費試用。產品旁邊配有精美的文字說明，讓人忍不住想瀏覽和試用。即使是同一種產品，香味也各有不同，讓人忍不住想要比較和聞一聞。這裡還有洗手液，顏色和包裝都很漂亮。我洗了好幾次手，因為它沒有普通洗手液那種刺鼻的味道，而是散發著一種奢華的持久香氣。時尚的室內裝飾隨處可見，光是看看就讓人心情愉悅！位於Gentle Monster House Dosan 23樓的機器人實驗室讓我一眼就驚艷不已。雖然它只是一個模型，但每次與它目光交匯，都讓我心跳加速，彷彿置身夢境。二樓和三樓是Gentle Monster的展廳，陳列著各式各樣的產品。除了眼鏡和太陽眼鏡專賣店，這裡還展示媒體藝術和雕塑作品…",,,누데이크 성수,努達克聖水
토오베,圖比,차,茶,영업 전,802,1306,서울 종로구 인사동길 62-4 3층,首爾特別市鐘路區仁寺洞街62-4 3樓,안국역 6번 출구에서 152m,距安國站6號出口152米,영업 전 12:00에 영업 시작,0507-1489-7720,http://www.instagram.com/room.tove,,,"레몬젤리 6000원
토오베 우롱 10000원","檸檬果凍 6,000 韓元

冬青烏龍茶 10,000 韓元","전주여행이후에 차에 대한 아쉬움이 계속 남아 있었어요 주변엔 갈만한 찻집이 없고 팔아도 전통찻집은 쌍화차, 대추차 파는 게 메인인 집들뿐 이 건물인데 간판이 잘 안보이지요? TOVE! 를 찾아 3층으로 올라가시면 돕니다 시청역 지하상가에도 두번째 지점이 있다는 군요 2025블루리본만 붙어 있는 거 보니 최근에 생긴 맛집 같아요 자리가 만석이라 바에 자리를 받았어요 뒤를 주욱 둘러보니 테이블마다 레몬껍질이 다 이건 드시나보다 싶어서 주문했어요 우롱차는 레몬젤리와 가장 잘 어울린다고 되어 있는 토오베 우롱으로 제게는 다기에 차를 우려서 조금씩 따라마시는 반복작업이 아주 매력적인 것 같아요 거기에 우롱차는 말차나 녹차의 씁쓸함이 싫은 분들에겐 딱 입문용 티로 너무 좋은 것 같아요 이번에 이 질감이 무얼까? 이 향이 무얼까? 왜 밀키한 맛 같지? 되게 재밌었어요 질감이 동물성 젤라틴은 아니고 한천이나 피시젤라틴이 아닐까 싶은데 집에서도 만들어볼 수 있을 것 같아서 오늘 도전도 해봤네요 3조각에 6천원 너무 비싸다고 생각했는데 레몬 파면서 음 비싼건 아니네 라는 생각이 들었어요 깔끔하게 만들기 쉽지 않겠더군요 테이블이 넘 다 꽉차있어서 카페 전경은 찍을 수 가 없었어요 주차X 안국역에서 가까워요 자리가 많지 않아서 웨이팅 있을 수 있구요 차 한잔이 기분 만원이상이라 가성비는 좀 아쉬워요 삼청동 특유의 너무 전통찻집 같지 않은 귀엽고 작은 카페를 찾으신다면 특히 데이트코스 추천입니다
안국동 토오베는 블루리본 차 맛집 입니다. 안국역 조금 이라는 솥밥집 옆. 2층으로 올라가는 출입구가 있어요. (조금 솥밥 집도 맛있어요) 가파른 계단을 올라 들어가면, 기대와는 사뭇 다른 심플 한데 밝은 찻집이 나옵니다 워낙 안국역 주변이 한옥이나 전통적인 모습을 띄는 찻집들이 많아 그런지, 조금은 색 다른게 다가 왔어요. 우농차와 녹차,홍차는 종류도 많고. 디져트로 딸기팥크리미와,홈메이드레몬젤리 주문. 차는 우롱차에서 하나,카페인이 가장 적다는 백차 하나 오늘의 차 하나 주문. 어떻게 마시는지,잠시 설명을 해 주시고. 다도 하는 분위기라, 카페와는 다르게 조용조용한 분위기 시선 끄는 디져트 등장 더운물은 계속 리필 됩니다. 요게 백차 요건 이달의 추천 차 (석문절관음 우롱) 장미청 우롱 독특하고 세콤한 레몬젤리 이색적인 찻집에서 신기하고 맛있는 디져트와 쌉싸름한데 고소한 녹차를 마시며 한옥기와 뷰 속에 둘러싸인 안국역 주변 모습을 즐기며 즐거운 수다와 함께 기분 좋은 나들이 안국역찻집우롱차녹차토오베TOVE 다도차마시기조용한찻집블루리본 토베안국역카페","全州之行後，我一直很想喝茶。附近沒有像樣的茶館，就連傳統的茶館也主要賣雙花茶和紅棗茶。這家茶館就在這棟大樓裡，但招牌不太顯眼，對吧？如果你找到「TOVE！」的招牌，然後上到三樓就能找到。聽說市政廳站地下購物中心還有分店。看到2025年藍絲帶獎的標誌，感覺像是新開的餐廳。店裡人很多，所以我在吧台找了個位置坐下。環顧四周，我發現每張桌子上都放著檸檬皮，心想大家都在吃，於是也點了一份。烏龍茶我選了TOVE烏龍，據說和檸檬果凍最搭。對我來說，用茶壺泡茶、一點一點倒茶的整個過程非常吸引人。此外，烏龍茶似乎是那些不喜歡抹茶或綠茶苦味的人的完美入門之選。這次，我一直在想：「這是什麼質地？這是什麼香氣？為什麼嘗起來像奶茶？」感覺很有趣。它的質地不像動物明膠；我懷疑可能是瓊脂或魚膠。我想自己在家試試，所以今天就動手做了。一開始我覺得三塊6000韓元太貴了，但當我切檸檬的時候，我意識到：「嗯，其實也沒那麼貴。」 看起來要切得整齊並不容易。桌子都坐滿了，所以我沒辦法拍咖啡館的外觀。沒有停車位。它離安國站很近。由於座位不多，可能需要等位。一杯茶要10000多韓元，所以性價比有點令人失望。如果您正在尋找一家可愛小巧、又不像三清洞傳統茶館那樣沉悶的咖啡館，我特別推薦這裡作為約會地點。

位於安國洞的Toobe是一家榮獲藍絲帶獎的熱門茶館。它毗鄰安國站附近的一家名為“Jogeum”的煲仔飯餐廳。入口通往二樓。 （Jogeum的煲仔飯也很好吃。）沿著陡峭的樓梯拾級而上，您會發現一家簡約而明亮的茶館，與您想像中的茶館截然不同。或許是因為安國站附近有許多韓屋風格的傳統茶館，所以這家茶館顯得格外獨特。這裡提供多種烏龍茶、綠茶和紅茶。甜點我點了草莓紅豆奶油和自製檸檬果凍。茶方面，我點了一杯烏龍茶、一杯白茶（據說咖啡因含量最低）和一杯「當日特飲」。店員也簡要地講解了飲用方法。這裡彷彿置身於茶道之中，氛圍寧靜祥和，與一般的咖啡館截然不同。誘人的甜點映入眼簾，熱水源不斷地供應。這是白茶，這是本月推薦的茶（石文節觀音烏龍茶）。玫瑰糖漿烏龍茶。獨特而酸爽的檸檬果凍。在這家充滿異國風情的茶館裡，一邊品嚐著新奇美味的甜點，一邊啜飲著略帶苦澀卻又不失堅果香氣的綠茶，一邊欣賞著安國站週邊被傳統韓式瓦頂環繞的景色，一邊愉快地聊天，真是一次令人愉悅的體驗。安國站茶館，烏龍茶，綠茶，TOVE，茶道，飲茶，靜謐茶館，藍絲帶獎，TOVE，安國站咖啡館","토오베 特别
무겁고 정형화 된 차가 아닌 일상에서도 쉽게 풀어 나갈 수 있도록 소박하지만 진중한 마음을 담았습니다.

토오베 이용 안내
토오베는 방문하시는 분들이 언제나 편히 이용하실 수 있도록 2022년 2월부터 예약 운영을 중단합니다.

차를 마시며 휴식을 취하는 공간으로 작은 대화를 부탁드립니다 :)",,토오베 종로,線貝·鍾諾
아케이드토오베,街機,차,茶,영업 전,28,189,서울 중구 세종대로 124 지하1층,首爾特別市中區世宗大路124 B1,시청역 4번 출구에서 106m,距市政廳站4號出口106米,영업 전 12:00에 영업 시작,070-5868-1234,https://www.instagram.com/arcade.tove,"노키즈존,남/녀 화장실 구분,무선 인터넷,주차",,우롱차 10000원,"烏龍茶 10,000 韓元","진짜 오랜만에 친구랑 서울 나들이를 다녀왔어요! 날씨가 너무 추워서 따뜻한 차 한잔 마실 곳을 찾다가, 서울 시청역 카페 아케이드토오베 방문했는데요. 분위기도 너무 차분하고, 정성 가득한 우롱차랑 귀여운 디저트까지! 추웠지만 즐거웠던 그날의 기록을 들려드릴게요. 1. 시청역 근처 숨은 보석 같은 공간 서울 한복판, 시청역 근처는 항상 바쁘게 움직이는 사람들로 북적이잖아요? 주말에도 시위하는 사람들로 시끌시끌하더라고요. 그런데 아케이드 토오베가 있는 지하로 들어서는 순간, 거짓말처럼 주변이 조용해졌어요. 지하 매장들은 대부분 주말에 운영을 안하는데, 아케이드토오베에만 사람들이 가득합니다. 아케이드토오베는 그냥 예쁜 카페라기보다는 차(Tea)를 마시면서 일상에 쉼표를 찍어주는 아주 특별한 공간이었어요. 아케이드토오베 서울 중구 세종대로 124 지하1층 영업시간 월목 12:00-20:30 금일 12:00-21:00 070-5868-1234 주차 가능 (유료) 네이버 플레이스 2. 주말 웨이팅은 좀 있지만, 기다린 보람이 있어요! 여기가 워낙 핫플이라 웨이팅은 어느 정도 마음의 준비를 하셔야 해요. 저희도 주말 오후에 갔더니 역시나 대기 팀이 꽤 있더라고요. 입구에 있는 태블릿으로 대기를 걸어두면 카톡으로 알림이 오는 시스템인데요. 지하 매장도 구경하고 수다 떨다 보니 금방 저희 차례가 왔어요! 토요일 오후 1시 방문, 웨이팅 30분 정도였습니다. 아케이드토오베 매장 내부는 넓진 않지만 레드카펫이 깔린 것 같은 바닥과 따뜻한 조명, 음악이 어우러진 차분한 분위기가 매력적이에요. 스피커 옆에 자리라서 조금 시끄러웠다는... 그래도 대화하긴 괜찮았구요. 바 테이블이 있어 혼자 오기에도 좋아요. 3. 정성 가득 차와 디저트 먹방 시작! 저희는 시그니처 메뉴랑 시즌 메뉴를 골고루 시켜봤답니다. 토오베 우롱차 (Toove Oolong Tea) 가장 먼저 나온 건 이곳의 주인공, 토오베 우롱차예요! 차랑 찻사발 함께 내어주시는데, 찻잎의 향을 먼저 맡아보라 안내해주셨어요. 차를 마시기 전에 향으로 먼저 즐길 수 있답니다. 맛은요, 은은한 꽃향기가 나면서 끝맛은 고소한 게 정말 일품이에요. 입안을 깔끔하게 해줘서 디저트랑 같이 먹기 딱이에요. 우롱차는 뜨거운 물 리필이 한 번 더 가능해요! 첫 잔은 향긋하게 즐기고, 두 번째 잔은 조금 더 부드러운 맛을 즐길 수 있으니까 잊지 말고 꼭 리필해서 드셔보세요. 차이 푸딩 밀크티 친구가 고른 차이 푸딩 밀크티는 밀크티 안에 몽글몽글한 푸딩이 듬뿍 들어가... 
분위기가 도쿄 킷사텐 분위기여서 당연히 일본어일 줄 알았던 아케이드 토오베 처음 듣는 단어여서 검색해보니 중국어로 (특별)이란 의미의 토오베라고 한다. 그리고 인사동에서 2021년부터 시작하셨다고(지금도 있다). 새빨간 카펫 위에 갈색 네모난 의자들이 있다. 의자 폭과 높이가 너무나 도쿄(낮고 좁단 이야기). 물컵 크기도. 나는 이미 시청 언론진흥재단 지하인 프레스센터 아케이드에 들어왔을 때부터 십전대보탕 냄새가 아케이드를 전체를 채울 때부터 이곳이 좋았다(90년대 노스탤지어 연장선). 아케이드 간판들 보는 재미가 있었다. 아케이드 토오베는 그 중 혼자 새롭고 세련된 그리고 다른 나라의 분위기를 뿜어내고 있었다. 대만 차 중심인데 가향된 차를 안 좋아해서 나는 차이 푸딩 밀크티를 선택했다. 가향되어있는데 괜찮냐고 주문할 때 물어봐주셨다. 차이맛과 밀크티로 가향된 건 괜찮아서 고. 아케이드 토오베에 커피는 없다. 이건 동반인이 주문한 피치 우롱. 조그만 피치색 주전자는 찻잎 향을 즐기시라고 함께 주셨다. 차는 리필이 가능했다. (1회 한정이었나 정확히 생각 안 남) 이건 내가 주문한 차이푸딩 밀크티. 버블 대신 차이 푸딩이 으깨져 들어가있다. 밀크티도 맛있고 푸딩 식감은 버블처럼 쫄깃하진 않지만 어울렸다. 옹기종기. 2인 코너석에 앉아서 사람도 옹기종기. 이건 아케이드 토오베 핫해지면서 같이 유명해졌던 보늬밤 토스트. 나는 딸기 토스트도 함께 나오는 메뉴로 주문. 하지만 원래 딸기 넘사벽보늬밤의 선호이지만 차와 함께 먹을 땐 보늬밤 토스트가 딱 어울려서 보늬밤만 나오는 걸로 주문해도 좋을 듯. 토스트 안쪽은 크림으로 채워져있지 않다. 크림 밑에는 팥과 밤 혹은 쨈, 팥, 딸기가 함께 발라져있다. 다완에는 목숨 수, 보늬밤 토스트 그릇에는 어질 인이 쓰여 있었다. 좋은 한자들이라 괜히 사진 한번 찍어봄. 평일 오후임에도 대기 있을 때도 있었지만 주변사람들한테 추천하게 되는 집이었다. 아래는 토오베 관련 글. https:tune.krfeaturescommunity-places-2
2026년 3월 12일 목요일 오후 3시 아케이드 토오베에 먹이 활동을 다녀왔습니다. 예약 없이 바로 입장 가능했습니다. 위치 한국프레스센터 지하 1층 주차 한국프레스센터 지하 주차장에 주차 가능 주차 시간 1시간 지원 내부 카운터 자리와 내부에 5팀 정도 앉을 수 있는 소파 좌석이 있습니다. 메뉴 음료 메뉴판 디저트와 위스키 메뉴판 먹이 사진들 차이 푸딩 밀크티 차이 푸딩 밀크티에는 팔각 푸딩이 들어있어서 향이 강한 편입니다. 토오베 우롱 밀크향이 좋았습니다. 찻잎 향을 맡아보라고 주전자도 같이 내줍니다. 1회 리필이 가능합니다. 리필한 후에는 주전자는 다시 주지 않는 것을 보아 리필은 한 번만 가능한 것 같습니다. 크림 레몬 젤리 매우 셨습니다. 예쁘고 부드러운 아이셔 레몬맛이었습니다. 딸기 보늬밤 토스트 두 번 정도 더 시켜먹고 싶은 맛이었습니다. 좌석이 편합니다. 직원분들이 친절합니다. 일본식 킷사텐인 줄 알고 방문했는데 홍콩대만의 느낌도 가미된 것 같습니다. 딸기 보늬밤 토스트 때문에 재방문을 할 것 같습니다.","好久沒去首爾了，這次和朋友一起去玩！天氣很冷，我們想找個地方喝杯熱茶，於是就去了首爾市政廳站附近的Arcade Toove咖啡館。那裡的氛圍非常寧靜，烏龍茶沖泡得非常用心，甜點也很可愛！雖然天氣很冷，但那天玩得很開心，我來分享那天的經歷。 1. 市政廳站附近的隱藏寶藏。市政廳站位於首爾市中心，附近總是人來人往，熙熙攘攘，對吧？即使是週末，那裡也經常有抗議者，非常吵雜。然而，當我們走進Arcade Toove所在的地下室時，周圍的環境彷彿被施了魔法般變得安靜下來。大多數地下商店週末都會關門，但只有Arcade Toove人滿為患。 Arcade Toove不僅僅是一家漂亮的咖啡館；它是一個非常特別的空間，讓我們在享受一杯熱茶的同時，暫時忘記了日常生活的喧囂。 Arcade Toobe，首爾市中區世宗大路124號，B1層。營業時間：週一至週四 12:00-20:30，週五 12:00-21:00。電話：070-5868-1234。提供收費停車場。 Naver Place。 2. 週末可能需要排隊，但絕對值得！由於這裡非常受歡迎，所以請做好排隊的準備。我們週末下午去的，果然有不少人等位。這裡採用的是排隊系統，需要在入口處的平板電腦上登記名字，然後透過KakaoTalk收到通知。我們在地下室逛了逛，聊了聊天，很快就輪到我們了！我們週六下午1點去的，大概等了30分鐘。 Arcade Toobe內部空間不算寬敞，但寧靜的氛圍——鋪著紅毯般的地板、溫暖的燈光和音樂——非常迷人。因為我們坐在演講者旁邊，所以有點吵……不過聊天還好。這裡有吧台桌，所以一個人來也很適合。 3. 精心準備的茶飲和甜點盛宴正式開始！我們點了招牌和季節限定的茶點。圖芙烏龍茶。最先上桌的是這裡的明星－圖芙烏龍茶！他們把茶葉和茶杯一起端上來，並建議我們先聞茶的香氣。你可以在喝茶之前就享受它的芬芳。至於味道，它有著淡淡的花香，餘韻略帶堅果香——真是妙不可言。它能清爽味蕾，非常適合搭配甜點享用。烏龍茶可以續一次熱水！你可以先品嚐第一杯的香氣，第二杯的口感會更滑，所以別忘了續杯。柴布丁奶茶。朋友點的柴布丁奶茶裡竟然有蓬鬆的布丁…

店裡的氣氛很像東京的咖啡館，所以我理所當然地以為「Arcade Toove」是日文。因為之前沒聽過這個詞，我就查了一下，發現它在中文裡是「特別」的意思。聽說這家店2021年在仁寺洞開業（現在還在）。店裡鋪著鮮紅色的地毯，擺放著棕色的方形椅子。椅子的寬度和高度都很有東京特色（又矮又窄）。水杯的大小也很有東京範兒。從我踏入位於市政廳新聞基金會地下室的新聞中心拱廊的那一刻起，我就喜歡上了這裡。空氣中瀰漫著十餅大寶湯的香味（讓人想起90年代的懷舊風格）。拱廊裡的招牌也很有趣。其中，Arcade Toobe格外引人注目，散發著一種新潮、精緻而又獨特的異國風情。這家店老闆打台灣茶，但我不太喜歡加味茶，所以點了柴布丁奶茶。點單的時候，他們問我是否介意加味。因為我既喜歡柴茶又喜歡奶茶的味道，所以就點了。 Arcade Toobe沒有咖啡。這是我同伴點的蜜桃烏龍茶。他們給了我們一個小小的蜜桃色茶壺，方便我們聞茶香。茶可以續杯（我不記得是不是限一次）。這是我點的柴布丁奶茶。裡面沒有珍珠，而是加了碎柴布丁。奶茶很好喝，雖然布丁的口感沒有珍珠那麼Q彈，但搭配起來也很不錯。大家都擠在一起。我們坐在角落的雙人位，所以人也很多。這是Arcade Toobe的招牌甜點——糖漬栗子吐司，它和這股熱潮一起風靡一時。我還點了包含草莓吐司的套餐。雖然我通常更喜歡蜜餞栗子而不是草莓，但這款吐司配茶非常美味，所以單點蜜餞栗子吐司或許是個不錯的選擇。吐司裡面沒有奶油。奶油下面是紅豆沙和栗子的混合物，或是果醬、紅豆沙和草莓的混合物。茶碗上寫著「生命」（Su）字，吐司碗上寫著「仁」（In）字。這兩個字看起來很漂亮，所以我就隨手拍了張照片。即使工作日下午有時需要排隊，我還是會向別人推薦這家店。以下是一篇關於Toobe的文章：https://tune.krfeaturescommunity-places-2

我於2026年3月12日星期四下午3點前往Arcade Toobe參加了餵食活動。我無需預約即可直接入場。

地點：韓國新聞中心地下一層

停車：韓國新聞中心地下停車場提供停車位（限停1小時）

內部：店內設有吧台座位和沙發座位，約可容納5組客人。

菜單：飲品單、甜點和威士忌單、食物照片

柴布丁奶茶：柴布丁奶茶中加入了八角布丁，因此香氣濃鬱。 Toobe烏龍奶茶香氣宜人。店家也提供茶壺，方便顧客聞茶。可續杯一次。續杯後不再提供茶壺，看來續杯僅限一次。

奶油檸檬果凍：非常酸。檸檬口味清淡柔和，帶有淡淡的「愛雪」檸檬香。

草莓糖漬栗子吐司：這個口味我真想再點兩份。

座位舒適。店員熱情友善。我原本以為會是日式喳喳店，沒想到它也散發著獨特的港式風情。我想我會為了那草莓糖栗吐司再去一次。","대만차,빙수,위스키,째즈
주류 판매로 어린이 및 반려동물 동반 입장이 제한됨을 양해 부탁드립니다.",,토오베 종로,線貝·鍾諾
골든피스 한남점,金和平漢南分行,"카페,디저트",咖啡館，甜點,영업 전,92,356,서울 용산구 한남대로27길 25,首爾特別市龍山區漢南大路27街25,한강진역 3번 출구에서 376m,距漢江津站3號出口376米,영업 전 11:00에 영업 시작,0507-1346-7250,https://app.catchtable.co.kr/ct/shop/Y2F0Y2hfQnBkWTY0NUJiVHAweWZqcHduUVBvdz09,"포장,예약","천하제빵 1회, 26.02.01.2026년 2월 1일 ","붉은말약과세트 56000원
토끼 약과 세트 56000원
조앤프렌즈 약과보자기 세트(블랙) 89000원
조앤프렌즈 약과보자기 세트(화이트) 89000원
조앤프렌즈 약과세트(단품) 60000원
레드박스약과세트 (7개입) 27000원
사슴 약과 세트 56000원","紅馬藥丸套裝 56,000 韓元

兔藥丸套裝 56,000 韓元

Joanne Friends 藥丸盒套裝（黑色） 89,000 韓元

Joanne Friends 藥丸盒套裝（白色） 89,000 韓元

Joanne Friends 藥丸套裝（單隻） 60,000 韓元

紅盒藥丸套裝（7 件） 27,000 韓元

鹿藥丸套裝 56,000 韓元","본 포스팅은 해당 브랜드로부터 제품 및 원고료를 제공받아 작성되었습니다. 골든피스조앤프렌즈 달코미의 먹방 다이어리 안녕하세요! 달코미에요 :) 오늘은 차별화된 취향 셀렉트샵 29CM에서 희소성 높은 협업 에디션을 단독 발매해서 선보이는 29 리미티드 오더 소개해드리려고요. 2월에는 특히 선물용으로 추천드리고 싶은 조앤프렌즈와 만난 골든피스의 약과 제품을 선보이고 있답니다. 29 리미티드 오더로 단독 선발매되어 특별한 혜택으로 만나볼 수 있는 따뜻한 무드가 듬뿍 담긴 프리미엄 K-디저트 한정판 컬렉션, 골든피스와 조앤프렌즈가 만나 소장가치 1,000 약과 선물세트 소개해드려볼게요. 1. 약과 선물 세트 추천 29 리미티드 오더로 만나볼 수 있는 골든피스 조앤프렌즈 약과 선물 세트는 포장부터가 너무 고급지고 심쿵했어요. 조앤프렌즈의 4가지 캐릭터인 조아(ZOA), 앤(ANE), 아기(AKI), 자기(ZAKI) 가 튼튼한 틴케이스 뚜껑에 프린팅되어 있더라고요! 틴케이스를 오픈해보면 귀요미 친구들이 또 나타납니다.ㅎㅎ 동봉된 종이 뒷면에는 약과 종류에 대한 설명이 써 있었어요. 달빛 아래 펼쳐지는 설레는 맛, ZOFRIENDS와 만난 골든피스! 6종류의 약과도 자세히 한번 보여드려볼게요. 위에 있는 약과에는 필름지가 붙어 있어서 서로 달라붙어서 모양이 손상되는 걸 방지할 수 있답니다. 첫번째로는 참깨 약과에요! 상큼한 유자맛과 고소한 참깨가 어우러지는 맛이랍니다. 고소하고 담백한 참깨맛과 상큼한 유자맛이 조화롭게 잘 어울려요. 골든피스 약과는 전체적으로 많이 달지 않고, 기름지지 않아서 맛이 깔끔해요. 쫀득한 식감도 굿이랍니다. 두번째는 바닐라맛이에요. 부드러운 바닐라 가나슈가 곁들여진 달콤한 약과라 약과 특유 조청의 깊은 풍미와 바닐라의 향긋함이 잘 어울려요. 세번째는 얼그레이맛이에요! 얼그레이 약과는 조앤프렌즈와의 협업으로 출시된 새로운 맛이에요. 얼그레이 찹쌀 약과 위로 조아(ZOA)의 눈썹을 닮은 구름 모양 초콜릿이 토핑으로 올려져있어요. 은은한 얼그레이의 풍미가 은근히 매력적이더라고요. 네번째는 딸기 발자국 개성약과에요! 이 약과도 얼그레이 맛과 더불어 조앤프렌즈 협업으로 출시된 맛이랍니다. 조아(ZOA)의 핑크색 꽃 발바닥을 닮은 딸기 초콜릿이 코팅된 개성약과에요. 패키지에 포함된 다른 약과들이 꾸덕하고 쫀득한 식감이었다면 이 약과는 파삭한 식감이 강조된 약과랍니다. 상큼한 딸기맛 초콜릿이 코팅되어 새콤달콤한 맛이... 
새해 선물 추천 : 골든피스 붉은말 약과세트 한남동 선물, 새해 선물 추천 새해를 맞이해서 고마운 사람들에게 마음을 전하는 선물을 찾는다면 추천하고 싶은 2026년 병오년 붉은말의 해에 딱 어울리는 선물! 골든피스 붉은말 약과 세트 후기! 1. 골든피스 한남점 소개 주소 : 서울 용산구 한남대로27길 25 영업 시간 : 11:00 19:00 (연중 무휴) 연락처 : 0507-1346-7250 포장, 예약가능 프리미엄 약과 브랜드 골든피스! 골든피스 한남점은 6호선 한강진역에서 도보 8분 거리! 한남동 카페거리 근처에 위치해있었다. 주차공간이 따로 있지 않아서, 자차를 이용한다면 근처에 있는 공영주차장을 이용해야 할 듯! 그동안 골든피스 매장은 팝업이 열렸을 때나 백화점에 입점해있는 곳만 갔었는데 골든피스 한남점은 인테리어부터 고급스러운 분위기! 내부 인테리어도 밖에서 본 것처럼 고급스럽고 묵직한 우드톤으로 멋스러운 느낌! 날씨가 춥지만 않았으면 먹고 싶었던 약과 아이스크림! 골든피스는 약과 종류가 많아서 어떤 걸 사야 할지 고민될 수 있는데 그런 고민을 쫌 해결해주는 시식도 준비되어 있었다! 내가 원하는 맛을 골라 담을 수 있는 약과 레드박스! 레드박스 약과 세트는 7개입 27,000원으로 내 맘대로 맛을 선택할 수 있는 장점이 있었다. 참깨, 흑임자, 바닐라, 녹차, 인절미, 헤이즐넛 초코, 커피, 쑥, 민트초코, 멜론, 얼그레이, 레몬요거트! 이런 맛의 약과도 있어? 싶을 정도로 종류가 많아서 7종을 고르는 것도 엄청 고민될 듯!! 2. 골든피스 선물세트 내 맘대로 고를 수 있는 레드박스 약과세트 말고, 안에 들어있는 약과의 종류는 정해져있지만 패키지가 아주 고급스러워서 선물용으로 딱 좋은 골든피스 선물세트들도 준비되어 있었다! 2026년을 맞이해서 나온 붉은말 약과 세트, 그리고 사슴 약과 세트, 토끼 약과 세트 3가지 세트 모두 가격은 56,000원! 케이스의 디자인은 띠지 말고는 동일해 보였고, 안에 들어있는 약과의 종류에서 차이가 있었다. 원하는 구성이 들어있는 걸로 구매하면 될 듯! 위풍당당 역동적으로 느껴지는 붉은말! 다른 약과 세트와는 달리 붉은말 약과세트만 띠지가 핑크핑크해서 더 눈에 들어오긴 했음!! 더 자세히 보라고 돋보기도 있어서 구경해보기ㅋㅋ 3. 골든피스 붉은말 약과세트 후기 2026년 붉은말의 해 리미티드 에디션으로 나온 골든피스 붉은 말 약과세트! 오늘의 메뉴가격 붉은 말 약과세트........56,000원 찹쌀약과 개성약과 총 12개입 쇼핑백부터 군더더기 없이 깔끔하고... 
알로하 시댁이 신정을 쇠서 고급스러운 신년 선물이 뭐가 있을까 고민하다가 달지 않고 고급스럽다고 추천을 받은 골든피스 한남점에 다녀왔어요 프리미엄 약과로 유명한 골든피스는 신년 선물이나 설 선물로 찾는 분들이 특히 많다고 해요 분당 넘어오는 버스 정거장쪽이라 서울 나들이 하고 돌아오는 길에 들르기 딱이더라고요! 아이가 약과를 참 좋아해서 둘이 신 나게 입장!! 우와!!!! 내부가 너무너무 고급스럽고 멋있어요!!! 그래요 한과 전문점도 이렇게 멋스러울만 한거예요 고풍스러운 디테일 속에 예쁘게 놓여있는 골든피스의 약과들 이건 약과에 사용되는 재료들이예요 정말 고급짐의 끝판왕!! 너무너무 예뻐요!!! 오길 잘했다!!! 토끼 약과세트, 사슴 약과 세트가 있고, 이건 오늘 제가 구매하러 온 2026년 병오년 붉은 말의 해를 위한 붉은말 약과 세트!! 신년 선물로 정말 딱이고, 한남동 선물로도 품격 있어보이는 구성이에요. 예쁜 틴케이스에 금박이 붙은 동물 띠지 상자를 여는 순간 색색이 고운 약과가 모든 사람의 눈길을 끌거예요 가벼운 선물용이나 내가 먹기 위해서라면 7종을 직접 선택할 수 있는 레드박스(27,000원)도 적당할 것 같아요. 우유 아이스크림에 찹쌀, 초코가 든 약과 아이스크림도 6800원이라 맛보기로 참 좋은데 먹는 자리는 없어서 날씨가 조금 풀리면 맛보고 싶어요! 틴 케이스 선물 구성보다 더더 다양한 맛이 가득 진짜 다 먹어보고 싶어요!!! 아무래도 저는 맛을 보고 후기를 적다보니 궁금한 맛이 너무 너무 많아요! 헤이즐넛 너무 맛나 보이네요!! 오늘은 쑥과 참깨 약과를 시식 중이었답니다 시식도 해 보실 수 있으니 구매 할 때 도움 받아 보세요! 그럼 우리 골든피스 약과를 조금 더 자세히 살펴 보기로 할까요?ㅋㅋ (적절하게 돋보기가 비치 되어 있군요ㅋㅋㅋ) 이건 사슴 약과 세트 입니다. 기본적으로 틴케이스 선물세트에는 참깨 약과 흑임자 약과 개성 약과가 들어있고, 추가로 세 가지만만 구성이 달라요! 틴케이스 세트의 가격은 모두 56000원이예요 자세한 구성은 이렇게 확인해 보실 수 있어요 이건 오늘 제가 선택한 2026년 골든피스의 신년 선물 붉은말 약과 세트! 기본구성인 참깨, 흑임자, 개성약과 이외에도 바닐라 약과, 얼그레이 약과, 레몬 요거트 약과가 들어 있어요! 이건 토끼 약과 세트랍니다! 틴케이스 제품마다 구성된 약과가 약간씩 다르니 원하는 맛이 들어있는 약과 세트를 선택 해도 좋겠지만 아무래도 2026 년에는 역시나 붉은 말 약과 세트가 가장 잘...","本文由品牌方提供產品和報酬撰寫。 Golden Peace Jo & Friends Dalcomi 的吃播日記 大家好！我是 Dalcomi :) 今天，我想為大家介紹 29 Limited Order，這是 29CM 獨家發售的限量聯名系列。 29CM 是一家專注於獨特口味的精品店。二月份，我們將重點推廣 Golden Peace 與 Jo & Friends 聯名推出的藥果產品，我特別推薦作為禮物。今天我想介紹的是藥果禮盒——一套充滿溫馨氛圍的高級韓式甜點限量版套裝，僅在 29 Limited Order 預售，並附贈特別福利——價值 1000 韓元，由 Golden Peace 和 Jo & Friends 聯名打造。 1. 藥果禮盒推薦 Golden Peace Jo & Friends 藥果禮盒的包裝從一開始就非常奢華，讓人心動不已。這款禮盒可透過 29 Limited Order 預購。 ZOFRIENDS的四個角色——ZOA、ANE、AKI和ZAKI——印在堅固的鐵盒蓋上！打開鐵盒，這些可愛的朋友又出現了。哈哈。包裝紙背面介紹了不同口味的藥果。月光下，令人心動的美味緩緩綻放，Golden Peace與ZOFRIENDS相遇！讓我來詳細介紹一下這六種口味的藥果。上圖所示的藥果都貼有保護膜，防止沾黏變形。首先是芝麻口味的藥果！它融合了清爽的柚子味和香濃的芝麻味。淡淡的芝麻香與清爽的柚子味完美融合。總的來說，Golden Peace的藥果甜度適中，口感清爽，嚼勁十足。接下來是香草口味的藥果。這款甜糯米飯糰搭配柔滑的香草甘納許，完美融合了糯米飯團特有的濃郁香醇和香草的芬芳。第三種口味是伯爵茶！伯爵茶糯米飯團是與J.O.F. Friends合作推出的新品。形狀像ZOA眉毛的雲朵巧克力點綴在伯爵茶糯米飯團上，淡淡的伯爵茶香氣令人驚喜。第四種口味是草莓腳印開城糯米飯團！與伯爵茶口味一樣，這也是與J.O.F. Friends合作推出的新品。這款開城糯米飯團裹上草莓巧克力，宛如ZOA粉紅色的花朵腳印。與其他口感綿密軟糯的糯米飯團不同，這款飯糰主打酥脆口感。這款巧克力外層裹著清爽的草莓風味巧克力，酸甜可口…

新年禮物推薦：黃金和平紅馬藥果套裝。漢南洞禮物，新年禮物推薦。如果您正在尋找一份新年禮物來表達您對身邊人的感激之情，我推薦這款非常適合2026年紅馬年的禮物！黃金和平紅馬藥果套裝評鑑！ 1. 金和平漢南分店簡介 地址：首爾市龍山區漢南大路27街25號 營業時間：11:00 - 19:00（全年無休） 聯絡電話：0507-1346-7250 可外帶及預約。黃金和平，高端藥果品牌！金和平漢南分店距離地鐵6號線漢江鎮站步行僅需8分鐘！位於漢南洞咖啡街附近。這裡沒有獨立的停車位，所以如果您開車前來，可能需要使用附近的公共停車場！之前我只去過金和平冰淇淋的快閃店或百貨公司裡的分店，但漢南分店從內部裝潢就給人一種奢華的感覺！室內設計與外觀一樣奢華時尚，以厚重的木質色調為主！如果不是天氣太冷，我真的很想嚐嚐藥果冰淇淋！金和平冰淇淋的藥果種類繁多，讓人難以抉擇，不過店內提供試吃，可以幫您解決這個難題！此外，還有藥果紅盒，您可以自行選擇並包裝自己喜歡的口味！紅盒藥果套餐包含7個藥果，售價27,000韓元，您可以自由選擇口味。芝麻、黑芝麻、香草、綠茶、米餅、榛果巧克力、咖啡、艾草、薄荷巧克力、哈密瓜、伯爵茶、檸檬優格！口味如此之多，你可能會懷疑：「藥果真的有這種口味嗎？」光是選出7種口味就已經夠讓人糾結的了！ 2. 金和平禮盒：除了可客製化的紅盒套裝，還有金和平禮盒可供選擇。雖然裡面的藥果種類是固定的，但包裝非常精美，是送禮佳品！為迎接2026年而推出的紅馬、鹿、兔藥果禮盒售價均為56,000韓元！除了紙帶之外，禮盒外觀設計完全相同，差別在於裡面的藥果種類。看來你可以直接購買自己喜歡的口味組合！紅馬造型顯得威風凜凜，動感十足！與其他藥果套裝不同，紅馬藥果套裝格外引人注目，因為它的紙帶是粉紅色的！包裝上甚至還配有放大鏡，方便仔細觀察，所以我忍不住仔細看了看，哈哈。 3. 金和平紅馬藥果套裝評估：金和平紅馬藥果套裝是為迎接2026年紅馬年而推出的限量版！今日菜單價格：紅馬藥果套裝…56,000韓元。糯米藥果和開城藥果，共12個。從購物袋開始，一切都簡潔乾淨…

Aloha，因為我的公婆要過新年了，我一直在想該送什麼比較貴重的新年禮物。我去了金和平漢南分店，據說這家店的藥果既不會太甜膩也不會太奢華。金和平以其優質藥果而聞名，據說在尋找新年或農曆新年禮物的人群中特別受歡迎。這家店就在去往盆唐的巴士站附近，所以從首爾回來的路上順便來這裡真是太方便了！我的孩子特別喜歡藥果，所以我們兩個都興奮地走了進去！ ！哇！ ！ ！ ！店裡的裝潢真是奢華又時尚！ ！ ！沒錯，一家傳統的點心專賣店就應該這麼精緻。金和平的藥果擺放在古色古香的裝飾品中，擺放得非常漂亮。這些就是製作藥果的原料。這簡直就是奢華的極致！ ！真的太漂亮了！ ！ ！我真慶幸自己來了！ ！ ！這裡有兔子藥果套裝和鹿藥果套裝，而我今天來買的是紅馬藥果套裝，準備迎接2026年紅馬年（炳五年）！ ！作為新年禮物真是太完美了，這套藥果看起來也足夠高檔，即使在漢南洞送人也毫不遜色。打開裝在精美鐵盒裡的藥果，看到飾有金色動物圖案的鐵盒，五彩繽紛的藥果立刻就能吸引所有人的目光。如果您想送一份輕便的禮物或自己享用，那麼包含7種口味的紅色禮盒（27,000韓元）似乎很合適。藥果冰淇淋售價6,800韓元，內含牛奶冰淇淋、糯米和巧克力，非常適合試吃，不過現在沒有地方可以吃，我想等天氣暖和一些再去品嚐！它的口味比鐵盒禮盒還要豐富，我真的好想每一種都嚐嚐！因為我會在品嚐之後寫測評，所以有很多口味都讓我很好奇！榛果口味的看起來好好吃！今天他們也提供了艾草味和芝麻味藥果的試吃。既然可以試吃，購買的時候一定要好好利用這個機會！那麼，我們一起來仔細看看我們的金平安藥果吧！哈哈（看，這裡貼心放了個放大鏡，哈哈）。這是鹿肉果套裝。基本上，鐵盒禮盒包含芝麻肉果、黑芝麻肉果和開城肉果，但每款的口味略有不同，多了三種！所有鐵盒套裝的價格都是56,000韓元。您可以在這裡查看詳細內容。這是我今天選擇的2026年黃金和平新年禮物－紅馬肉果套裝！除了基本的芝麻、黑芝麻和開城肉果外，還包含香草肉果、伯爵茶肉果和檸檬酸奶肉果！這是兔子肉果套裝！由於每款鐵盒產品中的肉果略有不同，您可以選擇自己喜歡的口味，但就2026年而言，紅馬肉果套裝絕對是最佳選擇…","정성을 담은 금쪽약과

GOLDEN PIECE는 한국 전통 과자를 재해석하여 만든 프리미엄 약과브랜드입니다.

*골든피스*는 한국어로 *금쪽*
아주 귀한 것을 비유적으로 이르는 말입니다.
약과는 고려시대 때부터 약처럼 귀하게 여겨지며 잔치나 제사 때 올라가는 고급 음식이자 높은 사람에게 보내는 선물이었습니다. 골든피스는 이러한 약과가 오늘날에도 소중한 사람들과
나눠 먹을 수 있는 달콤한 선물이 되기를 바라며,
모든 세대가 공유할 수 있는 새로운 모습의 약과를 만듭니다.",,골든피스 한남,金和平漢南
연리희재,妍裡熙宰,"카페,디저트",咖啡館，甜點,영업 전,2718,2071,경기 파주시 탄현면 장릉로51번길 48-21,京畿道坡州市炭縣面長陵路51街48-21,,#VALUE!,영업 전 11:00에 영업 시작,0507-1421-8075,https://catchtable.co.kr,"유아시설 (놀이방),포장,단체 이용 가능,무선 인터넷,유아의자,대기공간,주차",,"개성주악 2500원
쑥롤떡 7400원
브륄레구마 7900원
두바이브라우니 13000원
단호박카스테라인절미(매장용) 6200원
사과콤포트 2600원
누텔라 3000원
크림치즈곶감 3600원
도라지정과 3800원
호두정과 3000원
금귤정과 4000원
생크림 3500원
핑크블라썸 3500원
포장박스(4구8구) 0원","開城糕 2,500 韓元

艾草捲年糕 7,400 韓元

焦糖地瓜 7,900 韓元

杜拜布朗尼 13,000 韓元

甜南瓜卡斯提拉年糕（店內供應） 6,200 韓元

蘋果蜜餞 2,600 韓元

能多益巧克力醬 3,000 韓元

奶油乳酪柿子乾 3,600 韓元

桔梗根甜果 3,800 韓元

核桃甜果 3,000 韓元

金桔甜果 4,000 韓元

鮮奶油 3,500 韓元

粉紅色花 3,500 韓元

包裝盒（4 片裝、8 片裝） 0 韓元","연리희재 경기 파주시 탄현면 장릉로51번길 48-21 화-일 11:00 - 19:30 (월 정기휴무) 파주 헤이리마을과 신세계 아울렛에서 멀지 않은 곳에 위치한 분위기 좋은 카페 연리희재. 개성주악을 포함한 디저트가 맛있어보여 찾아가 보았다. 이 날 날이 흐려 아쉬웠던 하늘. 맑은 하늘이었다면 카페 외관이 더 예뻤을 것 같다. 야외 잔디마당에 좌석이 많았지만 아직은 추운 날씨라 이용하긴 어려웠다. 4월이 되고 날이 조금 더 따뜻해지면 야외 좌석을 이용하는 손님들도 많을 듯. 밖에서 봤을 때부터 안에 손님이 많아 보였는데, 아뿔싸. 웨이팅 당첨. 그래도 웨이팅 순서가 길지 않고 조금 기다리면 자리가 날 것 같아 다른 카페를 찾지 않고 그냥 기다려보기로 했다. 연리희재 내부. 좁은 면적은 아니지만 테이블 간격이 넓어 개방감이 좋다. 테이블 수는 규모에 비해 그리 많지 않은 편. 이런 여유로운 테이블 너무 좋지. 안쪽에 방처럼 내부 공간이 하나 더 있었는데 여기도 소파테이블을 포함해서 좌석이 몇 개 있다. 저 소파 좌석 엄청 편해 보였는데 집에 갈 때 되서야 자리가 비어 있었다. ㅋㅋ 디저트 라인업을 멋드러지게 꾸며놓은 공간. 연리희재의 대표 디저트인 개성주악이 너무 귀엽게 전시되어 있다. 여기엔 6종류뿐이지만 주문하는 카운터엔 더 다양한 개성주악이 있다. 세상에, 개성주악 천지다. 하나하나 너무 맛있어 보여 고르기조차 어렵다. ㅋㅋ 한참을 고민하다 기본 개성주악과 사과 콩포트 개성주악을 골랐다. 그리고 엄청 맛있다는 후기가 있었던 두바이 브라우니까지. 디저트 파티. ㅋㅋㅋ 음료가격은 평균인듯. 내가 찍었지만 너무 갬성있게 찍었는 걸? 라떼 두 잔과 개성주악 두 개, 그리고 두바이 브라우니. 라떼 아트도, 라떼 맛도 좋았던 커피. 계속 찍게 되네... ㅋㅋㅋ 개성주악은 너무 귀엽고 앙증맞게 생겼다. 이렇게 작은 디저트 하나에 가격은 사악하지만 그래도 쫠깃-한 도넛츠를 먹는 느낌? 맛이 엄청 특별한 건 아니지만 그래도 평소에 잘 접하는 디저트가 아니라 그런지 색다른 느낌이다. 사실 개성주악보다 더 임팩트 강했던 두바이 브라우니. 두바이 디저트는 이제 끝물이라지만 연리희재의 두바이 브라우니는 인정. 사실 두쫀쿠 2번 시도에 영 맛있는지 몰랐었는데 두바이 브라우니는 진득한 맛에 식감도 재밌고 맛도 고소하니 좋았다. 단지 많이 다니까 라떼나 아메리카노같은 달지 않은 음료와 먹어야 할 듯. ㅋㅋ 그래도 진짜 맛있게 먹은 디저트다. 손님들이 좀 더 빠져나가 조용하던 카페 내부. 분위기가 참 좋은... 
파주 카페 추천 파주 대형 카페 여행 인플루언서 하벨 파주 카페 추천 헤이리마을 근처 대형 카페 친한 언니와 함께 다녀온 파주 카페 추천드릴게요! 오랜만에 파주 여행을 다녀오면서 헤이리마을을 낮에 둘러보고, 근처에 있는 연리희재에서 디저트 먹으며 쉬었답니다. 규모도 넓고 감성적인 분위기의 파주 대형 카페라서 시간 보내기 딱 좋은 거 있죠? 그럼 방문 후기 남겨볼게요! 연리희재 파주 위치 : 경기도 파주 탄현면 장릉로51번길 48-21 1층 운영시간 : 11시 19시 30분 19시 라스트오더 1. 파주 카페 위치 파주에 도착해서 헤이리마을 먼저 구경했어요. 문화 예술이 공존하는 마을로, 갤러리, 박물관, 공연장, 아트숍 등이 모여 있어 골목을 산책하는 것만으로도 재미있는 곳인데요! 워낙 넓다 보니 기본 2시간 이상은 시간을 보내게 되더라고요. 열심히 관광한 뒤, 넓은 규모의 파주 대형 카페를 찾다가 연리희재를 발견했답니다. 헤이리마을에서 차로 약 10분 정도 떨어진 거리에 위치해 있어서 금방 도착했어요. 마을에서 돌아다니며 볼거리 즐기다가 방문하기 딱인 접근성이었답니다. 한쪽에 일렬로 된 주차장이 마련돼 있으니 여기다 주차해두면 돼요. 평일에 방문했음에도 몇 대 있더라고요. 역시 인기가 많구나 싶었어요. 주말이면 거의 만차일듯합니다. 도착하니 감성적인 집모양 외관과 정원이 맞이해 줬어요. 한적한 어느 시골의 외딴집처럼 외부 모습부터 감성적이더라고요. 세 갈래로 문까지 이어진 돌길을 따라 앉으로 들어갔답니다. 2. 파주 대형 카페 감성 분위기 내부도 외관처럼 감성적이었는데요. 파주 대형 카페답게 넓은 규모였어요. 안쪽에 공간이 또 하나 더 있는 등 앉을 자리가 많았죠. 통창으로는 아까봤던 마당뷰가 한눈에 보이고, 우드톤으로 따뜻한 무드가 느껴졌답니다. 의자와 테이블이 여유롭게 놓여 있었어요. 간격이 넓어서 다른 테이블 사람들과 말소리가 겹치지 않아 좋더라고요. 저는 푹신해 보이는 쇼파쪽에 자리를 잡고 주문을 하러 갔답니다. 3. 메뉴 종류 및 주문 파주 카페 메뉴는 크게 음료와 디저트로 나눠져 있었는데요. 기본적인 커피부터 라떼, 티, 에이드까지 선택의 폭이 넓게 갖춰져 있었어요. 디저트도 브라우니, 카스테라, 케이크 등 비주얼 좋은 것들이 많았죠! 그중에서도 눈에 들어온 건 개성주악인데요 찹쌀가루에 막걸리를 넣고 반죽한 뒤 기름에 지져낸 떡에 즙청을 입힌 전통한과에요! 저는 이 연리희재에서 처음 존재를 알았는데 주악이 맛있기로도 유명하더라고요! 누텔라, 도라지... 
안녕하세요. 쭈니버스입니다 오늘은 파주에 위치한 전통 간식 개성주악 맛집으로 노을진 논뷰가 인상적인 고풍스런 카페를 방문해보았는데요 파주 베이커리 카페 연리희재 파주 주소: 경기도 파주시 탄현면 장릉로 51번길 48-21 (1층) 영업시간 : 화일 : 오전 11시 19시30분 (라스트 오더 19시) 매주 월요일 정기휴무 매장앞 도로가와 공터에 주차가능하십니다 논뷰와 장릉뷰가 어우러진 탁 트인 자연 풍경을 가지고있는 파주 베이커리 카페 연리희재 파주는 넓은 들판과 유네스코 세계문화유산 장릉을 바라보며 힐링 타임 도심에서 벗어나 마음까지 쉬어가는 공간으로 이미 많은 분들에게 입소문으로 알려진곳으로 SBS 생방송투데이에도 소개된 맛집인데요 카페앞에 마련된 작지만 아기자기하게 꾸며진 공간은 힐링 그 자체를 ㅂ 느낄수있는데요 논뷰를 바라보며 디저트를 먹을수있는 테이블도 야외에 준비되어 있구요 무엇보다 캠핑장 분위기가 물씬풍기는 티피 스타일의 삼각형 텐트는 글램핑 분위기도 맘껏 즐기실수 있게끔 마련되어 있어서 너무 좋았는데요 또한 아이들과함께 오시는 분들을위해 마련되어 있는 모래놀이 공간도 있었는데요 아이와 함께하는 나들이 코스로 이보다 좋은곳이 있을까 싶네요 파주 베이커리 카페 연리희재 파주는 넓은 실내, 은은한 조명아래 화이트와 우드톤의 조화가 적절한 대비를 이루어 편안함을 느낄수 있는 공간인데요 사계절 감성 가득한 정원 감각적인 인테리어 , 따뜻한 햇살, 자연과 어우러진 공간미를 느낄수있는 곳입니다 화장실도 남녀분리되어 실내에 마련되어 있어서 편리하게 이용가능하시구요 주말의 경우 웨이팅이 많은점 감안하셔야 하는데요 우선 자리를 먼저 확보하신후 주문하시는거 추천드립니다 파주 베이커리 카페 연리희재 파주는 개성주악을 현대적으로 재해석한 시그니처 디저트맛집으로 유명한 곳인데요 전통간식인 개성주악을 현대적으로 재해석해서 남녀노소 누구나 즐길 수 있도록 매일 정성껏 만들어 제공하고 있는 곳인데요 대표 메뉴 개성주악 2500 4200원 (사과 몽블랑 치즈곶감 다식 누텔라 호두정과 생크림 도라지 금귤) 단호박카스테라인절미 6200원 브륄레고구마 7900원 딸기케이크 8200원 개성주악의 경우 올라가있는 토핑의 종류에 따라 가격대가 2500원에서 최대 4200원까지 형성되어 있는데요 가장기본인 개성주악에서부터 사과콩포트 , 호두정과, 금귤정과에 이르기까지 보고만 있어도 눈호강 제대로 하게되더라구요 디저트와 함께...","延裡熙齋

京畿道坡州市炭峴面長陵路51號街48-21號

週二至週日 11:00 - 19:30（週一公休）

延裡熙齋是一家氣氛極佳的咖啡館，距離坡州熙里村和新世界奧特萊斯不遠。我去那裡是因為看到甜點，包括開城甜點，看起來非常誘人。可惜那天陰天，我想如果天氣晴朗，咖啡館的外觀會更加漂亮。戶外草坪上有很多座位，但由於天氣仍然寒冷，很難找到座位。我想等到四月天氣轉暖後，會有很多顧客選擇戶外座位。從外面看，咖啡館裡面似乎很擁擠，但可惜的是，我最後還是排到了等位名單上。不過等位時間並不長，看起來很快就會有空位，所以我決定繼續等，而不是去找其他咖啡館。延裡熙齋的內部裝潢。雖然空間不算小，但桌子之間的距離很遠，營造出一種開闊的感覺。相較於咖啡館的規模，桌子的數量略少。我真的很喜歡這種寬敞的桌子。裡面還有一個像房間一樣的空間，也擺放著一些座位，包括沙發桌。那些沙發桌看起來超舒服，可惜快離開的時候才空出來。哈哈。這裡的甜點擺放得很有格調。延裡熙齋的招牌甜點——開城糕，擺放得非常可愛。這裡只有六種口味，但點餐檯還有更多選擇。我的天哪，到處都是開城糕！它們看起來都那麼美味，真是難以抉擇。哈哈。糾結了好一會兒，我選了最基本的開城餅和蘋果蜜餞開城餅。還有杜拜布朗尼，評論裡說超好吃。簡直就是一場甜點盛宴！哈哈。飲料價格看起來還算正常。這些都是我自己拍的，是不是拍得特別好看？兩杯拿鐵，兩份開城餅，還有一份杜拜布朗尼。咖啡的拉花很漂亮，味道也不錯。我一直在拍照……哈哈。開城餅看起來好可愛。這麼小一份甜點，價格卻有點貴，不過吃起來像在吃有嚼勁的甜甜圈。味道倒不是特別驚艷，但也許是因為這種甜點我平常很少吃到，所以感覺很特別。其實，杜拜布朗尼比開城餅更讓我印象深刻。有人說杜拜甜點已經過了鼎盛時期，但我必須承認，妍麗熙宰的杜拜布朗尼真的太棒了。說實話，之前兩次在Dujjonku吃的甜點我都覺得一般，但這次的迪拜布朗尼味道濃鬱，口感獨特，還有淡淡的堅果香，真的很好吃。就是有點甜，所以我覺得最好搭配一杯不太甜的飲品，像是拿鐵或美式咖啡。哈哈。總之，這道甜點我非常喜歡。咖啡館裡人不多，安靜了不少，氣氛也很好…坡州咖啡館推薦，坡州大型咖啡館，旅遊部落客Havel推薦。坡州咖啡館推薦，Heyri Village附近的大型咖啡館。我想推薦一家我和好朋友一起去過的坡州咖啡館！好久沒去坡州了，這次去玩，白天逛了Heyri Village，晚上就在附近的Yeonri Heejae咖啡館放鬆一下，吃點甜點。這家咖啡館在坡州很大，空間寬敞，氣氛溫馨，是消磨時光的好去處，你懂的。所以，讓我來分享一下我的體驗吧！延裡熙齋坡州店

地址：京畿道坡州市炭峴面長陵路51街48-21號1樓

營業時間：上午11:00 - 晚上7:30（最後點餐時間：晚上7:00）

1. 坡州咖啡館

抵達坡州後，我先遊覽了熙里村。這是一個文化藝術交融的村莊，畫廊、博物館、表演場所和藝術商店鱗次櫛比，漫步在小巷之中本身就是一種樂趣！由於村子很大，我至少在那裡待了兩個小時。認真遊覽之後，我在坡州尋找一家寬敞舒適的咖啡館，這時發現了延裡熙齋。它距離熙里村大約10分鐘車程，所以我很快就到了。在熙里村漫步觀光之後，來這裡歇腳非常方便。一側有一排停車位，可以停在那裡。雖然我是工作日去的，但那裡也停了幾輛車。我這才意識到這裡有多受歡迎。我想週末的時候應該會幾乎滿座。一進門，就被一棟充滿懷舊氣息的房屋造型外觀和花園所吸引。外觀本身就很有氛圍，就像一間隱藏在寧靜鄉村的小屋。我沿著通往大門的石板路走了三段，然後進去坐下。 2. 坡州大型咖啡館的氛圍

咖啡館內部的氛圍和外觀一樣令人​​心曠神怡。作為坡州一家大型咖啡館，它的空間非常寬敞。座位很多，裡面還有一個額外的區域。透過落地窗，我一眼就看到了之前看到的庭院景色，木質色調營造出一種溫暖的氛圍。桌椅擺放得也很舒適。我喜歡這種寬敞的空間，避免了與其他桌客人交談時互相干擾。我在一張看起來很舒適的沙發上坐下，然後去點餐。 3. 菜單類型及點餐方式

這家坡州咖啡館的菜單主要分為飲料和甜點兩大類。選擇非常豐富，從基礎咖啡到拿鐵、茶飲和阿黛爾應有盡有。甜點也十分誘人，例如布朗尼、卡斯蒂拉蛋糕和各種蛋糕！其中最吸引我的是開城餅；這是一種傳統的韓國點心，做法是將糯米粉與米酒混合，油炸後裹上糖漿！我第一次聽說開城餅是在延利熙齋，發現它不僅美味，而且還很有名！榛果巧克力醬、桔梗根…

大家好，我是Jjunibus。今天，我探訪了坡州一家以開城餅聞名的古樸咖啡館，這家咖啡館不僅提供開城餅這種傳統小吃，還能欣賞到日落時分稻田的壯麗景色。坡州麵包咖啡館 Yeonri Heejae

地址：京畿道坡州市炭峴面長陵路51號街48-21號（1樓）

營業時間：週二：上午11:00 - 下午7:30（最後點餐時間下午7:00）

每週一休息

路邊及店前空地均可停車。

坡州麵包咖啡館 Yeonri Heejae 坐擁開闊的自然景觀，稻田與長陵的景色交相輝映。坡州早已是遠近聞名的世外桃源，是遠離都市喧囂、放鬆身心的理想之地，您可以在這裡欣賞廣闊的稻田和聯合國教科文組織世界遺產長陵的壯麗景色。這家咖啡館甚至曾登上SBS電視台的《今日生活》節目。咖啡館門前雖小巧卻充滿魅力，讓您彷彿置身於一片寧靜祥和的綠洲。這裡還有戶外餐桌，可以一邊欣賞稻田美景一邊享用甜點。最特別的是，那頂印地安帳篷式的三角帳篷散發著濃鬱的露營氛圍，我非常喜歡這種讓人能充分體驗豪華露營感覺的空間佈置。這裡也為帶孩子的家庭準備了沙池遊樂區；我想，這裡大概是家庭出遊的最佳去處了。坡州麵包咖啡館 Yeonri Heejae 是一個讓人感覺舒適的空間，寬敞的室內空間，在柔和的燈光下，白色和木質色調和諧交融。在這裡，您可以體驗到空間與自然完美融合的美感，感受四季皆宜的花園氛圍、時尚的室內設計以及溫暖的陽光。男女洗手間分開，位於室內，使用方便。請注意，週末可能需要長時間排隊，因此我建議您在點餐前先找好座位。坡州烘焙咖啡館 Yeonri Heejae 以其招牌甜點而聞名，提供現代改良版的開城餅。他們每天精心製作並供應這款傳統小吃，讓所有年齡層的人都能享用。代表性菜單：開城餅 2,500 韓元（4,200 韓元）（蘋果、蒙布朗、起司、柿餅、大食、榛果巧克力醬、核桃糖、鮮奶油）。桔梗金桔；甜南瓜年糕 6,200 韓元；紅薯布蕾 7,900 韓元；草莓蛋糕 8,200 韓元。至於開城餅，價格根據配料的不同，從 2,500 韓元到最高 4,200 韓元不等。從最基本的開城酒到蘋果蜜餞、糖漬核桃和糖漬金桔，光是看著它們就是一種視覺饗宴。再加上甜點…","파주 장릉이 내려다보이는 조용한 풍경 속,
전통 디저트 개성주악을 현대적으로 재해석한 공간 <연리희재>입니다.

연리희재는 전통 간식인 개성주악을 현대적으로 재해석해 남녀노소 누구나 부담 없이 즐길 수 있도록 연리희재만의 레시피로 매일 정성껏 준비하고 있습니다.

바쁜 일상 속에서 잠시 속도를 늦추고 고요한 풍경과 함께 여유로운 시간을 보낼 수 있도록 디저트와 공간, 그리고 머무르는 순간까지 정성을 담아 준비했습니다.

[ 연리희재의 시작 ]

연리희재는 전통 간식 개성주악을 현대적으로 재해석하며 개성주악 유행의 시작점으로 알려진 공간입니다. 연리희재만의 레시피와 정성스러운 디저트로 입소문이 퍼지며 오픈 3개월 만에 백화점과 마켓컬리의 러브콜을 받았고, 이후 SBS 생방송투데이에 소개되며 많은 분들의 사랑을 받아왔습니다.

전통 디저트의 매력을 새로운 방식으로 전하며 지금도 많은 분들이 연리희재의 개성주악을 찾아 방문하고 있습니다.

[ 연리희재의 정성 ]

연리희재의 개성주악은 하나하나 손으로 빚어 정성스럽게 만들어지는 전통 디저트입니다. 예로부터 귀한 손님을 위해 내어놓던 간식의 의미를 담아
연리희재만의 레시피로 매일 정성껏 준비하고 있습니다.

정성과 전통의 의미를 담은 디저트로 부모님, 감사한 분들께 전하는 품격 있는 선물로도 많이 찾고 있습니다.

[ 연리희재의 풍경 ]

감성적인 인테리어와 사계절 내내 아름다운 정원, 탁 트인 논뷰와 장릉이 한눈에 들어오는 풍경 속에서 바쁜 일상 속 잠시 쉬어갈 수 있는 여유로운 시간을 제공합니다.

아이들과 함께 방문하시는 가족 손님들을 위해 모래놀이 공간도 마련되어 있습니다. 아이들은 자연 속에서 자유롭게 놀고 부모님은 여유롭게 커피와 디저트를 즐길 수 있는 공간입니다.

전통의 정성과 여유로운 풍경이 함께하는 공간,
파주 연리희재에서 천천히 머무르는 시간을 경험해 보세요.",,연리희재 파주 탄현,Yeonri Heejae Paju Tanhyeon
한정선,韓正善,"카페,디저트",咖啡館，甜點,영업 전,1151,2129,서울 성동구 연무장길 43-1 1층,首爾市城東區延武莊路43-1號1樓,성수역 4번 출구에서 243m,距聖水站4號出口243米,영업 전 10:30에 영업 시작,,http://pf.kakao.com/_WTtbn,포장,,"한정수량 만년설 찹쌀떡 5500원
한정수량 생딸기 두바이 찹쌀떡 7500원
한정수량 두바이st 찹쌀떡 6500원
한정수량 초코딸기 찹쌀떡 5500원
생딸기 찹쌀떡 4200원
한정수량 골드망고 찹쌀떡 5500원
샤인머스캣 찹쌀떡 4500원
쑥생딸기 4500원
골드키위 찹쌀떡 4500원
홍시 찹쌀떡 4200원
앙버터 찹쌀떡 (고메버터) 3500원
통귤 찹쌀떡 4000원
허니골드 파인애플 찹쌀떡 4000원
6구 선물세트 32000원
9구 선물세트 46000원","限量版 永恆雪糯米糕 5,500 韓元

限量版 鮮草莓杜拜糯米糕 7,500 韓元

限量版 杜拜風味糯米糕 6,500 韓元

限量版 巧克力草莓糯米糕 5,500 韓元

鮮草莓糯米糕 4,200 韓元

限量版 金芒糯米糕 5,500 韓元

閃耀麝香糯米糕 4,500 韓元

艾草鮮草莓糯米糕 4,500 韓元

金奇異果糯米糕 4,500 韓元

熟柿糯米糕 4,200 韓元

安格奶油糯米糕（特級奶油） 3,500 韓元

整塊橘子糯米糕 4,000 韓元

蜜汁鳳梨糯米糕 4,000 韓元

6 件套禮盒 32,000 韓元

9 件套禮盒 46,000 韓元","한정선 성수본점 과일찹쌀떡 과일모찌 후기 달달한 찹쌀떡은 언제 먹어도 맛있죠? 이날은 성수동 갔다가 아들이 좋아하는 한정선 성수본점이 보이길래 들러서 한정선 과일찹쌀떡 포장해온 날이에요 휴대폰에 담긴 사진들을 정리하다 보니 정성스럽게 찍어둔 기록들이 나와서 가볍게 공유해 봅니다. 요즘은 두바이 찹쌀떡으로 난리났던데 아들은 두바이 찹쌀떡을 별로 좋아하지 않아서 이날은 과일찹쌀떡으로만 사왔답니다. 팥이 들어간 찹쌀떡 종류는 그리 즐기지 않는 편이지만 신기하게도 상큼한 생과일이 통째로 들어간 과일찹쌀떡 만큼은 무척 잘 먹어서 맛있는 곳이 보이면 종종 사다 준답니다. 모찌는 찹쌀을 쪄서 절구로 쳐서 만든 떡을 의미하는 일본어입니다. 우리에게는 찹쌀떡이라는 명확하고 예쁜 명칭이 존재하지만, 생과일을 넣은 형태의 디저트가 대중적인 인기를 끌면서 과일모찌라는 표현도 일상적으로 흔히 사용되고 있어요. 쫀득한 식감과 과육의 청량함이 조화를 이루는 것이 특징이며 한정선은 이러한 디저트를 세련되고 정갈하게 빚어내는 브랜드로 잘 알려져 있습니다. 성수동 나들이 길에 방문했던 한정선 성수본점 매장은 입구부터 분주했어요. 사람이 너무 많아서 얼른 포장을 부탁드렸는데요. 종류가 다양한 한정선 찹쌀떡 중에서 팥을 선호하지 않는 아이를 위해 과일의 맛이 잘 느껴지는 구성을 찾고 있었는데, 마침 여러 과일이 조화롭게 들어간 구성이 있어 바로 담아왔습니다. 바로 세가지 맛 찹쌀떡이었는데요. 아이스팩을 넣어 보냉백에 담아 주셔서 집에 도착해서도 냉기가 느껴지더라고요. 한지 포장을 벗길 때마다 느껴지는 정성스러운 매력이 돋보였습니다. 함께 들어있던 보관방법 안내 카드를 확인하니 생과일 제품은 가급적 당일에 섭취하는 것이 가장 좋고, 냉장 보관을 하더라도 이틀 안에는 먹어야 신선한 맛을 온전히 경험할 수 있다고 적혀 있었어요. 준비한 떡을 조심스럽게 잘라보니 화사한 과일의 단면이 그대로 드러났습니다. 사진으로 남겨둔 이 구성은 딸기와 샤인머스캣, 그리고 바나나가 함께 어우러진 형태였어요. 보통 한 가지 과일만 들어간 것과 달리 세 가지 과일이 한 알의 찹쌀떡 안에 옹골차게 들어있는 모습이 보기에도 무척 근사했습니다. 과일찹쌀떡 피가 아주 얇으면서도 쫀득하게 과일을 감싸고 있어 과육 본연의 식감이 입안에 고스란히 전달되었고요. 저는 커피와 함께 즐겼고 아들도 화려한 단면을 보며 무척 좋아했고 기분 좋게 간식 시간을 보냈답니다. 딸기의 상큼함과... 
안녕하세요 여행인플루언서 서아입니다 서울여행을 수도 없이 하면서 자주 찾게 되는 서울역 요즘은 수서역, 용산역도 애용하지만 서울역에 다양한 컨텐츠와 먹거리가 가득해서 더 들리고 싶게 만드는 곳인데요 오늘은 서울역을 지나쳐 가신다면 꼭 들려봐야 할 간단하지만 기억에 남는 디저트를 추천해 드리려고 합니다. 요즘 난리인 두쫀쿠 대란 알고 계신가요? 두바이에서는 팔지도 않는다는 두바이쫀득쿠키가 엄청난 유행을 선도한지 3개월이 넘은 듯 한데 식을 줄 모르는 인기에 어딜가도 품절 대란이죠 1. 한정선 녹 서울역점 매일 05:00 - 01:00 (익일) 서울 중구 한강대로 405 커넥트플레이스 서울역점 2층 한 때는 한정선도 두쫀쿠 못지 않는 인기로 1시간 이상 기다리지 않으면 사먹기가 힘들정도로 핫한 곳이었는데요 성수동에서 시작했지만 이제는 백화점이나 서울역까지 총 5개의 매장이 있다보니 예전보다 웨이팅이 많이 줄어들어 적당한 기다림으로도 구입이 가능해졌습니다 2. 웨이팅 시간 사실 성수 한정선에 갔을때 줄이 최소 1시간은 기다려야 할 것 같아서 웨이팅을 포기했는데 더현대 한정선에서 줄 서보니 금방이더라구요 웨이팅 줄이 길어보여도 모두 빠르게 원하는 찹쌀떡을 골라 계산 후 포장만 해가는 구조라서 금방 빠져들었어요 저는 5분정도 기다린것 같아요 3. 찹쌀떡 메뉴 종류 가격 서울역 한정선에서 판매하고 있는 찹쌀떡 종류입니다 시즌마다 메뉴는 조금씩 달라지는데요 가장 저렴한 앙버터 3,500원부터 생딸기두바이는 7,300원까지 합니다 이 중 대표메뉴는 아무래도 생딸기찹쌀떡이지만 요즘같은 두쫀쿠 대란에 두쫀쿠를 사먹지 못하는 저는 두바이찹쌀떡을 골랐어요 아 그리고 서울 인절미 찹쌀떡(4,500원)은 서울역에서만 판매하는 특별메뉴입니다 밤이 들어있는 메뉴네요 쇼케이스에 남아있는 찹쌀떡만 보아도 어떤 메뉴가 가장 인기가 있는지는 한 눈에 보이지 않나요? 두바이 찹쌀떡과 생딸기두바이찹쌀떡은 누가 봐도 잘 나가는 메뉴임을 알 수 있었어요 선물세트로 구입하시면 이렇게 고급스러운 포장도 가능합니다 하지만 가격보고 눈을 감아볼게요 계산을 마친 후에는 영수증에 적힌 번호를 불러주실때까지 옆에서 얌전히 기다리면 됩니다 드디어 손에 쥔 한정선 포장! 포장받으실때 물티슈도 부탁드려서 한두개 챙겨오시면 좋습니다 4. 보관방법과 맛 후기 과일이 들어있는 한정선 찹쌀떡은 당일섭취를 권장하고 두바이나 홍시, 앙버터는 냉장보관시 2일내로 섭취할 것을 권장하더라구요... 
안녕하세요. 스페이스 크리에이터입니다. 오늘은 오랜만에 성수 상권 돌아다니면서 2026년 버전 성수 상권 특성을 살펴봤어요. 성수 상권 특성 1 : 부수고 짓다 먼저 팝업의 성지라 불리는 성수답게 지속적인 변화위해 계속해서 부수고 짓고 반복하고 있습니다. 방문객 입장에서는 매번 올때마다 달라지는 장점이 있지만 인테리어 철거로 인한 폐기물도 엄청날듯하네요, 성수 상권 특성 2 : 대형천막간판 그리고 앞선 특성에 이어지는건데요. 계속해서 바꿀 수 있는 대형천막형 간판이 있다는 것입니다. 물론 압구정 도산 등에도 있지만요. 한번 시공하면 바꾸기 힘든 일반 간판보다 빠르게 바꿀 수 있는 장점도 있고 수없이 많은 팝업, 매장 중에서 눈에 띌 수 있는 장점도 있어서 많이 활용하는듯합니다. 성수가 워낙 유동인구가 만다보니 간판 자체도 광고판 역할을 하니 매장이 하나의 거대한 광고판의 목적으로 활용할 목적이 있을 것이지 않을까 싶습니다. 더 나아가서 대형간판이라고 할 순 없지만 LED 등도 왕왕 활용하는 모습인데 무신사 사옥에 있지만 빛공해 이슈도 있나봅니다. 성수상권특성 3 : FNB전략다양성 이제 FNB 운영 모델을 살펴봅시다. 우선 성수는 대한민국 1등 상권답게 임대료가 상당히 비쌉니다. 그렇기에 FNB 객단가로해서 매장 운영하기에 상당히 벅차죠. 그래서 이렇게 작은 매장형태로 체험공간을 줄이고 매대에 바로 팔 수 있는 거의 유통에 가까운 구조를 지닌 매장들이 꽤나 많았는데요. 저도 한번 돌아보다가 어쩌다보니 한정선 찹쌀떡 2개를 사버렸는데요. 가격이 얼마인지 모르고 샀는데 결제하고 나니 찹쌀떡 1개에 7000원?? 이렇게 해야지 성수 상권에서 FNB로 객단가 맞출 수 있을듯합니다. 그리고 위와 같이 유통 느낌으로 파는 것이 아니라면 강력한 맛집 포지셔닝(소문난성수감자탕, 능동미나리 등처럼)으로 지속적으로 줄세워 장사하는 방식을 할 수 있는 곳만 살아남을 수 있어보였는데요.(메인상권) 그렇지 않는 일반 식당, 카페 등은 메인 상권에서의 영업보다는 다들 23층이나 골목 등으로 들어가서 유지비용을 낮추면서 영업을 이어가는 모습이였습니다. 슈카글로우랑 팝업했었던 etf인가요? 작년이였던 것 같은데 아직도 매장은 철거를 하지 않은듯하네요? 그리고 성수의 터줏대감 대림창고는 여전히 사람들이 붐비는듯합니다. 성수 상권 특성 4 : 패션, 뷰티 유통 메인 상권에서 한자리씩 차지하고 있는 매장들을 보면 올리브영, 패션, 뷰티 등 한번에 손님도 많이 받을 수 있으면서 판매도...","韓正善聖水總店水果糯米糕和水果麻糬評測。甜糯米糕無論什麼時候吃都好吃，對吧？那天我去聖水洞，看到了兒子很喜歡的韓正善聖水總店，就進去買了些韓正善水果糯米糕帶走。整理手機照片的時候，翻出了這些精心拍下的照片，想著跟大家簡單分享一下。最近杜拜糯米糕很火，但我兒子不太喜歡，所以那天我只買了水果糯米糕。他不太喜歡紅豆餡的糯米糕，但出乎意料的是，他很喜歡吃裡面有新鮮水果的水果糯米糕，所以每次看到有賣水果糯米糕的地方，我都會買給他。 「麻糬」是日文中糯米蒸熟後搗碎成的年糕。雖然它有一個清晰優美的名字“糯米糕”（chapssal-tteok），但隨著添加新鮮水果的甜點越來越受歡迎，“水果麻糬”這個詞也經常出現在日常生活中。韓正善以其精緻優雅的水果麻糬而聞名，其特色在於軟糯的口感與水果的清爽完美融合。我在聖水洞遊玩時去了韓正善聖水總店，店裡從門口就熙熙攘攘。由於人很多，我很快就買了外帶。韓正善的麻糬種類繁多，我特意挑選了一款水果口味比較突出的，因為我的孩子不喜歡紅豆沙；幸運的是，店裡正好有一款水果口味均衡的套餐，於是我立刻就買了下來。那是三味糯米糕。他們用保溫袋裝著，裡面還放了冰袋，所以即使到家後我還能感受到它的冰涼。每次撕開韓紙包裝，都能感受到這份用心。查看隨附的儲存指南卡，上面寫著新鮮水果製品最好當天食用，即使冷藏，也應在兩天內食用，才能充分體驗其新鮮口感。小心翼翼地切開糯米糕，鮮豔的水果切面映入眼簾。照片裡這套是草莓、麝香葡萄和香蕉的組合。與通常只包含一種水果的麻糬不同，三種不同的水果緊密地包裹在一個麻糬裡，真是令人驚艷。水果麻糬的面皮很薄卻很有嚼勁，完美地包裹著水果，讓水果的天然口感完整地呈現在口中。我配上咖啡享用，我的兒子也很喜歡觀察這五彩繽紛的切面；我們享用了一頓美味的點心。草莓的清新爽口…

大家好，我是旅行部落客徐雅。我去過首爾無數次，所以我常常會去首爾車站。雖然最近我也常去水西站和龍山站，但首爾站總是讓我更想去，因為那裡美食和各種內容應有盡有。今天，我想推薦一款簡單卻令人難忘的甜點，如果你經過首爾站，一定要嚐嚐。你聽過最近風靡全球的「Dujjonku」嗎？這款在杜拜都不賣的「杜拜軟曲奇」已經火爆了三個多月了，至今熱度不減，到處都是搶購一空的景象。 1. 韓正善綠首爾站分店：每日 05:00 - 01:00（隔天），首爾市中區漢江大路405號，Connect Place首爾站2樓。韓正善曾經和杜拜軟糖一樣受歡迎，以至於想買它都要排隊一個多小時。雖然它最初在聖水洞起家，現在包括百貨公司和首爾站在內的共有五家分店，但排隊時間相比以前已經大大縮短，現在可以比較輕鬆地買到了。 2. 排隊時間：實際上，我去聖水洞分店的時候，因為看起來至少要等一個小時，所以就放棄了。但是，當我在現代汽車城的韓正善分店排隊時，速度卻很快。雖然隊伍看起來很長，但係統設計得很巧妙，每個人都能快速挑選自己想要的糯米糕，付款後直接帶走，所以我一下子就愛上了這種購物方式。我大概只等了5分鐘。 3. 糯米糕種類及價格：以下是首爾站韓亭仙出售的糯米糕種類。菜單會根據季節略有變化；價格從最便宜的3500韓元的紅黃油糯米糕到7300韓元的鮮草莓迪拜糯米糕不等。其中，鮮草莓糯米糕無疑是招牌產品，但由於最近因為豆瓣醬太火爆，我買不到豆瓣醬，所以我選擇了杜拜糯米糕。對了，首爾年糕（4500韓元）是首爾站的特供，裡面加了栗子。光看櫥窗裡剩下的年糕，你是不是一眼就能看出哪款最受歡迎？迪拜年糕和鮮草莓迪拜年糕顯然是銷售冠軍。如果購買禮盒，就能享受這種精緻的包裝。不過，價格嘛，我還是會睜一隻眼閉一隻眼。付款後，只需在櫃檯旁耐心等待叫號即可。終於，韓定仙的年糕到手啦！建議在打包的時候順便要幾包濕紙巾，可以帶一兩包在身邊。 4. 保存方法及口味評估：含水果的韓定仙年糕建議當天食用，而迪拜年糕、柿子年糕和紅豆年糕，冷藏後建議2天內食用…

大家好，這裡是Space Creator。今天，我時隔許久再次來到聖水商業區，探索2026年聖水商業區的特色。聖水商業區特徵一：拆建頻繁。首先，聖水素有「快閃店聖地」之稱，為了保持新鮮感，這裡不斷地拆建。從遊客的角度來看，每次來都能看到不同的景象，這固然是一大優勢，但內部拆建產生的垃圾量想必十分巨大。聖水商業區特色二：大型帳篷式招牌。接續前一個特徵，這裡還有可以重複更換的大型帳篷式招牌。當然，狎鷗亭和島山等地也有類似的招牌。它們之所以被廣泛使用，是因為相比安裝後難以更改的普通招牌，帳篷式招牌更換起來更加便捷，而且在眾多快閃店和店鋪中也格外醒目。由於聖水人流量龐大，招牌本身就如同廣告看板一般，所以我懷疑這些店舖的設計初衷就是為了打造一個巨大的廣告空間。此外，雖然它們可能不算是大型廣告牌，但卻經常使用LED燈；即便位於武信社總部，似乎也存在光污染問題。聖水商業區特色三：FNB策略的多樣性。現在，讓我們來考察一下FNB的營運模式。首先，作為韓國首屈一指的商業區，聖水的租金相當昂貴。因此，以FNB的平均交易額來經營店鋪頗具挑戰性。所以，聖水有很多店鋪採用更接近零售分銷的結構，以小型店鋪形式為主，盡量減少體驗空間，並允許顧客在櫃檯直接購買商品。我當時閒逛時碰巧買了兩個韓定仙糯米糕。我買的時候不知道價格，但付款後才發現，一個糯米糕竟然要7000韓元？看來這是聖水商業區滿足FNB平均交易金額要求的唯一途徑。除非他們採用上文提到的分銷模式，否則似乎只有那些能夠憑藉強大的餐廳定位持續吸引長隊（例如Somunnan Seongsu Gamjatang或Neungdong Minari）的餐廳才能在主商業區生存下去。不符合這種模式的普通餐廳和咖啡館似乎都在搬遷到23層或巷子里以降低營運成本並繼續經營，而不是在主商業區繼續營業。那家ETF是不是跟Shuka Glow合作開快閃店的？我記得是去年，但那家店好像還沒拆？還有，聖水的老牌地標大林倉庫（Daelim Warehouse）似乎仍然人潮洶湧。聖水商業區特色四：時尚美妝經銷。看看那些佔據主要商業區黃金地段的店鋪——比如 Olive Young 時尚美妝店——它們可以同時接待大量顧客，同時…","한국의 정서를 느낄 수 있는 공간과 맛, 한정선입니다.

온화한 백색의 넉넉하고 꾸밈없는 형태의
백자 달항아리는 들어온 '복(福)'을 담는 의미로
한정선에 방문하시는 분들께
'복(福)'을 전달하고자 벽장 가득 진열되어 있습니다.

제품을 구매하지 않으셔도 좋습니다.
잠시 들러 복을 담는 마음으로,
편안하게 머물다 가시길 바랍니다.",,한정선 성수,韓正善聖洙
시케아 성수,聖水,떡카페,米糕咖啡館,24시간 영업,21,51,서울 성동구 뚝섬로 423 105호,首爾特別市城東區纛島路 423 105 室,성수역 3번 출구에서 810m,距聖水站3號出口810米,24시간 영업 연중무휴,0507-1380-0543,https://www.instagram.com/sikea.seongsu,"배달,포장,단체 이용 가능,방문접수/출장,예약,무선 인터넷,남/녀 화장실 구분,대기공간,주차",,"식혜(1EA) 1500원
식혜(10EA)고급선물박스 14900원","錫克耶 (1 EA) 1,500 韓元

Sikhye (10 EA) 高級禮盒 14,900 韓元","시케아 성수동 집들이 추천 바이어 외국인 선물 식혜 맛집 sikea 안녕하세요 뽀랑이에요 :) 오늘은 시케아 성수동 집들이 추천 바이어 외국인 선물 식혜 맛집 sikea에서 식혜가 도착했어요! 얼마 전에 명절도 아닌데 급 식혜가 땡겨서 식혜를 주문해서 집에서 즐겨주었는데요 하율이가 간식 먹을 때 꼭 찾길래 다시 주문하려고 둘러보다가 sikea 식혜를 알게 되어 냉큼 주문해서 받아보았어요 sikea SIKEA 시케아 성수 식혜 100ml 10개입 선물세트 성수동 집들이선물 바이어 거래처 외국인친구선물 원산지:국산 식혜 10개 14,900원 sikea 식혜는 HACCP 인증 시설에서 제조된 제품으로 전통 식혜 본연의 맛을 느낄 수 있다고 하는데요 100 국산 재료로 만들어졌고 생강 맛을 없애기 위한 생강 엑기스를 빼고 밥알을 첨가하지 않아 식혜를 처음 맛보는 외국인들도 한국 전통 음료에 호감을 갖고 즐길 수 있도록 레시피를 무려 30번이나 수정해서 고도 정밀한 맛을 내었다고 하니 그 맛에 더욱 기대 뿜뿜 특히나 감각적인 디자인으로 선물용으로도 제격이라고 하니 다가오는 이번 연말 선물로 준비해도 좋을 듯 해요 sikea 식혜가 집에 막 도착해서 바로 오픈해보았는데요 파아란 색감의 상자와 패키지가 눈에 띄었는데 특히나 상자는 입구를 차차착 접어서 들고 다니기 편한 손잡이로도 변신이 가능해서 선물로 도착한 sikea 식혜들이라면 따로 포장을 준비없이 그대로 건내기에도 좋을 듯 하네요 상자들에서 식혜들을 꺼내보았는데요 가장 눈에 띄었던 건 패키지에 적혀져 있는 영문으로 된 시케아 식혜! 기발하기도 하고 외국인들에게는 우리 나라 전통 음료인 식혜에 대한 낯설음을 줄여 줄 듯 싶어요 식혜 패키지에는 먹기 편하게 팩 자체에 각각 따개들이 달려 있어서 외출할 때 하나씩 가방에 넣어 등산부터 캠핑, 골프, 운동 할 때 등등 어디서든 간편히 즐길 수 있으니 오메 좋은 것! 팩에 그려진 은은한 우리나라 전통 문양도 참 돋보여서 외국인 친구들에게는 인기만점일 듯 싶네요 sikea 식혜를 통해 우리 나라의 전통 음료 식혜의 세계화가 곧 이루어지겠쥬?! 시케아 성수동 집들이 추천 바이어 외국인 선물 식혜 맛집 sikea! 냉장, 냉동 보관이 모두 가능하고 가위나 칼 없이도 팩 하나만 챙기면 어디서든 마시기 편하고 외국인 선물로도 제격인 식혜는 sikea에서 만나요 뿅! 식혜 외국인선물 식혜의세계화 전통음료 외국인선물추천... 
안녕하세요 채콩입니당 성수 기념품으로 인기좋은 시케아 식혜 전통음료를 주문해서 한 번 먹어보았어용 역시 전통음료인 식혜 선물답게 외국인 선물로도 주기 좋아보였구요 성수동 핫플로 떠오르고있는 성수동 시케아의 식헤는 전통음료인 식혜의 본연의 맛을 지키면서도 패키징이 고급지고 깔끔하더라구요 상세 리뷰 시작해보도록 할께요 외국인 선물세트 성수 기념품 시케아 식혜 배송받아봤는데 박스부터 고급지더라구요 100ml 10개입인데다가 파란색 깔끔하게 패키징되어있답니다 14,900원의 가격이라 만원대에 실속있는 선물세트로 주변 외국인 지인들한테 줄 수 있겠더라고용 만원대라 가성비도 좋고 포장도 깔끔해서 알찬 구성이에용 특이하게 시케아 식혜에는 밥알이 들어가있지 않아서 오히려 외국인들 입맛에 더 잘맞을 것 같더라고요 저도 식혜 안에 밥알은 빼고 음료만 먹는편이었어서 오히려 밥알이 들어가있지 않은 식혜가 깔끔하니 제 입맛에 더 잘맞았어요 뻔한 기념품보다 전통음료인 식혜 기념품이 더 기억에 남지 않을까 싶네요 성수동 시케아 매장은 24시간 운영되거 있어서 성수 구경하다가 들려서 사기에 좋더라구용 전 온라인에서 구매했지만 오프라인 매장에서도 접하실 수 있어용 성수동엔 구경거리가 이렇게 많다뉭 조만간 성수동에 놀러가바야겠어영 하나에 100ml라서 부담스럽지도 않아용 58kcal입니당 시케아 밑에 성수동 써잇어서 오히려 성수 기념품으로 더 주기 좋은거 아시죵 또 100프로 국내산 재료만 사용이 됐다는 점두 한가지 뽀인트에요 유통기한은 올해 10월까지라서 넉넉하더라구요 밥먹고나서 입가심용으로 먹으면 금방 안에 있는 식혜 다 먹을 듯 식혜 먹구 나면 입에서 텁텁함이 남던 적도 있었는데 시케아 식혜는 텁텁함이 1도 없었어요 과하게 달지도 않아 식혜를 첨 접해보는 외국인이나 아이들이 먹기에 딱이에요 거부감 없이 매일 먹을 수 있는 부담스럽지 않은 맛있는 맛 운동하고 와서 딱 먹으면 더 좋을 것 같습니다용 개별포장되어있으며 돌려서 여는 캡형으로 돼있어서 먹기에도 간편하구 위생적인 면에서도 좋네용 색깔을 함 보기 위해서 컵에다가 따라볼께용 시중에 있는 혜에 비해 덜 달고 진하다보니 살짝 연한 노란색의 식혜에요 팩으로 되어있어서 간편하게 친구들이나 지인들 만날 때 하나씩 주기에도 간편하구 회사에 갖구다니기 좋겠더라구요 1봉지에 부담없이 먹을 수 있는 양이라 물을 많이 안먹는 저에게도 딱 알맞은 양이었어요 나중에는 숙취있을때 먹기에도...","西雅聖水洞西雅茶飲推薦，喬遷禮物，送給親友，知名西雅茶飲店。大家好，我是Bborang :) 今天，來自西雅茶飲店的西雅茶飲到貨啦！西雅茶飲店位於聖水洞，是喬遷宴、送給親友和饋贈親友的理想之選！前段時間，雖然不是假日，但我突然很想吃西雅茶飲，於是就下單買了一些回家享用。因為Hayul吃零食的時候總是點名要吃西雅茶飲，所以我四處瀏覽想多買一些的時候，發現了西雅茶飲店。我趕緊下單，很快就收到了。西雅茶飲聖水洞西雅茶飲100毫升10瓶裝禮盒。適合作為聖水洞喬遷禮物、送給親友、贈與商業夥伴和贈與外國朋友的禮物。產地：韓國。 10瓶西雅茶飲售價14,900韓元。宜家茶飲（Sikea Sikhye）產自HACCP認證工廠，據說能讓您體驗到正宗的傳統茶飲風味。它採用100%韓國本土原料，配方經過多達30次的改良，力求達到高度精準的口感——不添加用於掩蓋薑味的薑提取物，也不添加米粒——即使是第一次嘗試茶飲的外國人也能輕鬆愛上這款韓國傳統飲品。我真的很期待它的味道！而且它時尚的設計也使其成為完美的禮物之選，我覺得把它當作年末禮物送人是個不錯的選擇。我剛到家就迫不及待地打開了宜家茶飲。亮藍色的盒子和包裝一下子就吸引了我的目光。尤其值得一提的是，盒子開口處可以巧妙地折疊成一個方便攜帶的提手，所以如果這些宜家茶飲是作為禮物送人的，可以直接贈送，無需任何額外的包裝。我從盒子裡拿出韓式熱飲，最引人注目的是包裝上的英文：「IKEA Sikhye」！這個設計很巧妙，感覺能幫助外國人更了解我們的傳統飲品－韓式熱飲。包裝上每個小袋都配有獨立的開啟器，方便飲用，出門在外可以隨身攜帶，隨時隨地享用——無論是徒步旅行、露營、打高爾夫球還是運動健身。哇，太棒了！包裝上精緻的韓式傳統圖案也十分醒目，我想我的外國朋友們一定會非常喜歡。有了IKEA韓式熱飲，我們的傳統飲品走向世界指日可待，對吧？ ！宜家，聖水洞喬遷新居、送給親友和外國人的首選韓式熱飲店！韓式熱飲可以冷藏也可以冷凍，無需剪刀或刀具，只需一袋即可隨時隨地享用，是送給外國人的完美禮物。在Sikea就能找到！送給外國人的錫克茶禮盒，錫克茶的全球化，傳統飲品推薦，送給外國人的禮物…

大家好，我是Chaekong。我訂購並品嚐了Sikea錫克茶，這是一種在聖水很受歡迎的傳統飲品，也是當地特產。正如預期的那樣，作為錫克茶這種傳統飲品，它似乎是送給外國人的絕佳禮物。位於新興熱門景點聖水洞的Sikea，在保留傳統飲品原汁原味的同時，也擁有精緻奢華的包裝。接下來，讓我們開始詳細評測。我收到了Sikea錫克茶禮盒，這是送給外國人的禮物，也是聖水特產。禮盒本身就顯得非常精緻。裡面有10小盒，每盒100毫升，包裝精美，採用藍色。售價14,900韓元，在10,000韓元價位區間，這似乎是一款非常實用的禮物，可以送給外國朋友。價格在10000韓元左右，性價比很高，包裝也很精緻，感覺很值得。 Sikea的這款茶飲很特別，裡面沒有米粒，感覺更符合外國人的口味。我以前也習慣把米粒挑出來只喝裡面的液體，所以其實我更喜歡有米粒的……這款不加任何配料的茶飲口感清爽，更合我的口味。我覺得傳統的茶飲比普通的紀念品更有紀念意義。聖水洞的Sikea專賣店24小時營業，所以在聖水觀光的時候順便去買點東西很方便。我是網路上買的，不過實體店裡也有賣。我之前不知道聖水洞有這麼多好玩的地方，一定要找時間再去看看。每瓶100毫升，不重，熱量只有58千卡。既然「聖水洞」寫在「Sikea」下面，那它肯定是更棒的聖水伴手禮，對吧？另一個亮點是它採用100%國產原料。保存期限到今年10月，所以時間很充裕。如果飯後用它來清口，應該很快就能喝完。我以前喝過一些西茶，喝完後嘴裡會留下餘味，但Sikea的西茶完全沒有。它的甜度適中，非常適合外國人或第一次嘗試西茶的小朋友。口感清爽，味道鮮美，適合日常飲用。我覺得運動後喝一杯會更好。它採用獨立包裝，旋蓋設計，方便飲用，也很衛生。我倒進杯子裡看看顏色。與市面上常見的西克耶相比，這款西克耶甜度較低，口感更濃鬱，顏色也略帶淡黃色。它採用獨立包裝，方便與朋友或熟人見面時贈送，也很適合帶去上班。每包的量適中，即使我平常不太喝水，我覺得剛剛好。以後我想，宿醉的時候喝點應該也不錯…","K음료 식혜의 세계화라는 비전을 가지고,
전통의 깊이를 현대적인 감각으로 풀어낸 프리미엄 식혜 브랜드, SIKEA 입니다!

인식하기쉽고 재미를 더한 네이밍으로 식혜를 전세계속에 알리고자 하는 목표가 있습니다!!

100% 국내산 쌀과 엿기름
無색소, 無보존료, 無합성감미료
깔끔하고 세련된 프리미엄 디자인
한식과 디저트 모두에 어울리는 트렌디한 감성, SIKEA

Korean traditional beverage Sikhye.
Sikhye is difficult to pronounce, so people say si-ke except for Koreans.
To help promote Sikhye globally, I created the English name SIKE, and added an ..A.. at the end to give it a friendlier and more appealing sound.
This is how the brand name SIKEA was born.
I think it will help to inform many people around the world of sikhye.",,한정선 성수,韓正善聖洙
부빙,浮冰,빙수,刨冰,오늘 휴무,1193,1227,서울 종로구 창의문로 136 부빙,首爾特別市鐘路區昌義門路 136 Bubing,,#VALUE!,오늘 휴무 03/27 휴무,02-394-8288,https://app.catchtable.co.kr/ct/shop/boobing?from=share&type=WAITING,무선 인터넷,"수요미식회 209회, 19.07.02.2019년 7월 2일 밀크티빙수/캐러멜빙수/골드파인빙수생생정보통 914회, 14.07.14.2014년 7월 14일 팥빙수/살구빙수","팥빙수 1100019000원
딸기빙수 15000원
카라멜빙수 1200021000원
말차빙수 1300023000원","紅豆冰糖 11,000~19,000 韓元

草莓冰糖 15,000韓元

焦糖冰糖 12,000~21,000韓元

抹茶冰沙 13,000~23,000 韓元","굳이왜씨는 중족골 골절 상태라 지난 10월에는 가을임에도 멀리 단풍 구경을 가지 못했다. 지금도 집에서 요양을 해야 하지만 너무 답답해서 어제는 명동과 남산을 잠시 다녀왔는데. 오늘 일요일엔 비가 온다고 하여 집에 있으려 했지만 날씨가 너무나 맑은걸? 산책이라도 할 겸 부인님과 강북쪽으로 가볼까 한다. 느지막이 일어나 점심을 먹고 나와 도착한 곳은 부암동. 날씨가 좋으니 경복궁역에서 걸어가도 좋았겠지만, 굳이왜씨의 발 상태가 영 좋지 않아 버스를 타고 갔다. 교통은 조금 불편하지만 동네 자체가 운치도 있고 좋은 곳이라 종종 찾는 곳이다. 오랜만에 부빙에 들러본다. 여름이 지났어도 여전히 사람들로 북적인다. 1인 1메뉴를 주문해야 하는데, 무엇을 먹을까 생각하다 무화과 빙수와 밤 빙수를 골랐다. 빙수 2개에 3만 원이 넘는다니 조오금 부담스럽긴 하지만 맛있긴 하니까 그러려니 합시다. 밤 디저트의 숙명은 다들 아시다시피 어떻게 만들어도 바밤바와 비교당할 수밖에 없는 건데 고급진 바밤바 느낌이긴 하다. 빙수를 먹고 동양방앗간이라는 곳에서 떡을 사볼까 했는데 영업을 안 하네. 아쉽지만 돌아갑시다. 버스정류장에서 주위를 둘러보니 은행나무가 노랗게 물들어 있었다. 참 보기 좋구만. 그냥 집에 가기 아쉬워 서촌에서 내려 이상의 집을 찾아가 보았다. 입장료는 없으니 살며시 들어가서 조용히 구경하면 된다. 이곳은 일제강점기 유명 작가 이상이 20여 년간 머물던 집이었는데, 전체 집터는 아니고 일부를 보전 및 관리하고 있다고 한다. 이상의 작품들이 아카이빙 되어 있기도 하고, 이상 문학상과 같은 이상과 관련한 다양한 책들이 비치되어 있다. 2층에서 바라본 모습이다. 원래는 300평이 될 만큼 큰 집이었다고 하는데, 이상 사후에 여러 필지로 나누어져 팔리면서 극히 일부만 남게 되었다고 한다. 이곳을 보전하는데 라이엇게임즈에서 도움을 주었다고 하니 감사해야겠다. 그러고 보니 이번 롤드컵은 T1이 승리했더군요. 굳이왜씨는 롤은 안 하지만 축하드립니다. 가을이 가고 있다네. 이제 더 추워지고 비라도 내리면 단풍이 다 져버릴 텐데 날씨 좋을 때 잠깐이라도 나갔다 오길 잘했다는 생각이 든다. 얼른 발이 나아서 조금 더 멀리 놀러 가고 싶네. 굳이왜씨의 빠른 쾌유를 빌어주세요. 이만 끝!
부빙 boobing 영업시간 수일요일 13:0019:30 월, 화요일 휴무 방문 일자 및 주문 메뉴 2025. 10. 24. 할로윈빙수 (15,000원) 지극히 주관적인 만족도 및 느낌 서울 종로구 부암동 빙수 전문점 부빙 팥, 딸기, 카라멜, 말차 빙수와 계절빙수 등의 메뉴가 있음 할로윈빙수 (Halloween Bingsu) 우유 베이스의 곱게 간 얼음에 고소한 단호박과 달달한 자색고구마의 맛이 더해진 특별한 계절한정 메뉴 여름, 겨울 계절에 상관없이 방문할 때마다 만족감을 주는 블루리본 맛집 본격 리뷰 서울 종로구 부암동에 있는 부빙 부암동, 북촌, 연남동에 있는 빙수 맛집. 본점인 부암동으로 방문했음 캐치테이블 원격웨이팅이 가능한 곳이지만 여름이 아니다보니 웨이팅이 없어서 따로 걸 필요 없이 편하게 방문했음 사계절 내내 즐길 수 있는 빙수와 계절 재료의 조합을 실험하는 가게라는 컨셉을 가지고 있는 곳 2인 테이블 위주의 자리 구성인 분위기 좋은 작은 카페임 카페답게 주문 먼저 하는 시스템 1인 1메뉴 해야 함, 즉 1인 1빙수해야 함! 빙수 맛집이긴 하지만 1인 1빙수가 부담스럽다면 티나 커피를 먹어도 됨 우유 베이스의 부드러운 빙수부터, 과일 샤베트 기반까지 메뉴마다 얼음의 종류가 다름 부빙이 시즌별, 지점별로 메뉴가 살짝씩 변동되는데 할로윈데이를 맞이하여 다시 나타난 할로윈 빙수를 주문했음! 주문 카운터 주변이 아기자기하게 꾸며져 있음 빙수가 나오면 자리로 가져다 주심 할로윈 빙수 등장 할로윈데이 즈음에만 한정 판매하는 귀한 계절 메뉴 후추도 같이 제공해 줌 취향에 따라 뿌려 먹으면 될 듯함. 난 뿌려먹진 않았음 우유얼음베이스의 단호박빙수와 자색고구마빙수라고 보면 됨 단호박과 자색고구마의 경계를 퍼먹어봤음 단호박의 고소하고 담백한 단맛과 자색고구마의 자연스러운 단맛이 조화롭게 어울림 고소하고 부드러운 우유얼음 부빙은 우유얼음 찐맛집임 우유얼음이 가득 비주얼과 맛을 다 챙긴 할로윈 빙수! 다른 빙수도 다 맛있어서 빙수 좋아한다면 가을, 겨울에도 방문해 볼 만한 맛집
부빙 boobing 영업시간 수일요일 13:0019:30 월, 화요일 휴무 방문 일자 및 주문 메뉴 2025. 8. 3. 말차빙수 (13,000원) 지극히 주관적인 만족도 및 느낌 서울 종로구 부암동 빙수 전문점 부빙 팥, 딸기, 카라멜, 말차 빙수와 계절빙수가 있는 블루리본 빙수 맛집 말차빙수 쌉싸름한 맛 거의 없이 진하고 달달한 제주산 말차얼음과 퀄리티 좋은 적당히 달달한 팥의 조합 웨이팅이 좀 있지만 비주얼 예쁘고 맛 좋은 빙수가 있는 곳이라 가 볼 만한 카페 본격 리뷰 서울 종로구 부암동에 있는 부빙 부빙이 부암동, 북촌, 연남동에 있는데 지점마다 메뉴가 살짝씩 다름 부암동이 본점이지만 위치가 접근성이 상당히 안 좋아서, 대중교통으로 오려면 경복궁역에서 내려서 버스 타야 하고 자차로 와도 주차 공간이 마땅치 않을 것임 현재 웨이팅이 가장 심한 곳은 북촌 부빙인 듯 함 버스타고 간 부암동 부빙 부암동의 소박한 단층 건물에 위치, 북극곰 콘셉트의 귀여운 인테리어 소품과 감성적 분위기 계절성, 비주얼 중심의 고급 빙수 브랜드 매장 앞에 대기 의자 네 자리가 있고 캐치테이블 웨이팅 기계가 설치돼 있음 일요일 3시정도에 왔는데 웨이팅이 많지는 않았음 캐치테이블 원격 웨이팅이 일요일 기준 부암동 부빙은 4시부터 원격이 가능해서 4시 이후엔 아마 숫자가 확 올라갈 듯함 현장 등록하고 가게 앞에 의자에 앉아서 기다렸는데 생각보다 회전율이 좋아서 기다릴만했음. 10분 정도 기다리고 들어간 듯함 블루리본 서베이, 망고플레이트 인증 맛집 2인 테이블 위주의 자리 구성인 카페 테이블 두 개 붙이면 4인도 앉을 수 있고, 커플이 와도 되고 혼자 와서도 혼카페하기도 좋은 곳 카페답게 선불 시스템 자리 잡고 주문 및 결제를 먼저 해야 함 1인 1메뉴 필수인 곳 1인 빙수 양이 많지 않아 혼자 먹기에 큰 부담은 없음 각 빙수마다 얼음 종류(우유 얼음 vs 일반 얼음), 그릇과 토핑 구성 등이 달라 자주 방문해서 전부 먹어봐도 괜찮을 듯 말차빙수 주문했음 빙수 전문점이지만 티와 커피도 있음 말차 빙수 등장 자리로 가져다 주심 제주말차가 산처럼 쌓인 인스타 감성 자극하는 비주얼! 곱게 간 얼음 얼음은 너무 차갑거나 거칠지 않고 부드럽게 넘어감 안에 들어있는 수제팥 퀄리티 좋은 적당히 달달한 팥 말차와 팥의 검증된 조합 말차 고유의 풍미를 섬세하게 살렸으며 단맛 조절이 적당히 잘 됐고 깔끔했음 더위가 날아가는 시원함 밥 안 먹고 왔으면 1인 2빙수도 가능할 듯! 부암동 위치가 접근하기 좀 까다로우면...","古迪韋先生去年十月雖然已是秋季，但因為蹠骨骨折，沒能到遠方賞秋。他本應在家休養，但感覺行動不便，昨天還是去了明洞和南山。因為預報說今天（週日）會下雨，他原本打算待在家裡，結果天氣晴朗！我想和妻子一起去北邊散散步。我們睡了個懶覺，吃了午飯，然後出門，來到了扶岩洞。天氣這麼好，本來可以從景福宮站走過去，但古迪韋先生的腳傷還沒好，所以我們搭了公車。雖然交通不太方便，但這個街區本身很迷人，所以我們經常來。我們好久沒去扶冰了，這次是第一次去。雖然夏天已經過去了，但那裡依然熙熙攘攘，熱鬧非凡。每人只能點一份，所以想了想吃什麼之後，我們選了無花果刨冰和栗子刨冰。聽說兩份刨冰要三萬多韓元，有點心疼，不過既然好吃，就忍了。大家都知道，栗子甜點不管怎麼做，總是會被拿來跟Babamba比較；這家店的栗子刨冰感覺像是Babamba的升級版。吃完刨冰，我想去一家叫東陽邦加乾的店買些年糕，可惜沒開門。有點遺憾，不過還是回去吧。在公車站環顧四周，看到銀杏樹都變黃了，景色真美。捨不得就這樣回家，我在西村站下了車，去了李尚故居。那裡不收門票，可以悄悄進去看看。這裡是日本殖民時期著名作家李桑居住約20年的故居；然而，據說只有一部分遺址得到保護和管理，並非全部。李桑的作品被收藏於此，一些與他相關的書籍，例如關於李桑文學獎的書籍，也在此展出。這是從二樓看到的景色。據說這棟房子最初佔地300坪，但在李桑去世後，土地被分割出售，只留下了很小一部分。我應該感謝Riot Games幫助保護了這個地方。對了，T1贏得了今年的世界冠軍。雖然Gudiwae先生不玩英雄聯盟，但還是要恭喜你。秋天即將過去。天氣會越來越冷，如果下雨，樹葉都會落光，所以我很高興趁著天氣好的時候出去走走。希望我的腳能快點好起來，這樣我就可以去更遠的地方旅行了。請大家為古迪瓦先生祈禱，祝他早日康復。就說這麼多吧！

Boobing

營業時間：週三至週日 13:00 - 19:30，週一、週二公休

到訪日期及點餐日期：2025年10月24日

萬聖節刨冰（15,000韓元）

主觀感受

Boobing，位於首爾鐘路區付岩洞的刨冰專賣店。

菜單包括紅豆、草莓、焦糖和抹茶口味的刨冰，以及季節限定刨冰。

萬聖節刨冰：特別推出的季節限定款，以細膩的牛奶刨冰為基底，搭配香甜的南瓜和紫薯，風味獨特。

一篇關於藍絲帶餐廳的全面評測，無論哪個季節，每次光顧都能帶來滿足感。

Boobing，位於首爾鐘路區付岩洞。

這家刨冰店在付岩洞、北村和延南洞都很有名。我去的是付岩洞總店。雖然Catch Table提供遠端等位服務，但由於不是夏天，所以不需要排隊，我可以輕鬆享用美食。這家店的理念是嘗試將時令食材與刨冰進行各種組合，打造出一年四季都能品嚐到的美味。這是一家小巧精緻的咖啡館，座位主要以雙人桌為主。和咖啡館一樣，這裡需要先點餐；每人只能點一份，也就是每人一份刨冰！雖然這裡是著名的刨冰店，但如果你覺得每人一份太麻煩，也可以選擇茶或咖啡。每款刨冰的冰的種類都不同，從綿軟的牛奶刨冰到水果雪葩刨冰，應有盡有。 Bubing 的菜單會根據季節和分店略有變化，所以我點了萬聖節限定刨冰，這款刨冰今年萬聖節回歸啦！點餐檯周圍的裝飾也別具一格，充滿節慶氣氛。刨冰做好後，服務生會把它送到你的桌上。萬聖節刨冰來了！這是一款難得一見的季節限定刨冰，只在萬聖節前後供應。他們還提供胡椒粉，你可以根據自己的喜好撒上。我沒有撒。你可以把它想像成以牛奶冰為基底的南瓜紫薯刨冰。我試著挖了一下南瓜和紫薯的交界處；南瓜的堅果香氣和淡淡的甜味與紫薯的天然甜味完美融合。牛奶冰口感順滑，帶有堅果的香氣。 Bubing 真是一家名符其實的牛奶冰天堂。這款萬聖節刨冰不僅視覺效果驚艷，味道也令人讚嘆！其他刨冰甜點也都非常美味，所以如果您喜歡刨冰，這家餐廳在秋冬季節絕對值得一去。

Boobing 營業時間：週三至週日 13:00 - 19:30，週一、週二公休

到訪日期及點餐日期：2025年8月3日

抹茶刨冰（13,000韓元）

主觀評價

Boobing 是位於首爾鐘路區付岩洞的刨冰專賣店。

這家藍絲帶刨冰店提供紅豆、草莓、焦糖和抹茶口味的刨冰，以及季節限定口味。

抹茶刨冰：濃郁香甜、幾乎沒有苦味的濟州島抹茶冰，搭配優質適中甜度的紅豆。

雖然需要稍作等待，但這家店的刨冰不僅顏值高，而且味道也很棒，絕對值得一去。

完整評測：首爾鐘路區付岩洞的Boobing刨冰店。

Boobing在付岩洞、北村和延南洞均設有分店，但各分店的菜單略有不同。雖然付岩洞店是總店，但交通不太便利；如果搭乘大眾運輸，需要在景福宮車站下車，然後換搭巴士。即使開車前往，停車位也可能比較緊張。目前看來，北村的Boobing分店排隊時間最長。我搭乘巴士前往了付岩洞的Boobing分店。這家店位於付岩洞一棟不起眼的單層建築內，內部裝潢以可愛的北極熊為主題，營造出溫馨的氛圍。它是一個注重時令性和視覺效果的高端刨冰品牌。店前設有四張等候椅，並配備了Catch Table自助點餐機。我周日下午3點左右到達，當時並沒有長時間排隊。由於週日下午4點開始提供遠端預訂服務，預計下午4點後排隊人數會激增。我在店內登記後，坐在店前的椅子上等候；翻台率比預期的要好，所以等待時間還可以接受。我大概等了10分鐘就入座了。這家餐廳獲得了藍絲帶調查和MangoPlate的認證。咖啡館主要以雙人桌為主，但如果拼出兩張桌子，可以舒適地容納四人。這裡非常適合情侶或獨自用餐。和咖啡館一樣，這裡採用預付制，所以你必須先找到座位，點餐付款。每人必須點一份。單人份的刨冰份量不大，所以一個人吃也不會覺得吃太飽。每種口味的刨冰在冰的種類（牛奶冰或普通冰）、碗和配料上都有所不同，所以值得經常光顧，品嚐所有口味。我點了抹茶刨冰。雖然這是一家刨冰專賣店，但也供應茶和咖啡。抹茶刨冰端上來後，服務生把它端到了我的桌上。刨冰上堆著一座濟州抹茶小山，視覺效果簡直完美，讓人忍不住想發到Instagram上！刨冰細膩，冰沙不多不少，口感滑順。裡面的自製紅豆沙品質上乘，甜度適中。抹茶和紅豆的搭配堪稱絕配。抹茶獨特的風味完美地展現出來，甜度也恰到好處，清爽宜人。這冰涼的口感讓人瞬間清涼，驅散了暑氣。如果我來之前沒吃東西，我覺得我一個人就能輕鬆吃下兩份刨冰！不過，這家店在付岩洞的位置可能有點難找…","사계절 맛있는 빙수집
수요미식회 선정 빙수맛집",,부빙 부암동,富兵富岩洞
부빙,浮冰,빙수,刨冰,영업 전,900,720,서울 종로구 북촌로7길 3-4,首爾特別市鐘路區北村路7街3-4,안국역 2번 출구에서 405m,距安國站2號出口405米,영업 전 13:00에 영업 시작,02-747-8288,,무선 인터넷,,"팥빙수 1100019000원
딸기빙수 15000원
카라멜빙수 1200021000원
흑임자빙수 1300023000원
밀크티빙수(계절메뉴) 1000017000원","紅豆刨冰 11,000~19,000 韓元

草莓刨冰 15,000 韓元

焦糖刨冰 12,000~21,000 韓元

黑芝麻刨冰 13,000~23,000 韓元

奶茶刨冰（季節限定） 10,000~17,000 韓元","맛집을 사랑하는 여행 인플루언서 렐리스입니다. 더운 여름하면 생각나는 빙수. 수요미식회에도 나온 빙수집이 있어서 가봤어요. 사실 거기서 나와서 간 건 아니고... 엄마가 어디선가 보고 가고 싶다고 하셨거든요. 영업시간이 좀 짧은 편입니다. 그래서 엄마 생신 때 주말에 모여 다녀왔습니다. 부빙 서울 종로구 북촌로7길 3-4 02-747-8288 13:0018:00, 월요일 휴무 주차 불가 예약 불가 계절마다 다른 맛의 빙수가 나옴 1인 1메뉴 주문 필수, 빙수나 커피, 차 메뉴 있음 포장 불가 팥 리필 가능 렐리스 안국역카페 부빙 위치 부빙은 안국역 2번 출구에서 405m 거리입니다. 헌법재판소 지나서 더 올라가셔야 해요. 앞에 공휴일 주차가 안 된다고 써있습니다. 그래서 평일엔 되는 줄 알았는데 아니더라고요. 인근 주차 가능한 주차장은 정독도서관 유료주차장 안국역 쪽 노상주차장 현대엔지니어링 건물 유료주차장 입니다. 인테리어 저희는 오픈런 했습니다. 앞에 웨이팅 할 수 있는 의자도 있어요. 좌석이 그리 많은 편은 아닙니다. 하지만 회전율은 좋아요. 빙수 그림이 걸려있어서 귀엽더라고요. 1인 1메뉴 필수입니다. 빙수는 포장이 안 되니까 참고하세요. 라스트오더는 오후 5시 30분이에요. 메뉴 후기 괜찮은 안국역 카페는 많지만, 빙수집은 처음이에요. 부빙은 계절마다 다른 빙수가 나와요. 봄엔 금귤, 핑크베리, 쑥, 완두콩, 로즈 빙수 등 여름엔 복숭아, 크림레몬, 민트초코, 자두 빙수 등 가을엔 무화과, 할로윈, 군고구마 빙수 등 겨울엔 티라미수, 밤, 유자, 감귤요거트 빙수 등. 매번 같을 거 같지는 않지만... 이렇게 계절별 빙수가 사진으로 붙어있어요. 저희는 봄에 방문했습니다. 쌀빙수, 행운쑥쑥빙수, 팥빙수 등을 주문했죠. 비비지 말고 위에서부터 떠서 드세요. 빙수가 녹으면 빨대로 드시면 됩니다. 팥 리필은 가능! 쌀빙수 14,000원 정말 빠르게 녹습니다. 이 때는 덥지도 않았는데 정말 빨리 녹았어요. 시나몬도 함께 주는데 전 싫어서 이것만 먹었어요. 부모님은 달고 느끼해서 뿌리는 게 좋다고 하셨고요. 안에는 쌀이 씹힙니다. 젤라또 중이 리조맛이 생각나는 느낌. 전 이 메뉴가 가장 좋았어요. 얼음 자체가 굉장히 곱고 적당히 달달해서요. 맛이 너무 강하지 않으면서도 쌀이 식감을 더해줍니다. 더 파보면 이런 게 있어요. 약간 과자 같은 느낌인데..튀긴건가? 맛은 있는데 개인적으로는 없어도 좋을듯. 팥빙수 10,000원 기본도 주문해봐야겠죠? 이걸 제일 좋아하는 사람이... 
 돌아오는 토요일에는 드.디.어. 바프(바디프로필)을 찍는다. 드디어라고 쓴 이유는 처음 계획했던 날로부터 무려 한 달이나 미뤄졌기 때문이다. 지난 사 개월 동안 (미국 여행을 갔던 10 일을 제외하고) 일주일에 평균 4.5 일 저녁 운동을 나갔는데 몸무게가 오히려 2 kg 늘어서 빠질 생각을 안 한다 ㅠ.ㅠ 살크업 루트 제대로 탐. 바프를 찍으려면 체지방에 빠져야 바디 데피니션이 보인다고 하는데 나는 전반적으로 몸이 두꺼워진 것 ㅋㅋㅋ 물론 체력과 근력은 좋아져서 만족스러운데 단지,,, 바프를 찍을 몸이 아니라는 것. 이번주 토욜에는 걍 이대로 찍는 거임. 사실 왜 때문에 체지방에 줄지 않는지, 나는 그 이유를 잘 알고 있지 이번 주말 동안 먹은 치팅 밀을 봐주시오. I 가 만든 홈메이드 타코 무려 미트 삼종 세트 (새우 소고기 닭가슴살) 츄베릅 1 인 1 빙 부빙 북촌 사랑해요 (부빙 부암동이 더 낫긴 함ㅋㅋㅋ) 복숭아 빙수-호지차 빙수-카라멜 빙수 잠시 너구리 삼종 세트 낑겨 가기 산책 나가기 전에 옷을 입혔는데 생각보다 산책이 늦어지니 실시간으로 지쳐가는 너굴짱 청담의 어디 식당이었는데,, 상호명이 기억 안 나네 하모하모 샤브샤브 굴 매생이 떡국 전어구이 강정이 넘치는 집의 빙수 여름 별미 초당옥수수빙수는 맛있었고 이번에 처음으로 시켜 본 그냥 팥빙수 보다는 이전에 먹었던 흑임자 빙수가 더 맛났다! 스위스 친구들을 데려간 소선재 삼청동 가면 갈 곳이 별로 없어서 항상 소선재를 가게 된다. 새로운 식당 원츄 외식을 하지 않으면 이렇게 건강하게 차려 먹는다 ㅋㅋㅋ 외식이 문제얏.","我是Lellis，一位熱愛美食的旅遊部落客。說到炎熱的夏天，我首先想到的就是刨冰（韓式刨冰）。我去了一家在電視節目“週三美食訪談”中推薦過的刨冰店。其實，我去這家店並不是因為節目推薦……而是我媽媽在某個地方看到了，說她想去。這家店的營業時間比較短。所以，為了慶祝我媽媽的生日，我們週末聚在一起去了這家店。

**Bubing**

首爾市鐘路區北村路7街3-4號

02-747-8288

13:00-18:00，週一休息

無停車位

不接受預訂

刨冰口味隨季節更換

每人限購一份，提供刨冰、咖啡和茶

不提供外帶

紅豆可續加

Lellis 安國站咖啡廳 Bubing 位置

Bubing 距離安國站2號出口405公尺。您需要經過憲法法院並繼續往前走。門口有告示牌，上面寫著假日不提供停車位。所以我以為工作日可以停車，但實際上並非如此。附近的停車選擇包括正德圖書館的收費停車場、安國站附近的街邊停車位以及現代工程大樓的收費停車場。至於店內環境，我們是在他們開門的時候去的，算是「即刻體驗」（一開門就去）。外面有椅子可以等位。座位不多，但周轉率很高。牆上掛著刨冰的照片，我覺得很可愛。每人必須點一份刨冰。請注意，刨冰不能外帶。最後點餐時間是下午5:30。菜單評論：安國站附近有很多不錯的咖啡館，但這是我第一次來刨冰店。 Bubing會根據季節提供不同的刨冰口味。春天有金桔、粉紅莓、艾草、豌豆和玫瑰口味的刨冰；夏天有桃子、奶油檸檬、薄荷巧克力和梅子口味的刨冰；秋天有無花果、萬聖節和烤紅薯口味的刨冰；冬天有提拉米蘇、栗子、柚子和橘子酸奶口味的冰。我覺得每次的口味都不會完全一樣……不過店裡會像這樣展示當季刨冰的照片。我們春天去的。點了米刨冰、乾煸刨冰和紅豆刨冰。請不要混在一起吃，從上面舀著吃。刨冰化了之後可以用吸管喝。紅豆可以無限續加！米刨冰：14,000韓元。它化得很快。當時甚至都不熱，就化得很快。店家會送肉桂粉，但我不太喜歡，所以只吃了米刨冰。我爸媽說太甜太膩了，所以他們喜歡自己撒在刨冰上。嚼的時候能感覺到裡面有米粒。讓我想起了義大利燴飯口味的冰淇淋。我最喜歡這道菜。冰本身很細膩，甜度適中。味道不會太濃，米粒也增添了很好的口感。如果你挖得更深一些，你會發現類似這樣的東西。感覺有點像小吃……是油炸的嗎？味道不錯，但我覺得沒有紅豆刨冰也挺好的。紅豆刨冰：10,000韓元。我應該也點一份基礎款的，對吧？最喜歡這個的人…

這週六，我終於要去做體能測驗（BPA）了。之所以說“終於”，是因為它比我原計劃的日期推遲了一個月。過去四個月（不包括我在美國旅行的十天），我平均每週去健身房四天半，但我的體重反而增加了2公斤，而且沒有下降的跡象。我肯定是在增肌。他們說體能測試需要減脂才能看到肌肉線條，但我感覺我的身體只是整體變壯了哈哈。當然，我的耐力和力量都有所提高，所以我很滿意，但是…我的身材真的不適合做體能測試。這週六我就照現在的樣子去做吧。其實我知道為什麼我的體脂率一直降不下來。看看我週末吃的那些「作弊餐」就知道了。我自己做的墨西哥捲餅，還有一大份肉食三拼（蝦子、牛肉、雞胸肉）*吸溜*。每人一份刨冰。是燒冰。我超愛北村的燒冰（不過燒岩洞的燒冰其實更好吃哈哈）。桃子刨冰、烘焙茶刨冰、焦糖刨冰。還順便吃了份Neoguri三拼。我出門散步前給他穿好了衣服，但是散步的時間比預想的要長，Neoguri醬很快就累得不行了。那是一家在清潭洞附近的餐廳……我記不清名字了。 Hamo Hamo涮涮鍋、生蠔、烤鯡魚湯、烤鰣魚胗。還有一家店裡堆滿了江鳀魚的刨冰。夏季美食玉米刨冰（Chodang corn bingsu）很好吃，但我之前吃過的黑芝麻刨冰比這次第一次點的原味紅豆刨冰更美味！這次我帶瑞士朋友去了小善齋（Soseonjae）。每次去三清洞（Samcheong-dong）沒什麼地方可去，所以我最後總是會去小善齋。想找新餐廳嗎？如果不在外面吃，我就會像這樣自己做一頓健康餐哈哈。在外面吃飯真是個問題。",,,부빙 부암동,富兵富岩洞
한과와락,漢格瓦拉克,"카페,디저트",咖啡館，甜點,영업 전,5544,1459,서울 강남구 봉은사로4길 31-5,首爾特別市江南區奉恩寺路4街31-5,신논현역 6번 출구에서 244m,距離新論峴站6號出口244米,영업 전 12:00에 영업 시작,0507-1443-6204,https://www.instagram.com/hgwr_official,"남/녀 화장실 구분,포장,무선 인터넷,간편결제",,"개성주악 25003300원
개성약과 2500원
와락크림라떼 7000원
금귤정과 3700원
선물세트 1800075000원
딸기떡케이크(겨울시즌) 90009800원
두쫀떡(K-두쫀쿠) 5800원
소반상 12000원
꽃잎차TEA) 7500원
오디석류아이스티(with 다즐링차) 7500원
꽃베리에이션(에이드) 7500원
사과떡케이크 7500원
롤떡케이크 6900원
상주 곶감 단지말이샌드 30004500원
아메리카노,라떼,바닐라라떼,디카페인 50006000원
만두과 3000원
무화과복분자떡케이크(가을시즌) 8500원
항아리젤라또 9500원
크리스마스세트 20000원","開城酒 2,500~3,300 韓元

開城藥果 2,500 韓元

華樂奶油拿鐵 7,000 韓元

金桔正果 3,700 韓元

禮盒 18,000~75,000 韓元

草莓年糕（冬季限定） 9,000~9,800 韓元

豆瓣年糕（韓式豆瓣） 5,800 韓元

小班桑 12,000 韓元

花瓣茶 7,500 韓元

桑石榴冰茶（大吉嶺紅茶） 7,500 韓元

花茶（Ade） 7,500 韓元

蘋果年糕 7,500 韓元

卷年糕 6,900 韓元

桑州柿餅丹吉瑪利三明治 3,000~4,500 韓元

美式咖啡、拿鐵、香草拿鐵、無咖啡因咖啡 5,000~6,000 韓元

饅頭 3,000 韓元

無花果覆盆子年糕（秋季限定） 8,500 韓元

罐裝義式冰淇淋 9,500 韓元

聖誕套餐 20,000 韓元","한과와락 위치 : 신논현역 6번출구에서 244m 영업시간 : 12:00-21:30 전통디저트 맛집으로 유명한, 특히 개성주악이 맛있는 강남역카페 한과와락을 다녀왔습니다. 가정집 분위기의 하얀색 단독건물인데요 전통과 현대적인 요소가 잘 어우러진 멋진공간입니다. 개성주악과 함께하는 고소한 커피 한잔 관광객분들이 많이 오셔서 한국디저트의 멋과 맛을 오랫동안 기억하기를 바래요. 개성주악과 쌀로 만든 케이크까지 정말 다양하게 눈길을 사로잡을 한과를 맛볼 수 있는 강남역카페 한과와락 :) 우드톤의 안정적인 인테리어가 아주 마음에 들었고 오브제처럼 벽을 활용해서 전통적인 느낌이 물씬 나는 곳입니다. 바닥에 깔린 자갈돌 소리가 힐링이 되는 곳입니다. 1.2.3층과 루프탑이 있어요. 각 층마다 특색있는 인테리어 3층엔 좌식테이블이 있어서 흥미로웠습니다. 2층에도 예쁜 테이블은 만석이니 럭키비키라면 앉을 수 있겠죠? 차와 에이드 그리고 커피를 고를 수 있는데요. 개인적으로 에이드가 진짜 이름도 이쁘고 색깔도 진짜 너무 곱다 고와!! (장미. 팬지. 아카시아, 국화등등) 생딸기라떼는 그냥 사랑입니다. 봄날의 햇살처럼 녹아내려요. 정말 선물하기에도 너무 예쁜 전통디저트 프랑스 디저트 못지 않게 예쁩니다. 상견례나 격식있는 자리에 선물하기에도 너무 좋구요. 보자기포장도 너무 고급스럽지 않아요? 옛날 양반가에서 아씨들이 손에 들고 다녀야 할 것 같은 그런 비주얼의 비단 보자기 ㅎㅎ 저희는 소반상을 주문했어요. 오늘 좀 우아하게 디저트 먹어볼 예정이라...두둥 저는 생딸기 라떼를 언니는 오디석류아이스티를 마셨습니다. 오디의 달콤함과 석류의 상큼함이 조화롭게 향긋하네요. 특히 보석같은 다즐링 다이어터라 시럽을 살짝 줄여서 부탁드렸습니다. 딱 알맞게 !!조절해주셨어요. 땡큐떙큐 소반상 12.500 : 옛 왕조에서 먹던 한국의 전통 간식 모듬 (주악,약과,금귤정과 등) 한과와락에 디저트 세트들 진짜 예쁘죠? 특히 저는 개성주악이 너무 맛있더라구요. 한판도 먹을 수 있을 듯 합니다. 소반상 금귤정과.키위. 체리 개성주악, 개성약과 곶감단자, 곶감말이 애프터눈티세트 부럽지 않은 우리들의 소반상 꽃차와 함께 즐겨도 좋구요. 다음번엔 쌀케이크 한번 같이 먹어봐야겠습니다. 귀한 손님 모시고 갈때 들러봐야 하는 곳 신논현역카페 역삼동카페 신논현역디저트 강남디저트카페 신논현역데이트 한과와락 한과와락강남 개성주악맛집 상견례선물 강남역데이트
안녕하세요. 미식여행을 즐기는 새벽별입니다. 오늘은 강남 신논현역 카페 한과와락을 소개해 드리려고 해요. 한과와락은 현대적인 것과 전통적인 것의 만남을 추구하는 이색 디저트 맛집으로 우리 차와 커피 그리고 다양한 K 디저트를 판매하고 있어요. 고즈넉한 우리의 한국적 분위기를 느낄 수 있는 카페에요. 한과와락 신논현역 6번출구 도보 4분 강남역 11번출구 도보 8분 매일 12:00 - 22:00 주차 불가 (세명 유료주차장 이용 30분 2,000원) 0507-1443-6204 한과와락은 K 디저트를 사랑하는 청년들이 모여서 만든 강남역 카페입니다. 전통 방식과 현대의 기술을 접하여 만드는 이색 디저트 맛집으로 사랑을 받고 있습니다. 매일 새벽에 직접 제작을 하며 당일 생산 당일 폐기를 원칙으로 합니다. 1,2층은 전통과 현대 사이의 정갈한 인테리어, 3층은 좌식으로 따뜻하고 조용한 분위기의 인테리어에요. 작년 여름 정말 더운 날 방문했을 때라, 테라스에는 사람이 없어요. 내부에 에어컨이 진짜 빵빵하게 틀어져 있어서 열 식히기에 좋았어요. 엄청 더운데, 따뜻한 차 마셔도 될 만큼 냉방이 완벽했습니다. 선물 및 답례 용품으로도 좋은 세트 상품도 나오고 있어요. 메뉴 우리 차 블렌딩 메뉴와 더불어, 커피 종류도 판매하고 있어요. 주기적인 연구로 신상 디저트도 계속 나온다고 해요. 다른 곳에서는 먹을 수 없는 전통적인 디저트가 많은 것이 한과와락만의 장점이에요. 당일 생산 당일 폐기를 원칙으로 한다고 합니다. K-디저트의 모든 것이라고 해도 될 만큼 종류가 다양해요. 주문 개성주악 2,500원 아메리카노 5,000원 노을 Tea 7,500원 노을 차는 호지차와 현미차를 베이스로 해요. 캐러멜, 훈연, 달달함이 느껴지는 차로 카페인이 15로 낮아요. 차는 너무 맛있는데 양이 너무 적은 느낌 - 물을 리필해달라고 요청할까 하다가 찻잎 양이 적길래 그냥 말았어요. 차는 훌륭했어요! 다른 테이블에서도 차를 많이들 드시더라구요. 보기에 예쁜 유리 다구와 나무 거름망을 세팅해 줘요. 한과와락에서는 꼭 차를 드셔보세요. 개성주악과도 잘 어울렸던 차였어요. 개성주악은 겉은 쫄깃 베어 물면 입안에 물엿 같은 단맛이 느껴져요. 한입에 앙 하고 베어 먹는 게 포인트 - 전통과 현대의 조화로움이 있는 곳으로 K 디저트와 우리 차, 커피를 맛볼 수 있는 곳이에요. 개성주악과 티는 아주 잘 어울렸어요. 티 우려 주는 유리 다구 세트가 예뻐서 기분도 낼 수 있어요. 건물도 고즈넉한 인테리어로 소담 소담한... 
한과와락 이용메뉴 : 소반상(12,000원), 율무흑임자라떼(7,000원), 생딸기라떼(8,500원) 총 27,500원 방문인원 : 여자 2명 영업시간 : 매일 12-22시 주차 : 인근 유료주차장 이용 세 줄 요약 1 한과 등 전통디저트 블루리본 맛집(사진 잘 나옴) 2 3층 규모 대형카페로 한옥감성 인테리어 분위기 3 신논현역 4분, 강남역 10분 거리(도보) 강남역카페 신논현카페 한과와락이에요 결론부터 말하자면 최근 간 카페 중에 가장 내 취향이었음. 강남 갈 때 또 갈거임 ㅋㅋㅋㅋㅋㅋㅋㅋ 외부 전경 및 찾아가는 길 한과와락은 전통 디저트를 사랑하는 청년들이 모여서 만든 강남역카페래요. 어쩐지 뭔가 전통과 현대가 적절히 조화된 느낌이었음. 너무 전통적인 것만도 아니고 약간 힙한 분위기도 있음 신논현역 6번 출구에서 도보 4분, 강남역 11번 출구에서 도보 10분 거리에 있어요. 어느 쪽에서 내리든 그렇게 멀지 않아서 접근성이 좋음 멀리서부터 3층짜리 퓨전한옥 같은 건물이 보임ㅋㅋㅋㅋㅋㅋㅋ 일반 건물에 기와로 포인트를 줘서 한옥 같은 느낌을 줬어요 가게 입구에요 한국 전통 디저트 카페임 블루리본이 두 개 요즘 블루리본 보면 괜히 신뢰가 감 ㅋㅋㅋㅋㅋㅋㅋㅋㅋㅋㅋㅋㅋㅋㅋ 가게 입구에 갓쓴 귀여운 동물들과 한과세트 샘플이 있음 ㅋㅋㅋㅋㅋㅋㅋㅋㅋ쟤넨 무슨 인형이지 일단 메뉴부터 먼저 보여드리고 실내공간 소개할게요 디저트 및 음료 메뉴 한국 전통 디저트 카페인만큼 떡, 약과, 주악 등 우리 전통 후식으로만 메뉴가 구성돼 있어요. 처음에 딸기케이크인줄 알았는데 떡시루더라고요(오히려좋아) 쇼케이스 사진이라 다소 어둑어둑함 이해해주세요 여러 종류 떡케이크, 떡시루도 있고요. 가격이나 구성은 사진 누르시면 크게 보여요! 들어간 재료나 구성을 그림과 함께 자세히 설명해줘서 좋았어요. 디저트 가게 가면 뭔지 몰라서 물어보는 경우도 많은데 이렇게 보여주니 알기 쉽고 외국인들도 이해하기 쉬울 듯?? 선물용 박스 포장도 있고 여러 약고 주악도 있고 여기도 역시나 두쫀쿠? 두쫀떡? 이 있습니다 이건 소반상(12,000원)인데요 여러 디저트를 조금씩 맛볼 수 있는 구성이라 끌려서 저는 이걸로 선택함 ㅋㅋㅋㅋㅋㅋㅋㅋㅋ 디저트 대부분 한 입 크기로 2-3천원대 보자기 포장도 벽면에 진열되어 있었어요 보자기를 좋아함 색도 예쁘고 느낌도 부드러움 ㅋㅋㅋㅋㅋㅋㅋㅋㅋ 내부 좌석 및 인테리어 1층: 1-2인이 이용하기 좋은 공간. 고즈넉한 분위기 카운터에서 오른쪽으로 바라보면 이렇게 벽으로 나눠진...","韓果華樂

地點：新論峴站6號出口244米

營業時間：12:00-21:30

我探訪了位於江南站附近的韓果華樂咖啡館，這家咖啡館以其傳統甜點而聞名，尤其是美味的開城糕。它是一棟獨立的白色建築，氛圍溫馨舒適，傳統與現代元素完美融合，營造出一個美妙的空間。我希望許多遊客都能來這裡品嚐一杯香濃的咖啡，搭配開城糕，並長久地記住韓國甜點的美味和美麗。韓果華樂是一家位於江南站的咖啡館，在這裡您可以品嚐到種類繁多、令人垂涎的韓果，從開城糕到年糕應有盡有 :) 我非常喜歡這裡沉穩的木質內飾，牆面被巧妙地佈置成藝術品，營造出濃鬱的傳統氛圍。在這裡，鵝卵石在地板上的沙沙聲真的令人感到舒緩放鬆。這裡共有一樓、二樓、三樓以及屋頂露台。每一層都有獨特的室內裝潢，我發現三樓的露天座位很有意思。二樓漂亮的桌子都坐滿了，所以Lucky Biki一定可以找到座位吧？你可以選擇茶、檸檬水和咖啡。我個人覺得檸檬水的名字和顏色都好漂亮，真是太可愛了！ （玫瑰、三色堇、洋槐、菊花等等）鮮草莓拿鐵簡直讓人欲罷不能。它入口即化，就像春日的陽光一樣溫暖。這真是一款精美的傳統甜點，非常適合作為禮物；它和法式甜點一樣精緻。它也非常適合在正式場合贈送，例如家庭聚會。包袱皮的包裝是不是很奢華？那種絲綢包裝看起來就像是古老貴族小姐會隨身攜帶的。哈哈。我們點了Sobansang套餐。今天我們打算優雅地享用甜點…*敲鼓*。我點了鮮草莓拿鐵，妹妹點了桑葚石榴冰茶。桑葚的甜美和石榴的清新完美融合，香氣撲鼻。尤其是那如寶石般晶瑩剔透的大吉嶺紅茶。因為我在減肥，所以請他們稍微減少一些糖漿。他們調整得恰到好處！謝謝！謝謝！小班雜燴12500韓元：各種古代韓國傳統點心（如酒、藥果、金桔正果等）。韓果華樂的甜點拼盤真的好漂亮，對吧？我特別喜歡開城酒，感覺可以吃掉一整盤。小班收藏包含金桔正果、奇異果、櫻桃、開城酒、開城藥果、柿餅和柿餅卷。我們的小班藏堪比下午茶套餐，搭配花茶享用也別有一番風味。下次我想嚐嚐年糕。招待重要客人時，這裡絕對是必去之地。新論峴站咖啡廳、驛三洞咖啡廳、新論峴站甜點店、江南甜點咖啡廳、新論峴站約會、韓果華樂、韓果華樂江南店、開城酒餐廳、會親禮、江南站約會。

大家好，我是熱愛美食之旅的Saebyeol。今天，我想為大家介紹位於江南新論峴站附近的韓果華樂咖啡廳。 Hangwawarak 是一家獨具特色的甜點店，致力於將現代與傳統完美融合，供應韓國茶、咖啡以及各式韓式甜點。在這裡，您可以體驗到寧靜祥和的傳統韓國氛圍。 Hangwawarak：距離新論峴站 6 號出口步行 4 分鐘，距離江南站 11 號出口步行 8 分鐘。營業時間：每日 12:00 - 22:00。無停車位（可使用世明付費停車場：30 分鐘 2,000 韓元）。電話：0507-1443-6204。 Hangwawarak 是一家位於江南站附近的咖啡館，由一群熱愛韓式甜點的年輕人創立。它以其獨特的甜點店風格而備受喜愛，將傳統工藝與現代科技巧妙結合。所有產品均每日新鮮製作，並堅持當天製作、當天丟棄的原則。一樓及二樓的裝潢簡潔雅緻，兼具傳統與現代之美；三樓則提供溫馨靜謐的氛圍，並設有席地而坐的座位。去年夏天我去的那天天氣非常熱，露台上空無一人。室內的空調開得很足，所以是個絕佳的避暑勝地。雖然天氣酷熱，但空調的溫度恰到好處，讓人可以舒服地喝一杯熱茶。他們還提供禮品套裝，非常適合作為禮物或感謝禮品。菜單上有傳統的韓國茶飲，以及各種咖啡。他們說會定期研發新的甜點。 Hangwawarak 的獨特優勢之一是擁有其他地方找不到的各種傳統甜點。他們堅持當天製作當天丟棄的原則。種類之多，幾乎囊括了所有韓國甜點。推薦菜色：開城茶 2,500 韓元，美式咖啡 5,000 韓元，糯米茶 7,500 韓元。糯米茶以焙茶和糙米茶為基底。這款茶帶有焦糖、煙燻和甜味，咖啡因含量僅15%。茶的味道很棒，但分量感覺太少了——我本來想要杯水，但因為茶葉實在太少，就作罷了。這茶真是太棒了！其他桌的客人也都很喜歡喝茶。他們擺放著精美的玻璃茶具和木質茶漏。你一定要來Hangwawarak嚐嚐這裡的茶。這款茶和開城餅（Gaeseong Juak）搭配得非常完美。開城餅外皮酥脆，咬下去，一口咬下去，甜如糖漿，入口即化。關鍵是要一口咬下去。這裡融合了傳統與現代，你可以品嚐韓式甜點、韓國茶和咖啡。這款茶和開城餅搭配得非常完美。用來泡茶的玻璃茶具也很漂亮，為餐廳增添了不少氛圍。這家店本身溫馨舒適，內部裝潢寧靜雅緻…

韓果華樂菜單：小班桑（12,000韓元）、芝麻黑芝麻拿鐵（7,000韓元）、鮮草莓拿鐵（8,500韓元） 總計：27,500韓元

人數：2位女性

營業時間：每日12:00-22:00

停車：附近有收費停車場

三行總結

1. 藍絲帶餐廳，主打韓果等傳統甜點（拍照好去處）

2. 大型三層樓咖啡館，韓屋風格裝潢

3. 距離新論峴站步行4分鐘，距離江南站步行10分鐘

這家韓果華樂咖啡館位於江南站和新論峴站附近。總而言之，它是我最近去過的咖啡館中最合我口味的。下次去江南的時候我一定還會再去哈哈。

外觀及交通指南

韓果華樂 (Hangwa Warak) 是一家位於江南站附近的咖啡館，由一群熱愛傳統甜點的年輕人創立。難怪這裡給人一種傳統與現代完美融合的感覺。它不僅傳統，還帶有一絲時尚氣息。從新論峴站 6 號出口步行 4 分鐘，從江南站 11 號出口步行 10 分鐘即可到達。無論在哪一站下車，路程都不遠，交通十分便利。從遠處就能看到一棟三層樓的建築，看起來像是韓屋的融合體，哈哈。他們在普通的建築上添加了屋頂瓦片裝飾，營造出韓屋的氛圍。這就是入口。這是一家傳統的韓式甜點咖啡館。它獲得了兩條藍絲帶獎。最近，看到藍絲帶獎就莫名其妙地相信它，哈哈。入口處擺放著戴著傳統帽子的可愛動物，以及各種韓式甜點套裝的樣品，哈哈。我很好奇那些是什麼玩偶。總之，我先跟大家看菜單，然後再介紹一下店裡的裝潢。甜點和飲品菜單：作為一家傳統的韓式甜點店，菜單上全是傳統的韓式甜點，例如年糕、藥果和年糕。一開始我以為是草莓蛋糕，結果發現是蒸年糕（我其實蠻喜歡的）。請理解，展示櫃的照片有點暗。這裡有各種各樣的年糕和蒸年糕。點擊圖片，就可以放大看價格和內容！我很喜歡他們用圖片詳細解釋食材和製作方法的做法。我去甜點店的時候，常常會因為不知道某些東西是什麼而問店員，但這樣一看就很容易理解了，我覺得外國人也很容易明白。這裡有禮盒包裝，各種口味的藥果和年糕，不出所料，還有豆腐糕？豆腐年糕？這是小班盛（12,000韓元）；我選這個是因為它是套餐，可以一次品嚐到各種甜點。哈哈。大部分甜點都是一口大小，價格在2,000-3,000韓元之間。牆上還展示著包子（bojagi）的包裝。我喜歡包子，顏色漂亮，口感軟糯。哈哈。室內座位和裝飾：一樓：適合1-2人的空間。氛圍寧靜。從櫃檯往右看，會被這樣一面牆隔開…","안녕하세요
'한과와락'은 K 디저트를 사랑하는 청년들이 모여서 만든 강남역카페 입니다

전통 방식과 현대의 기술을 접하여 만드는 이색 디저트 맛집으로
사랑을 받고 있습니다
매일 새벽에 직접 제작을 하며
당일생산 당일폐기를 원칙으로 합니다

강남에서 베이커리가 아닌 다양한 색다름이 필요하시다면,
한국의 예쁜 분위기가 있는 강남카페를 찾으시면, 감성있는 카페를 찾으신다면,
데이트 또는 소개팅 하기 좋은 조용한 강남역디저트카페를 원하시면,
부모님과 오랜만에 데이트를 하신다면
커피도 맛있는 곳, 블랜딩을 한 차를 즐길 수 있는 곳
오늘은 대형카페가 아닌 작은 일상같은 카페, 강남역과 신논현역 사이에 위치한
 '한과와락'을 추천합니다

1,2층은 고즈넉한 분위기의 인테리어이며,
3층은 좌식으로 따뜻하고 조용한분위기입니다.

주기적인 연구로 신상 디저트와 음료가 나오고 있습니다. 이색디저트카페로 어떠신가요?

역삼동카페를 찾으신다면 개성주악과 페스츄리 약과가 있고, 선물 및 답례품으로 좋은 강남역 디저트맛집 한과와락이 있습니다.

영업시간은 오전 11시30분부터 오후 10시 까지 입니다.

주차공간이 따로 준비되어있지 않은 점 양해부탁드립니다
가장 가까운 주차장은 세명 유료주자창이 있습니다.",,한과와락 강남,Hangwawarak 江南
한과와락 압구정갤러리아점,Hangwawarak 狎鷗亭 Galleria 分店,"떡,한과",年糕，韓國甜點,영업 전,1,2,서울 강남구 압구정로 343 갤러리아백화점 서관 B1층,首爾市江南區狎鷗亭路343號，Galleria百貨商店西翼B1層,압구정로데오역 7번 출구에서 98m,距狎鷗亭羅德奧站7號出口98米,영업 전 10:30에 영업 시작,,https://www.instagram.com/hgwr_official,"포장,간편결제,주차",,"10구선물세트 3000055000원
20구 선물세트 75000원
금귤정과 3800원
개성주악 26003500원
개성약과 2800원
곶감샌드 5300원
배오미자정과 4300원
곶감단지 4000원
곶감말이 3300원","10件套禮品 30,000~55,000韓元

20件套禮品 75,000韓元

金橘正果 3,800韓元

開城酒樂 2,600~3,500韓元

開城藥果 2,800韓元

柿餅三明治 5,300韓元

梨子、五味子正果 4,300韓元
柿乾罐 4,000韓元
柿餅卷 3,300韓元","안녕하세요 여러분 요즘 가장 핫한 디저트 두바이쫀득쿠키 드셔보셨나요? 저는,, 한 두어달 전에 두바이에 엄청 빠져서 두바이 디저트를 자주 찾아먹었었는데요 이제 너무 핫해져서 구하기 어려운 두바이 쫀득쿠키를 웨이팅 없이, 자만추로 만난 이야기.. 함께 보러 가시죠ᄒᄒ 한과와락 압구정갤러리아점 기간 : 2025. 12. 01 2026. 03. 31 위치 : 서울특별시 강남구 압구정로 343 갤러리아 백화점 서관 지하 1층 영업시간 : 매일 10시 30분부터 20시까지 한과와락은 우리나라의 전통 디저트를 현대적으로 재해석하여 판매하고 있어요 개성주악, 약과, 곶감말이 등 다양한 전통 디저트를 만나볼 수 있답니다 그리고.. 제 발걸음을 멈추게 한 두쫀떡 요즘 없어서 못 판다는 디저트죠ㅎㅎ 한과와락 압갤점은 여유롭게 워크인으로, 구입할 수 있답니다 1인당 2개만 구입할 수 있어요 두바이 쫀득 떡 5,800원 두바이 쫀득 떡 이외에도 전통 디저트 그대로 재현한 오리지널 개성주악과 현대식으로 재해석한 다양한 맛의 주악들이 있구요 오리지널 개성약과, 현대식으로 재해석한 약과샌드, 그리고 쌀로 만든 진저맨쌀쿠키도 준비되어 있답니다 그리고 곶감을 이용해서 만드는 전통 디저트, 곶감단지도 있구요 호두를 넣어 담백하게 말아낸 곶감말이, 달콤한 디저트로 재해석한 곶감샌드도 있어요 저는 만두과라는걸 처음 봤는데 우리나라의 전통 디저트인가요? 아시는 분 계시다면 댓글 남겨주세요.. 한 번도 안 먹어봐서 넘 궁금했던 대추만두과, 사과만두과도 있어요 과일 말려만든 참다래(키위)정과와 배오미자 정과도 있구요. 달콤한 맛을 가득 담은 호두정과, 피칸정과도 있답니당 그리고 저는.. 자만추의 기회를 놓칠 수 없었기에 두쫀떡을 구입했어요 근데 진짜 너무 작죠 진짜 앙큼하게 한입에 싹 들어갈 사이즈ㅋ 이리 보고 저리 봐도 정말 작다.. 하지만 요즘 두바이쫀득쿠키 가격이 거의 만원에 가까워지고 있기 때문에 싯가대비 가성비 좋은 가격이라고 생각했어요ㅎㅎ 그리고 여러분에게 단면을 보여주고 싶었던 나의 노력.. 한입에 들어갈 사이즈지만, 어찌저찌 노력해서 베어물어봤어요ㅋㅋ 한과와락의 두쫀떡은 카다이프의 콰작함이 잘 느껴졌어요 촉촉한 식감보다는 콰작한 식감이 더 많이 느껴졌고, 떡이 얇아서 눈 감고 먹으면 마시멜로우를 먹는 것 같은 느낌으로다가 드실 수 있어요ㅎㅎ (그다지 이질적이지 않은 맛과 식감이에요.) 아직 두바이쫀득쿠키를... 
안녕하세요 배이득(썬이득) 입니다 오늘 압구정 로데오에서 썬이득과 일식 가이세키요리를 먹으러 가기 전에 잠깐 들렸다가 선물용으로 딱인 디저트를 발견했어요 바로 한과와락 팝업인데요 쇼케이스에 주악단자정과약과 등이 깔끔하게 진열되어 있고 구성도 좋아서 결국 2박스나 데려왔습니다. 제품사진 한과와락 6구 세트 한눈에 봐도 선물용으로 딱 좋은 것 같아요 주약단자정과가 하나하나 예쁘게 올라가 있어서 사진만 찍어도 이쁘네요 특히 반짝이는 주악 비주얼이 너무 이쁘죠?? 한과와락 팝업스토어 2025.12.01 2026.03.31 2025, 2026년 블루리본서베이에 수록도 되어있어서 믿음 뿜뿜 한과 와락 팝업 정보 장소: 압구정 갤러리아 지하1층(고메이 494) 기간 : 2025.12.01 2026.03.31 역삼동에 본 매장이 있고 갤러리아에서 팝업 중이에요. 팝업스토어 GOURMET 494 POP-UP STORE 팝업 부스가 한옥 문 느낌에 디테일이 있고, 제품들이 선물하기 예쁘게 포장되어 있어요! 근데 저 피스타치오는 뭘까요? 압구정 갤러리에서만 판매하고 있는 한과와락 두쫀떡! 요즘 엄청나게 유행하고 있는 두쫀쿠! 아니 두쫀떡??ㅋㅋㅋ 구하려고 해도 못 구한다던데... 전 썬이득이 만들어줘서 훗 안 사도 됩니다 포장 종류 GOURMET 494 POP-UP STORE 사진출처: 한과와락 인스타그램 포장은 종이, 박스, 틴케이스 이렇게 3종류이고 보자기 포장도 있어요! 호랑이 보자기 설이나 추석 때 너무 센스 있는 선물이 될 것 같아요. 선물은 포장이 이쁘면 반은 먹고 들어가니깐요!ㅎㅎ 진열대 다양한 제품 개별 가격은 2,000원 대부터 5,000원 대까지 다항한데 평균 3,000원 대 정도로 보시면 될 것 같아요! 맛 후기 먼저 구매한 구성 소개해 드릴게요! 맛이 다 확실히 달라서 취향껏 구매하시면 좋을 것 같아요 곶감샌드 곶감샌드는 전통 디저트를 현대식으로 해석된 곶감 디저트에요. 곶감 사이사이에 여러 가지 재료가 들어가는데 정말 새로운 느낌의 디저트 경험을 선사해 주더라고요. 정확히 뭐가 들어간지는 모르겠는데 제가 느끼기엔 버터나 크림치즈 그리고 팥앙금이랑 완두 콩 앙금 같은 것이 들어간 것 같더라고요. 그래서 식감이 부드럽고 견과류도 들어가서 고소했어요. 꼭 하나 맛보고 싶다면 저는 곶감샌드 를 추천드려요! 쑥 흑임자 단자 쑥 향이 나면서 흑임자 소가 달달하고 부드럽게 씹히는 게 할미 입맛인 저에겐 취향 저격이었어요. 쫀득거리는 떡이 중독성 있어요 떡은 하루 이틀 지나면 본래 쫀득한 식감이 변하기 때문에 당일 섭취 꼭...","大家好，最近最火紅的甜點——杜拜軟曲奇，你們都嚐過了嗎？大概兩個月前，我徹底愛上了杜拜，常常去那裡尋找甜點。現在它太受歡迎了，一碰就難。不過，我遇到了一位朋友，幫我不用排隊就買到了杜拜軟曲奇……一起來看看吧，哈哈。

韓果華樂狎鷗亭Galleria分店

活動時間：2025年12月1日 – 2026年3月31日

地點：首爾市江南區狎鷗亭路343號Galleria百貨西翼B1層

營業時間：每日上午10:30 – 晚上8:00

韓果華樂是一家將傳統韓式甜點進行現代演繹的店家。在這裡，您可以找到各種各樣的傳統甜點，例如開城餅、藥果和五花肉。

還有……讓我駐足的豆腐年糕。據說最近這道甜點都賣斷貨了，哈哈。

在Hangwa Warak狎鷗亭購物中心店，您可以悠閒地直接進店購買。每人限購兩份。

杜拜軟糯年糕：5,800韓元

除了杜拜軟糯年糕……我們還有忠實還原傳統風味的開城餅，以及各種口味的現代風味餅。此外，還有經典的開城藥果，現代演繹的藥果三明治，以及薑餅米餅。另外，還有柿餅捲（柿餅製作的傳統甜點）、核桃捲（簡單的核桃捲）以及改良版的甜點——柿餅三明治。我第一次見到饅頭，它是韓國的傳統甜點嗎？如果有人知道的話，請留言。這裡還有棗泥饅頭和蘋果饅頭，我很好奇，因為我以前從來沒吃過。我們還有各種乾果蜜餞，像是獼猴桃蜜餞、梨蜜餞和五味子蜜餞。還有核桃蜜餞和山核桃蜜餞，味道都很甜。至於我嘛……我可不想錯過這個偶遇的機會，所以我就買了豆餅。不過它真的好小啊，對吧？一口就能吃完，好可愛啊哈哈。不管怎麼看，它真的很小……但是，最近迪拜軟餅乾的價格都快到1萬韓元了，我覺得這個價格比市價划算多了，嘿嘿。這是我努力給你們看的切面……雖然是一口大小的點心，但我還是設法咬了一口，哈哈。在韓果華樂的豆腐年糕裡，你能真切地感受到卡塔伊夫的酥脆。酥脆的口感比濕潤的質地更突出，而且因為年糕很薄，閉上眼睛吃的時候，感覺就像在吃棉花糖一樣，哈哈。 （味道和口感其實也沒什麼特別的。）我還是…杜拜的軟曲奇…

大家好，我是裴德（Sunideuk）。今天在狎鷗亭羅德奧，我和Sunideuk一起吃了日式懷石料理。在吃飯前，我順道去了韓果華樂的快閃店，發現了一款非常適合送禮的甜點。櫥窗裡整齊地擺放著豆腐、豆腐丸、正果和藥果，種類豐富，最後買了兩個盒子回家。產品圖：韓果華樂六件套裝。即使只是一眼，也覺得是送禮的完美選擇。珠子、丹子和正果擺放得非常漂亮，即使只是拍照也賞心悅目。閃閃發光的珠子看起來尤其漂亮，不是嗎？韓果華樂快閃店，2025年12月1日至2026年3月31日。它也入選了2025年和2026年的藍絲帶調查，所以我對它充滿信心。韓果華樂快閃店資訊：地點：狎鷗亭Galleria B1樓（Gourmet 494），時間：2025年12月1日至2026年3月31日。總店位於驛三洞，目前正在Galleria舉辦快閃店活動。 GOURMET 494快閃店的攤位設計靈感源自傳統的韓式房屋大門，產品包裝精美，非常適合作為禮物！但是，那是什麼開心果呢？這是韓華華樂的豆丸子，狎鷗亭畫廊獨家販售！還有超潮的豆丸子！等等，豆丸子？ ？哈哈。聽說就算想找也找不到……不過既然Sunideuk幫我做了，嘿嘿，我就不用買了。包裝類型：美食494快閃店 圖片來源：韓華華樂Instagram。包裝有三種：紙盒、盒子和鐵盒，還有包袱布！老虎包袱布是農曆新年或中秋節的貼心禮物。畢竟，送禮的話，漂亮的包裝是成功的一半！哈哈。展示架：各種產品。單品價格從2000韓元到5000韓元不等，平均價格約3000韓元！口味評測：首先，讓我來介紹一下我買的這套吧！每種口味都有特色，建議依個人喜好選擇。柿餅夾心：柿餅夾心是傳統甜點的現代演繹。柿餅層間夾著各種餡料，帶來獨特的甜點體驗。我不太確定具體餡料，但感覺像是黃油、奶油起司、紅豆沙和豌豆沙。因此，口感綿軟，堅果則增添了堅果的香氣。如果想嚐嚐鮮，我強烈推薦柿餅夾心！艾草黑芝麻彈牙：艾草的清香與香甜軟糯的黑芝麻餡料完美融合，正合我這種喜歡傳統口味的人的心意。年糕的軟糯口感令人欲罷不能。不過，由於年糕的軟糯口感會在一兩天後有所變化，所以一定要當天食用…","한과와락 압구정 갤러리아점은 전통 디저트를 현대적으로 담아낸 프리미엄 선물세트 전문 매장입니다. 곶감디저트, 약과, 주악, 다양한 정과를 4,6,10,20구 구성으로 만나보실 수 있으며, 고급 패키지로 명절 답례품,기업 선물에 최적화된 품격 있는 선물을 제공합니다",,한과와락 강남,Hangwawarak 江南
아베베 베이커리 서울,阿貝貝麵包店首爾店,베이커리,麵包店,영업 전,5085,8498,"서울 종로구 청계천로 201 1, 2, 3층",首爾市鐘路區清溪川路201號1、2、3樓,종로5가역 7번 출구에서 267m,距鐘路五街站7號出口267米,영업 전 10:00에 영업 시작,0507-1381-7206,https://www.instagram.com/bakery_abebe,"포장,예약,배달,남/녀 화장실 구분,단체 이용 가능,주차","놀라운토요일 316회, 24.05.25.2024년 5월 25일 땅콩크림도넛/솔티캐러멜도넛","곶자왈 돌코롬 헤이즐넛 크림빵 4500원
노꼬메오름 마스카포네 티라미수 크림빵 4500원
우도 땅콩 크림 도너츠 3300원
영실 목장 순수 우유 크림빵 3900원
금능 사과 크림빵 3600원
위미 감귤크림 콜드브루 5800원
헤이즐넛 초코 크림라떼 5800원
말차 감귤 크림라떼 6500원
블랙 말차 라떼(호지차) 5800원
두바이 품은 아베베 피스타치오 크림빵 9800원
서울 광장시장 명란 크림빵 4200원
산굼부리 오메기떡 말차 앙버터 소보로 5800원
사려니 숲길 고구밤 크림빵 4500원
한라산 1100고지 오메기떡 쑥크림빵 4300원
덕수궁 단풍잎 메이플 크림치즈번 3900원
비자림 녹차밭 호지차 쿠키 크림빵 4500원
도쿄 후지산 흑임자떡 크림빵 4200원
제주 녹차 크림 도너츠 3100원
코난해변 애플망고 요거트 크림도너츠 3100원
사라봉블루베리 요거트 치즈크림 도너츠 3500원
제주 오메기떡 소보로 도너츠 3500원
오메기떡츄러스X소보로 깔루아크림도너츠 3900원
상가리 초코 바나나 푸딩 도너츠 4300원
월정리 카페라떼 크림 도너츠 3500원
함덕 초당옥수수 크림빵 3800원
남산 둘레길 호두나무 크림도너츠 3700원
남원 청귤 요거트 크림 도너츠 3700원
조천 오메기 품은 단팥빵 3500원
산방산 고구마 크림 도너츠 3100원
아베베 더티 초코 크림 도너츠 3300원
종달리 딸기 농장 크림빵 3600원
하도리 얼그레이 크림 도너츠 3500원
위미 한라봉 크림빵 3500원
중문 과자점 쿠키크림빵 4500원
서울숲 바질밭 어니언크림빵 4500원
애월 인절미 크림 도너츠 3100원
새별오름 바닐라 크림 도너츠 3500원
서빈백사 화이트초코 가나슈 크림도너츠 4500원
가시리 흑임자 크림 도너츠 3100원
함덕 초당옥수수 크림라떼 6500원
시그니쳐 땅콩크림라떼 6000원
시그니쳐 너티밀크라떼 6000원
시그니쳐 쑥크림라떼 6000원
제주 말차라떼 5800원
아메리카노 4500원
카페라떼 4900원
바닐라라떼 5200원
카라멜 마끼아또 5200원
블루 코난비치 에이드 5800원
트로피컬 애플주스 5800원
오미자 스파클링 6500원
히비스커스 망고 에이드 5800원
제주 청귤 에이드 5700원
T2 멜버른 블랙 퍼스트 5500원
T2 프렌치 얼그레이 5500원
T2 팩스 어 피치 5500원
T2 슬립타이트 5500원
리얼 딸기 우유 5300원
리얼 애플망고 우유 5300원
우유 4500원
제주 구좌 당근잼 10710원
대정 마농꿀잼 9810원
아베베 블랙백(타포린백) 4800원","Gotjawal Dolkorom 榛果奶油麵包 4,500 韓元

Nokkome Oreum 馬斯卡彭提拉米蘇奶油麵包 4,500 韓元

Udo 花生奶油甜甜圈 3,300 韓元

Yeongsil Ranch 純牛奶奶油麵包 3,900 韓元

Geumneung 蘋果奶油麵包 3,600 韓元

Wimi 橘子奶油冷萃咖啡 5,800 韓元

榛果巧克力奶油拿鐵 5,800 韓元

抹茶橘子奶油拿鐵 6,500 韓元

黑抹茶拿鐵（焙茶） 5,800 韓元

Abebe 開心果奶油麵包 Embracing Dubai 9,800 韓元

首爾廣藏市場 Myeongran 奶油麵包 4,200 韓元

Sangumburi Omegi Tteok 抹茶奶油麵包 5,800 韓元韓元

沙裡永尼森林小徑甜栗子奶油麵包 4,500韓元

漢拿山1100公尺海拔禦米年糕艾草奶油麵包 4,300韓元

德壽宮楓葉楓糖奶油起司麵包 3,900韓元

碧茶園焙茶曲奇奶油麵包 4,500韓元

東京富士山黑芝麻年糕奶油麵包 4,200韓元

濟州島綠茶奶油甜甜圈 3,100韓元

柯南海灘蘋果芒果優格奶油甜甜圈 3,100韓元

沙拉峰藍莓優格起司奶油甜甜圈 3,500韓元

濟州島禦米年糕碎甜甜圈 3,500韓元

禦米年糕吉事果碎咖啡利口酒奶油甜甜圈 3,900韓元

桑加里巧克力香蕉布丁甜甜圈4,300 韓元

月精裡咖啡拿鐵奶油甜甜圈 3,500 韓元

鹹德草堂玉米奶油麵包 3,800 韓元

南山杜勒街核桃樹奶油甜甜圈 3,700 韓元

南原青橘優格奶油甜甜圈 3,700 韓元

朝天豆腐紅豆麵包 3,500 韓元

山房山紅薯奶油甜甜圈 3,100 韓元

Abebe 髒巧克力奶油甜甜圈 3,300 韓元

鐘達裡草莓農場奶油麵包 3,600 韓元

河道裡伯爵茶奶油甜甜圈 3,500 韓元

維米漢拿峰奶油麵包 3,500 韓元

中央點心曲奇奶油麵包 4,500 韓元

首爾森林羅勒田蔥奶油麵包 4,500 韓元韓元

Aewol Injeolmi 奶油甜甜圈 3,100 韓元

Saebyeol Oreum 香草奶油甜甜圈 3,500 韓元

Seobinbaeksa 白巧克力甘納許奶油甜甜圈 4,500 韓元

Gashiri 黑芝麻奶油甜甜圈 3,100 韓元

Hamdeok Chodang 玉米奶油拿鐵 6,500 韓元

招牌花生奶油拿鐵 6,000 韓元

招牌堅果牛奶拿鐵 6,000 韓元

招牌艾草奶油拿鐵 6,000 韓元

濟州抹茶拿鐵 5,800 韓元

美式咖啡 4,500 韓元

咖啡拿鐵 4,900 韓元

香草拿鐵 5,200 韓元

焦糖瑪奇朵 5,200 韓元

Blue Conan Beach Ade 5,800 韓元韓元

熱帶蘋果汁 5,800韓元

五味子氣泡水 6,500韓元

芙蓉芒果汁 5,800韓元

濟州島青橘汁 5,700韓元

T2墨爾本黑咖啡 5,500韓元

T2法國伯爵茶 5,500韓元

T2蜜桃茶 5,500韓元

T2安睡茶 5,500韓元

草莓牛奶 5,300韓元

蘋果芒果牛奶 5,300韓元

牛奶 4,500韓元

濟州島胡蘿蔔果醬 10,710韓元

大井蜜糖果醬 9,810韓元

Abebe黑色帆布袋 4,800韓元","광장시장, 청계천에 간다? 그럼 꼭 들러봐야 할 종로 빵지순례 빵집 늘 궁금했던 도넛 맛집, 아베베 베이커리에 드디어 다녀왔다. 참고로 아베베 베이커리는 서울엔 광장시장 근처, 제주엔 동문시장 근처에 자리해 근처 직장인과 관광객에게 인기가 많은 곳이다. 이번에 다녀온 곳은 아베베 베이커리 서울이다. 이제 청계천 걷기 좋은 날씨가 되었다. 을지로3가에서 청계천 따라 걷다가 들르기 딱 좋다. 종로 빵지순례 빵집으로 소개했지만, 빵만 맛있는게 아니라 카페 공간도 23층으로 되어있어 조망도 좋고 쉬어가기 좋다. 근처 카페 찾는 사람들에게도 추천할만한 곳이다. 종류 지인짜 많다 ! 도너츠, 빵 메뉴 모음 아베베 베이커리 도넛은 제주 여행 기념품으로도 유명한 만큼, 빵 이름에서 상당부분 제주스러운 느낌을 받았다. 종류가 무척 다양할 뿐만 아니라 다른 도넛 가게에선 본 적 없는 메뉴가 많아 고르는 재미가 있다. 빵 종류를 보니 종로 빵지순례 필수코스라고 할만 하지...? 메뉴판 제주의 특색을 담은 잼도 판매하며, 카페로 운영되는 공간인 만큼 음료도 판다. 크림도넛과 빵을 잘하는 공간답게 크림베이스 음료가 많았다. 나는 도넛과 함께 곁들일 음료를 찾았기에, 청량감 있는 제주 청귤 에이드를 주문했다. 원두 디카페인 옵션 대체유 (오트, 귀리, 두유) 옵션 방산시장 뷰를 바라보니 뭔가 서울 여행 온 기분 :) 카페 공간) 2층 밖에서 볼땐 앉아서 먹고 갈만한 공간이 별로 없나 싶었다. 그런데 계단을 타고 올라가보니 23층은 도넛을 먹고 갈 수 있는 공간으로 되어있었다. 2층은 테이블과 체어 모두 블랙톤으로 되어있었고, 사진에 보이는 정도의 인원이 앉을 수 있었다. 카페 공간) 3층 2층과 반대로 화이트톤으로 꾸며져 있던 3층. 통창을 조망할 수 있는 편한 소파자리가 몇 개 있고, 나머지는 24인 테이블로 되어있었다. (사진으론 남기지 못했지만 구석에 6인석 테이블도 있다.) 그리고 평일 기준 점심 시간대엔 만석이었는데, 오후 2시가 되니 자리가 많이 생겼다. 제주 청귤 에이드 날씨가 더워져서 상큼한 음료가 마시고 싶어 주문해본 제주 청귤 에이드. 한라봉이나 귤 에이드보단 덜 달아서 좋았고, 청귤의 상큼함이 잘 담겨있어 맛있게 마셨다. 도넛과 함께 즐길 예정인데 커피가 안땡긴다면 추천하고 싶은 메뉴다. 종로 빵지순례 빵집 추천 아베베 베이커리 서울 빵 8구 포장박스 빵을 여덟개 고르니 박스에 포장해주셨다. 도너츠와 빵을 반반씩 믹스해봤는데, 하나하나 먹어보니 각기 다른 특색이 있어서... 
서울 광장시장 근처 빵집 아베베 베이커리 서울 다양한 제주 크림빵을 서울에서 만나봄 주말 포켓몬고 이벤트가 있어서 아주 오랜만에 동대문, 종로일대를 다녀왔어요. 집에 돌아오는길에 제주에서 궁금했는데 못먹었던 아베베 베이커리가 서울에도 있다고 해서 몇개 포장해오기로 합니다. 근처에 주차할 곳은 따로 없어서 공영주차장에 했는데 걸어서 10분정도? 걸리는 거리였던 듯해요. 아베베 베이커리 서울 주소 : 서울 종로구 청계천로 201 영업시간 : 10시 19시 서울 광장시장 근처 빵집 아베베 베이커리 서울 영업시간이 7시 종료인걸 모르고 그냥 왔는데 6시쯤 줄섰거든요.. 줄이 꽤나 길더라구요. 2층, 3층에 카페자리도 있는데 대부분은 포장해서 가니까 줄은 생각보다는 금방 줄어드는 느낌이긴해요. 마감시간이 얼마 안남은 시간이라 남은 빵이 없을까 그게 걱정되긴 했어요. 서울 광장시장 근처 빵집 아베베 베이커리 서울 매장앞에 메뉴들이 사진과 함께 붙어있긴한데 여기 없는 메뉴도 있고 여기 있는 메뉴가 없기도 한 것 같더라구요. 그냥 눈앞에 보이는 남은 빵들을 보고 그 중에서 골라요. 줄서고 한 13분쯤 지나니까 문앞쪽까지 올 수 있었어요. 실시간으로 줄고있는 도넛이 보여요. 지나가면서 원하는 도넛을 얘기하면서 가야되거든요. 당근잼도 판매중이더라구요. 4,800원에 구매 가능한 백도 판매하고요. 베이커리 메뉴 외에도 음료메뉴도 있어요. 한잔 마시고 싶었지만 빵사고 신당동가서 떡볶이 포장해서 집에 가야했거든요. 서울 광장시장 근처 빵집 아베베 베이커리 서울 빵들은 당일생산한것들로 냉장보관 하지말고 냉동보관했다가 30분 전 꺼내서 자연해동해서 먹음된데요. 제가 먹고싶었떤 도넛들은 몇개 안남았지만.. 몇개 골라봅니다. 저는 이렇게 3개 소소하게 샀고.. 원하는 빵을 고르면 그자리에서 하나씩 포장해주더라구요. 지인은 9개 샀더니 박스에 포장해줬데요. 2층으로 올라가면 화장실도 있고 카페공간이 나와요. 1층에서 음료 받아서 2층이나 3층에서 마시면 되나봐요. 3층으로 올라가는 입구에요. 구매하고 나오니 마감 30분정도 전이 되서 그런지 사람이 별로 없긴했어요. 근데도 줄은 계속 서있더라구요. 서울 광장시장 근처 빵집 아베베 베이커리 서울에서 제가 사온건 3가지에요. 우도 땅콩 크림 도너츠, 남산둘레길 호두나무 크림 도너츠, 한라산 1100고지 오메기떡 쑥 크림빵 남산둘레길 호두나무 크림 도너츠 3,700원 호두분태가 콕콕 박혀있고 크림가득한 크림도넛으로 3개 남은것 중 1개... 
광장시장 근처에서 요즘 가장 핫하게 떠오르는 디저트 맛집 중 하나로 꼽히는 아베베 베이커리를 방문했다. 시장 먹거리로 유명한 광장시장 일대를 둘러보다 보면 자연스럽게 눈에 띄는 곳인데, 특히 크림빵 종류가 다양하고 비주얼이 좋아 많은 사람들이 줄을 서서 기다리는 모습을 쉽게 볼 수 있는 베이커리다. 이날 역시 매장 앞에는 긴 대기 줄이 형성되어 있었다. 처음에는 생각보다 오래 기다려야 할 것 같아 망설였지만, 실제로 줄이 빠지는 속도는 비교적 빠른 편이었다. 체감상 약 1520분 정도 기다린 후 입장할 수 있었고, 회전율이 좋은 편이라 큰 부담 없이 기다릴 수 있었다. 최근 광장시장 디저트 코스로 많이 언급되는 이유를 현장에서 바로 느낄 수 있었다. 매장 내부에는 다양한 종류의 크림빵과 디저트 빵이 진열되어 있었는데, 선택이 어려울 정도로 종류가 매우 많았다. 인기 있는 제품은 중간중간 품절되는 모습도 보였고, 실제로 내가 방문했을 때도 몇 가지 메뉴는 이미 판매가 종료된 상태였다. 그만큼 수요가 많고 회전이 빠른 베이커리라는 느낌을 받았다. 이번 방문에서는 총 5개 정도의 빵을 구매했고, 매장 위쪽에 간단히 앉아서 먹을 수 있는 공간이 있어 매장에서 먹겠다고 이야기하니 접시와 가위 등을 준비해 줬다. 시장 베이커리 특성상 테이크아웃이 많은 편이지만, 위층 공간을 활용하면 비교적 여유 있게 디저트를 즐길 수 있다는 점이 좋았다. 가장 인상 깊었던 메뉴는 함덕 초당 옥수수 콘 크림빵이었다. 빵 속에 실제 옥수수 알갱이가 들어 있어 씹는 식감이 재미있었고, 전체적으로 매우 달콤한 스타일의 크림이 가득 들어 있어 디저트로 만족도가 높았다. 최근 유행하는 꾸덕하고 달콤한 크림빵 스타일을 좋아하는 사람들에게 특히 잘 맞을 것 같다는 생각이 들었다. 삼립 초당 옥수수 크림빵 100g, 1개입, 1개 1,070 또 다른 메뉴로 선택한 티라미수 크림빵 역시 인상적이었다. 겉부분은 살짝 바삭한 식감이 느껴졌고, 안쪽에는 달콤하고 부드러운 크림이 풍부하게 들어 있어 디저트 느낌이 강했다. 생각보다 포만감이 큰 편이라 두 개만 먹어도 배가 꽤 부를 정도였다. 간단한 간식보다는 든든한 디저트 느낌에 가까운 빵이라는 점이 특징적으로 느껴졌다. 매장에는 커피 머신도 준비되어 있었지만, 관리 상태가 아주 좋아 보이지는 않아 개인적으로는 주문하지 않았다. 실제로 위층 좌석에서 식사를 하던 다른 손님들 중 일부는 근처 카페에서 커피를 따로 구매해 오는 모습도 볼 수 있었다. 디저트 맛집으로는...","打算去廣藏市場或清溪川嗎？那麼，這家麵包店絕對是您鍾路麵包朝聖之旅的必去之地。我終於有機會造訪了Abebe Bakery，這家甜甜圈店一直是我心頭好。 Abebe Bakery在首爾廣藏市場和濟州島東門市場附近都有分店，因此深受當地上班族和遊客的喜愛。這次我去的是Abebe Bakery首爾店。現在正是沿著清溪川漫步的好時節，從乙支路三街出發，沿著溪流漫步，這裡是絕佳的休憩點。雖然我把它介紹為鐘路麵包朝聖之旅的必去之地，但它的美味之處遠不止麵包；位於23層的咖啡廳視野極佳，是休憩放鬆的好去處。如果您正在尋找附近的咖啡館，這裡絕對值得推薦。這裡的麵包種類真的超豐富！從甜甜圈到各種麵包，應有盡有。由於阿貝貝麵包店的甜甜圈是濟州島著名的伴手禮，光看麵包的名字就讓我感受到濃濃的濟州風情。這裡的甜甜圈種類繁多，而且還有很多其他甜甜圈店沒見過的口味，選擇起來樂趣十足。光看這些麵包，不配成為鐘路麵包朝聖之旅的必去之地嗎？菜單：他們還出售帶有濟州島特色風味的果醬，而且因為是一家咖啡館，所以也提供各種飲品。畢竟這裡以奶油甜甜圈和麵包聞名，所以飲品也以奶油為基底。因為想找杯飲料搭配甜甜圈，我點了一杯清爽的濟州青橘汁汽水。咖啡可以選擇無咖啡因咖啡豆。牛奶也有多種選擇（燕麥奶、豆奶）。眺望著邦山市場的景色，感覺彷彿置身首爾 :) Cafe Space) 二樓：從外面看，我覺得這裡沒什麼地方可以坐下來吃飯。然而，上了樓梯之後，我發現23樓竟然是一個可以享用甜甜圈的地方。二樓的桌椅都是黑色的，可以容納照片中所示的人數。 Cafe Space) 三樓：與二樓截然不同，三樓以白色為主色調。這裡有幾張舒適的沙發，可以欣賞到落地窗的景色，其餘的則是可容納24人的桌子。 （雖然我沒拍到，但角落裡還有一張六人桌。）工作日午餐時間這裡幾乎滿座，但到了下午2點，就空出了很多座位。濟州島青橘汽水。天氣變暖，想喝點清爽的飲料，所以我點了濟州青橘汁汽水。它比漢拿峰汁或橘汁汽水甜度低，味道很棒，完美地保留了青橘的清新口感。如果你打算搭配甜甜圈享用，又不想喝咖啡，我推薦這款飲品。鐘路麵包朝聖之旅推薦：首爾的Abebe Bakery。 8個裝的麵包禮盒。我選了8個麵包，他們幫我裝進了一個盒子裡。我嘗試一半甜甜圈一半麵包，每樣都嚐了嘗，發現它們各有特色…

Abebe Bakery，一家位於首爾廣藏市場附近的烘焙店。在首爾邂逅各種濟州奶油麵包。因為週末的Pokémon Go活動，我好久沒去東大門和鐘路一帶了。在回家的路上，聽說之前在濟州島沒機會嘗試的Abebe Bakery在首爾也有分店，於是決定買些東西帶回去。附近沒有專門的停車場，所以我把車停在了公共停車場，大概走了10分鐘。

Abebe Bakery 首爾店

地址：首爾市鐘路區清溪川路201號

營業時間：上午10:00 - 下午7:00

Abebe Bakery 首爾店位於首爾廣藏市場附近。我不知道他們晚上7點關門，所以就直接去了，結果6點左右就開始排隊了……隊伍很長。二樓和三樓有咖啡座，但因為大部分人都是外帶，所以隊伍移動得比我想像的還要快。因為快到關門時間了，我擔心可能買不到麵包了。

首爾Abebe麵包店，位於首爾廣藏市場附近。

店門口貼著有照片的菜單，但似乎有些商品缺貨，有些則有貨。我只好看著眼前剩下的麵包，從中挑選。排了大約13分鐘的隊，終於到了門口。可以看到甜甜圈的數量即時減少。你得邊走邊告訴店員你想要哪個甜甜圈。他們還賣胡蘿蔔醬。此外，他們還出售售價4800韓元的袋子。除了麵包，他們還有飲料單。我本來想喝點東西，但我得先買麵包，再去新堂洞買炒年糕打包帶走，然後回家。位於廣藏市場的首爾Abebe麵包店說，麵包是每天新鮮製作的，所以不需要冷藏。建議將它們冷凍，食用前30分鐘取出自然解凍。我想要的甜甜圈所剩不多，但我還是挑了一些。我買了三樣這樣的東西……如果你選擇自己喜歡的麵包，他們會當場單獨包裝。我的朋友買了九樣東西，他說他們都裝在一個盒子裡。二樓有洗手間和咖啡區。看起來你可以在一樓取飲料，然後在二樓或三樓享用。這是三樓的入口。我買完東西出來的時候，人不多，可能是因為離關門還有大約30分鐘。即便如此，還是有人在排隊。我在首爾廣藏市場附近的Abebe Bakery買了三樣東西：牛島花生奶油甜甜圈、南山杜勒路核桃樹奶油甜甜圈和漢拿山1100米高海拔艾草年糕。南山杜勒路核桃樹奶油甜甜圈售價3700韓元。這是一款奶油甜甜圈，裡面填滿了奶油，還撒滿了碎核桃；它是目前市面上僅存的三種口味之一…

我去了Abebe Bakery，這家店被認為是廣藏市場附近最近最熱門的新興甜點店之一。在以市場美食聞名的廣藏市場附近閒逛時，這家店自然而然地吸引你的目光。這家麵包店總是排著長隊，尤其是因為其種類繁多的奶油麵包和誘人的賣相。那天也不例外，店門口同樣排起了長隊。起初我有些猶豫，以為要等很久，但隊伍移動得相當快。我感覺大概等了1520分鐘才進去，由於翻台率很高，所以等待的過程不覺得很煎熬。我立刻明白了為什麼這家店最近常被推薦為廣藏市場必去的甜點店。店內陳列著琳瑯滿目的奶油麵包和甜點麵包，選擇之多令人眼花撩亂。我注意到一些熱門產品時不時就會售罄，事實上，我去的時候好幾款都已經賣完了。這讓我覺得這家麵包店生意興隆，翻台率也很高。這次我一共買了五樣東西。因為樓上有一個小小的座位區，我便告訴店員我會在那裡吃，他們很貼心地為我準備了盤子和剪刀。雖然市面上的麵包店通常都是外帶，但我很喜歡能夠利用樓上的空間，在相對輕鬆的氛圍中享用甜點。最令人印象深刻的是鹹德玉米奶油麵包。麵包裡真的有玉米粒，口感很有嚼勁，裡面夾著香甜的奶油，是一種非常令人滿足的甜點。我覺得它特別適合喜歡現在流行的濃郁香甜奶油麵包的人。三立牌玉米奶油麵包，100克，1包，每包1070韓元。我點的另一款提拉米蘇奶油麵包也同樣出色。外皮略帶酥脆，內餡滿滿的香甜軟糯奶油，很有甜點的感覺。比我想像的還要飽腹，兩個就讓我覺得很滿足了。它的特別之處在於，與其說是小吃，不如說更像是豐盛的甜點。雖然店裡有咖啡機，但看起來維護得不好，所以我沒有點咖啡。事實上，我看到樓上用餐的其他顧客是從附近的咖啡館單獨買的咖啡。至於甜點勝地…","안녕하세요. 아베베베이커리입니다!
제주 로컬 음식을 재해석한 베이커리 전문점으로 많은 분들의 넘치는 사랑으로 서울 광장시장에 오픈하게 되었습니다.
제주도 관광을 하면서 추억을 되새기거나 여행을 시작할 때 새로운 지역명을 알 수 있는 도너츠의 이름이 아베베베이커리의 특징입니다.
또한 흐르는 크림이 아닌 꾸덕한 크림으로 얼려먹어도 맛이 떨어지지 않고 오히려 맛이 더 극대화되는 크림빵입니다. 크림이 가득하며 찹쌀떡, 오메기떡 등 다양한 재료들로 만들어 좋은 식감을 선사합니다.

아베베베이커리에서는 남녀노소 즐길수있는 크림 도너츠와 크림빵을 맛보실 수 있습니다.

@ 단맛을 좋아하는 어린이들을 위한
리얼 솔티 카라멜크림 도너츠
아베베x더티 초코 크림도너츠
영실목장 순수우유 크림빵

@ 달지 않은 맛을 원하시는 어르신들께는
가시리 흑임자 크림 도너츠
한라산 돌멩이 도너츠
한라산 1100고지 오메기떡 쑥 크림빵

@ 여성분들의 취향을 저격하는 빵으로는
남원 청귤 크림 도너츠
금는 사과 크림빵
제주 녹차 크림 도너츠

이 준비 되어있으니, 놀러오셔서 즐겨보세요:)

아베베베이커리는 판매, 포장, 결제가 세분화 되어 빠른 회전률을 자랑합니다.
또한 빵을 생산해놓고 파는것이 아닌 지속적으로 생산하여 품절되는 빵없이 마감 전까지 채워져 있어 어느시간에 오셔도 원하시는 빵을 구매하실 수 있습니다.

아베베베이커리의 박스포장은 매번 바뀌어 지루하지 않고, 선물하기 좋습니다!
편리한 보관으로
@ 서늘한 곳에 하루, 실온보관이 가능, 냉동보관은 30일까지 가능합니다!
(못드신 빵은 냉동 보관하신 후 자연해동하셔서 드시면 변함없는 맛을 느낄 수 있습니다.)",,아베베 베이커리 서울,阿貝貝麵包店首爾店
쑥스초코파이 서울,Ssuk's Chocopie 首爾,베이커리,麵包店,영업 전,4573,862,서울 종로구 종로32길 25 1층,首爾特別市鐘路區鐘路32街25 1樓,종로5가역 7번 출구에서 115m,距鐘路五街站7號出口115米,영업 전 10:00에 영업 시작,0507-1386-0467,https://smartstore.naver.com/ssuksch,"포장,예약,대기공간,반려동물 동반,무선 인터넷,간편결제",,"쑥스 3개세트(맛 선택) 12400원
쑥스초코파이 해풍쑥 인절미 4500원
쑥스초코파이 거문도해풍쑥 4200원
쑥스밀크티 쑥밀크티 5800원
쑥스초코파이 논산딸기 4400원
쑥스 쑥치즈케이크 5200원
쑥스 6개세트(맛 선택) 23800원
쑥스 초코치즈케이크 5200원
쑥스쿠키 쑥소금쿠키 4500원
쑥스초코파이 광주리얼초코 4300원
쑥스초코파이 우도땅콩 4600원
쑥스초코파이 해풍쑥통팥 4400원
쑥스쿠키 단호박 4500원
쑥스쿠키 초코마카다미아 4500원
쑥스스콘 거문도해풍쑥 4300원
쑥스스콘 국산콩두부 4300원
쑥스스콘 리얼초코 4300원","Ssuks 三件組（口味選擇）12,400 韓元

Ssuks 巧克力派（海風艾草年糕）4,500 韓元

Ssuks 巧克力派（巨文島海風艾草）4,200 韓元

Ssuks 奶茶（艾草奶茶）5,800 韓元

Ssuks 巧克力派（論山草莓）4,400 韓元

Ssuks 艾草起司蛋糕 5,200 韓元

Ssuks 六件組（口味選擇）23,800 韓元

Ssuks 巧克力起司蛋糕 5,200 韓元

Ssuks 曲奇（艾草鹹味曲奇）4,500 韓元

Ssuks 巧克力派（光州真巧克力）4,300 韓元

Ssuks 巧克力派（牛島花生） 4,600 韓元

Ssuks 巧克力派（海風艾草紅豆口味） 4,400 韓元

Ssuks 餅乾（甜南瓜口​​味） 4,500 韓元

Ssuks 餅乾（巧克力澳洲堅果口味） 4,500 韓元

Ssuks 司康（海風艾草口味） 4,300 韓元

Ssuk-seu 司康餅（國產豆腐口味） 4,300 韓元

Ssuk-seu 司康餅（純正巧克力口味） 4,300 韓元","광장시장 디저트 강자들이 생겼다고요? 광장시장하면 빈대떡, 부침개, 육회, 꼬마김밥 머리속에 디폴트값으로 정해져있었는데요. 논란많았던 바가지 이슈로 (순대) 그마저도 선뜻 구매가 망설여지게되었지요. 그래서 이번엔 실패하지않을 디저트 TOP3 알아왔습니다. 종로5가 종오지하쇼핑센터9번출구로 나오면 바로입구에요 그동안 많이 봐왔던 빈대떡, 분식, 김밥 집들은 빠르게 지나가줍니다. 광장시장 실패없는 디저트 맛집 No.1 쑥스초코파이 이름답게 초록초록한 인테리어 귀여운매장인데요. 테이크아웃매장이지만 음료도 같이 판매하고있어요 쑥스초코파이 메뉴 초코파이를 재해석한 다양한 맛의 초코파이가 패키지와함께 맛스러워보여 선물하기에도 좋을거같아요. 추천메뉴 포장포장 한줄평 보기보다 많이 달지않은 예상가능한 고급진 초코파이맛 광장시장 실패없는 디저트 맛집 No.2 아베베 베이커리 제주에서 올라온 떡이들어간 쫄깃한 크림 도너츠와 크림빵류들이 다양하게 준비되어있는 테이크아웃 홀 매장 매장에 들어서면 압도될정도로 먹음직스러운 크림도너츠류와 크림빵들이 있는데요 하나하나 다 먹어보고싶을정도로 근사했어요.. 제주 특산품을 재료로 활용한것도 인상깊었는데요 빵안에 오메기떡이 들어간다던지 눈길이 가는 메뉴가 많았어요. 홀을이용했다면 마셔보고싶은 음료 메뉴도 여럿 되었어요. 고심해서 몇개 고른 후 포장! 포장손님이 많아서인지 빠르게 준비해주셨어요 2,3층은 아담하지만 분위기있는 테이블 자리들이 있었어요. 요즘 겨울날씨와 굉장히 어울려보여서 또 따듯한 날에도 한번 와 봐야겠어요. 한줄평 여긴 또 다시와야지! 맛도리천국이다 광장시장 실패없는 디저트 맛집 No.3 광장시장 스타벅스 스타벅스 특화매장으로 특화매장만의 스페셜 음료와 디저트를 맛볼 수 있어요 광장시장안에 이렇게 멋지게 지을 수 있구나 감탄을 연발하였던 스타벅스 광장마켓점 계단을올라 문을 열고 들어서면 정말 다른세계로 온듯한 느낌이 드는곳이에요 역시나 많은 방문객들이 있어 사진찍기는 어려웠는데요 꼭 한번 들려보시길 바래요. MD들도 괜히 더 예뻐보이고. 평일 낮임에도 테이블마다 방문객이 있었지만 굉장히 넓기때문에 금새 자리에 앉을 수 있었어요. 특화매장에왔으니 스페셜 디저트를 먹었는데요 요 꽈베기 정말 맛도리였어요. 자리에 앉아 내려다보는 광장시장의 느낌도 사뭇달랐고요 시장과 대형체인점의 거리가 이런식으로 좁혀질 수 있구나 전통시장도 이렇게 멋있어질 수... 
선물로 받은 쑥스초코파이 정말 기대 이상이었어요. 상자를 열자마자 포장부터 너무 깔끔하고 고급스러워서 선물 받는 기분이 두배로 좋아지더라고요. 이미 서울 광장시장 디저트 맛집 으로 유명하고 온라인에서도 많이들 찾는다는데, 저는 이제서야 먹어봤어요. 자연 쑥과 제철 특산물을 활용한 조합이 독특하면서도 차별화되어 정말 매력적이었어요. 일상 속에서 달달한게 유독 땡기는 순간이 있잖아요. 그럴때 간식으로 즐기기 딱 좋고, 특히 커피 한잔과 같이 먹으니 정말 잘 어울리더라고요. 살짝 허기질때 간식으로 먹기에도 좋아요. 광장시장 맛집 쑥스초코파이 택배로 집에서 편하게 맛볼수 있어 편해요. 1. 쑥스초코파이 보관 방법 초록 박스가 상큼하게 다가와 첫인상부터 기분이 좋았어요. 고급스러운 느낌이라 선물용으로도 안성맞춤이에요. 박스에는 냉장보관 스티커가 붙어 있는데, 쑥스초코파이 보관 방법은 냉장보관이 필수랍니다. 낱개 포장이라 박스째로 냉장고에 넣어두기만 하면 되니 보관도 편해요. 2. 쑥스초코파이 특징 쑥스초코파이는 흔히 떠올리는 초코파이와는 전혀 다른 매력을 가지고 있어요. 쑥을 비롯해 제철 특산물을 활용해 만든 여섯가지 맛이 각각 달라서 하나씩 먹을 때마다 새로운 재미가 있더라고요. 속은 마시멜로우 대신 신선한 생크림으로 꽉 채워져 더 부드럽고 풍미가 살아있어요. 이 제품은 2016년에 탄생한 브랜드로, 쑥을 활용한 국내 최초의 초코파이라는 점에서 더 특별함이 느껴져요. 3. 쑥스초코파이 6가지 맛 거문도 해풍쑥, 해풍쑥 인절미, 해풍쑥 통팥, 우도 땅콩, 논산 딸기, 광주 리얼초코 까지 총 여섯가지 맛으로 구성되어 있어요. 재료만 봐도 일반 초코파이와는 확실히 다른 느낌이 드는데요, 각각 원재료의 풍미가 또렷해서 골라 먹는 재미가 있더라고요. 저는 원래 건강한 재료를 디저트에 활용하는걸 좋아해서 이런 구성은 더 마음에 들었어요. 다양한 맛으로 구성돼 있어서 기분이나 분위기에 따라 골라 먹는 재미가 있어요. 처음 맛본다면 각 맛이 어떻게 다를까 하나씩 기대하게 만드는 매력도 있고요, 단순한 디저트를 넘어 지역별 특산물이 담긴 듯한 풍미가 느껴져 더 특별하게 다가왔어요. 광주 리얼 초코 맛은 누구나 좋아할 만한 클래식 초코파이 스타일로, 진한 초콜릿과 부드러운 생크림의 조합이 매력적이에요. 논산 딸기 맛은 품질 좋은 논산 딸기를 직접 끓여 만든 수제 퓨레가 들어가 있어 달콤하면서도 상큼한 맛이 살아있어요. 우도 땅콩 맛은 제주 우도의 고소하고 부드러운... 
광장시장 맛집에서 간식 후식으로 기념품 포장, 쑥스초코파이 서울 날씨 좋은 날 대학로에 놀러 온 김에 룰루랄라 걷고걸어 광장시장까지 왔어요. 워낙 관광지로 유명하다보니 줄서있는 맛집이 많아 이것저것 또 먹다가 문득 온 김에 간식 후식으로 기념품 사가면 좋겠다 싶어 찾은 쑥스초코파이 서울. 뭐가 맛있을지 몰라 초코파이 여러개와 스콘과 쿠키를 골고루 엎어왔습니다. 광장시장 맛집에서 간식 후식으로 기념품 포장, 쑥스초코파이 서울 글사진영상 원스어게인 본 포스팅은 캐논 Canon R8로 촬영했습니다. 방문일: 2025년 11월 3일 1. 위치 정보 및 주차 쑥스초코파이 서울점, 위치 정보 서울특별시 종로구 종로32길 25 1층 평일 11:0019:00, 주말 10:0020:00 0507-1386-0467 쑥스초코파이 서울점은 마건교에 인접한 광장시장 남1문에 위치한 간식 후식 포장 전문 맛집이에요. 1호선 종로5가역 7번 출구로 나와 조금 내려오다 청계천 건너지 않고 코너로 돌면 남1문이 있습니다. 광장시장이 늘 그렇듯 주차는 별도 지원되지 않습니다. 가까이 광장시장 남1문 공용주차장 이용 가능하고, 방산종합상가 지하주차장도 추천하시네요. 2. 외관, 내부 분위기 날씨 좋은 11월 초의 어느 날, 청계천 걷다가 출출해서 광장시장에 왔어요. 마전교를 건너 광장시장 남1문이 있고 앞에 쭉 늘어선 맛집 포장마차들이 저마다 맛있는 냄새를 뿜어냅니다. 언제나 북적북적한 광장시장입니다. 쑥스초코파이 서울점은 입구 쪽 가까이에 있어요. 우리 땅에서 자란 특산물과 재료들로 한국적인 독특한 디저트를 만들고 있다고 해요. 특히 쑥으로 만든 초코파이가 유명한데 그래서 쑥스초코파이인가보군요. 저는 사장님 성격이 좀 내성적이시라 쑥스러우신가... 했어요. 매장 안은 별도의 취식 공간은 없고 간식과 후식 포장 전문점이다보니 포장용기가 예쁘게 정렬되어 있네요. 3. 진열된 디저트 종류 처음 방문하면 뭐가 맛있는지 잘 모르기에 선물세트를 구매하시는 것도 좋을 것 같아요. 실제 메뉴가 전시되어 있기에 선택하는데 꽤 도움이 되었어요. 쑥으로 만든 다양한 디저트를 보는 재미가 꽤 쏠쏠합니다. 지명과 재료를 딱 보여주시니 더 신뢰가고 맛이 궁금해진달까요. 4. 주문 메뉴 및 감상 초코파이와 스콘, 케이크와 쿠키를 골고루 골라왔어요. 예쁘고 단단하게 포장해주셨습니다. 저희는 3개 선물세트 하나와 6개 선물세트 하나를 구매했어요. 3개 선물세트에는 맛있어 보이는 쿠키 3종을 모두 하나씩 가져와봤습니다. 거문도 해풍쑥...","你聽過廣藏市場湧現這麼多甜點高手嗎？一想到廣藏市場，腦海裡總是浮現出豆瓣醬、炸蝦餅、什錦飯和迷你紫菜包飯。然而，由於之前聖代冰淇淋價格虛高的爭議，我甚至不敢輕易嘗試。所以，這次我找到了三家絕對不會讓你失望的甜點店。如果你從鐘路五街鐘路地下購物中心的9號出口出來，入口就在旁邊。只要快速穿過那些你經常看到的豆瓣醬、小吃和紫菜包飯攤位，就能找到這家店。廣藏市場排名第一的甜點店是Ssuk's Choco Pie。正如其名，這是一家裝潢可愛、綠意盎然的小店。雖然是外帶店，但他們也賣飲品。 Ssuk's 巧克力派菜單：各種口味的巧克力派是對經典口味的重新詮釋，包裝看起來就非常誘人，是饋贈親友的完美之選。推薦菜單（外帶）

一句話評價：沒有看起來那麼甜，但巧克力派的味道一如既往地精緻。 Abebe Bakery 是廣藏市場排名第二的甜點店，絕對不會讓你失望。這家店提供外帶和堂食，供應各種奶油麵包和軟糯的奶油甜甜圈，裡面還夾著濟州島產的年糕。一進門，琳瑯滿目的奶油甜甜圈和麵包就讓人垂涎欲滴，讓人恨不得每樣都嚐嚐。更令人印象深刻的是，他們使用了濟州島的特產食材；菜單上有很多吸引眼球的特色產品，例如夾著 Omegi 年糕的麵包。如果堂食的話，我還想嚐嚐其他幾種飲品。最後，我仔細挑選了幾樣東西，然後就打包帶走了！或許是因為外帶顧客很多，所以他們很快就做好了餐點。二樓和三樓的桌椅舒適又有氛圍，感覺非常適合現在的冬天，所以我一定要找個暖和點的日子再來一次。一句話評價：我一定要再來！這裡簡直是美食天堂。廣藏市場排名第三的必吃甜點店：廣藏市場星巴克。作為一家專營店，你可以品嚐到這裡獨有的特色飲品和甜點。這家星巴克廣藏市場分店建在廣藏市場裡面，設計得非常精美，讓我驚嘆不已。當你走上樓梯，推開門，走進去的時候，彷彿進入了另一個世界。不出所料，顧客很多，拍照有點困難，但我還是強烈推薦大家來這裡。不知為何，商品看起來格外漂亮。雖然是平日的下午，但每張桌子都坐滿了人，不過因為店面很大，我很快就找到了座位。因為是在專賣店，我特意品嚐了一款特色甜點，這款扭紋甜甜圈真是美味極了。從座位上看到的廣藏市場景色也別有一番風味，讓我意識到市場和大型連鎖店之間的距離可以縮短到如此程度，傳統市場也能變得如此美妙…

我收到的艾草巧克力派作為禮物，真的超出了我的預期。打開盒子，精緻奢華的包裝讓我倍感驚喜。它在首爾廣藏市場早已是遠近聞名的甜點店，在網路上也備受追捧，但我直到最近才有機會品嚐。天然艾草與時令食材的巧妙融合，使其風味獨特，令人垂涎。你有沒有過那種特別想吃甜食的時刻？這款巧克力派正是這種時候的完美零食，搭配一杯咖啡更是絕佳。當你有點餓的時候，它也是一個很棒的輕食選擇。在家就能輕鬆享用廣藏市場名店的特色美食－Ssuk's巧克力派，真是太方便了！ 1. Ssuk's巧克力派的儲存方法：綠色的包裝盒給人清新的感覺，給人留下美好的第一印象。它質感高級，是饋贈親友的理想選擇。包裝盒上貼有冷藏標籤，請務必將Ssuk's巧克力派冷藏保存。由於每個巧克力派都是獨立包裝，所以只需將盒子放入冰箱即可輕鬆儲存。 2. Ssuk's巧克力派的特點：Ssuk's巧克力派的魅力與您想像中的普通巧克力派截然不同。它採用艾草等時令食材，六種獨特的口味，每一口都帶來全新的味覺體驗。餡料以新鮮奶油取代棉花糖，口感更綿軟香甜。這款產品更顯特別，因為它是韓國首款使用艾草的巧克力派，該品牌於2016年創立。 3. Ssuk's 巧克力派（6種口味）：共有六種口味：巨文島海風艾草、海風艾草年糕、海風艾草紅豆、牛島花生、論山草莓和光州真巧克力。光看食材表就能看出它與一般巧克力派截然不同；每種食材獨特的風味讓選擇充滿樂趣。我個人很喜歡在甜點中使用健康食材，所以我非常喜歡這個系列。如此豐富的口味選擇，可以根據心情或氛圍隨意挑選。如果是第一次嘗試，你會對每種口味的獨特之處充滿期待。它超越了簡單的甜點範疇，融合了各地特色風味，更顯特別。光州真巧克力口味是經典的巧克力派，濃鬱的巧克力與順滑的鮮奶油完美融合，人人都愛。論山草莓口味則選用優質論山草莓熬煮而成的自製果泥，帶來香甜清爽的口感。牛島花生口味則以濟州島牛島的花生為原料，口感香甜軟糯…

光藏市場美食店－首爾淑氏巧克力派

在一個陽光明媚的日子裡，我漫步到大學路，一路悠閒地來到了光藏市場。由於這裡是著名的旅遊景點，許多餐廳都排起了長隊。吃了一些之後，我突然想到，既然來了，不如買些紀念品和甜點，於是就找到了首爾淑氏巧克力派。因為我不知道哪種好吃，我買了好多巧克力派、司康和曲奇帶回家。廣藏市場美食店 Sook's Choco Pie 首爾店的零食和甜點

文字、圖片、影片：再次拍攝

本文使用佳能 R8 拍攝。探訪日期：2025 年 11 月 3 日

1. 地點資訊及停車

Ssuk's Choco Pie 首爾店

地址：首爾市鐘路區鐘路 32 街 25 號 1 樓

營業時間：週一至週五 11:00 - 19:00，週末 10:00 - 20:00

電話：0507-1386-0467

Ssuk's Choco Pie 首爾店是一家頗受歡迎的外帶零食和甜點店，位於廣藏市場南門 1 號，毗鄰 Mageongyo。如果您從地鐵1號線鐘路五街站7號出口出來，步行一小段距離，然後轉彎（無需過清溪川），即可到達1號南門。和大多數廣藏市場一樣，這裡不提供停車位。您可以使用附近的廣藏市場1號南門公共停車場，也可以推薦使用邦山綜合購物中心的地下停車場。

2. 外觀與內部氛圍

11月初的一個晴朗日子，我沿著清溪川散步後感到飢餓，於是來到了廣藏市場。穿過馬田橋，就到了廣藏市場1號南門，一排排美食攤位飄散著誘人的香氣。廣藏市場總是熙熙攘攘，熱鬧非凡。 Ssuk's Choco Pie首爾分店就在入口附近。他們說，他們使用當地特產和本地種植的食材，製作獨特的韓國甜點。他們家的艾草巧克力派特別有名，也許這就是它被叫做「Ssuk's Choco Pie」（蘇克巧克力派）的原因吧。一開始我以為老闆娘個性比較內向，所以有點害羞。因為店裡沒有獨立的用餐區，是專門賣零食和甜點的外帶店，所以包裝盒都擺放得整整齊齊。 3. 展示的甜點種類：如果你是第一次來，可能不知道哪些好吃，買個禮盒是個不錯的選擇。菜單上的菜色都擺出來了，這很方便選擇。看著各種用艾草做的甜點也挺有趣的。看到店名和配料都清晰地展示出來，讓我對這家店更有信任感，也更想嚐嚐味道。 4. 點餐體驗：我挑選了各種各樣的甜點，包括巧克力派、司康、蛋糕和餅乾。包裝精美又安全。我們買了一個三件套禮盒和一個六件套禮盒。我買的三件式禮盒裡，每種口味的餅乾都各一塊，看起來都非常美味。 Geomundo 海風艾草餅乾…","쑥디저트에서 찾는 약간의 즐거움.
2016년 대한민국 최초 쑥초코파이로 시작한 '쑥스초코파이'입니다.

우리땅에서 자란 특산물과 매일 공수한 재료들로 한국적인 독특한 디저트를 만들고 있습니다. 대표 광주빵집으로 빵지순례 포인트입니다.
쑥은 단군신화에서 곰과 함께 등장하는 한국을 대표하는 허브입니다, 쑥스(Sooks)초코파이는 우리 민족과 오랫동안 함께해온 자연 그대로의 쑥과 우리땅에서 자란 특산물을 현대적으로 재해석한 자연주의 디저트입니다.

쑥스초코파이의 5가지 약속

하나, 대한민국 '최초' 쑥초코파이 입니다.
2016년 판매하기 시작한 쑥초코파이는 특허까지 인정받은
대한민국 최초의 쑥초코파이입니다.

둘, 건강한 5無
건강을 위해 모든 제품에 사용하지 않습니다.
無색소 無방부제 無유화제 無쇼트닝 無마가린

셋, 냉장이라 신선함이 다르다!
냉장 프리미엄 디저트입니다. 기존 초코파이와 다르게 냉장 생초코파이로 개발하여 설탕을 줄이고 크림의 신선한 맛을 느낄 수 있습니다. 일본 동경제과학교를 졸업한 디저트 전문가가 오랜 기간의 테스트를 거쳐 만든 완성도 높은 프리미엄 디저트입니다.

넷, 건강한 원료를 고민하고 선별합니다.
사계절이 뚜렷하고 고온다습한 여름과 추운겨울이 있는 한국의 특산물을 제철에 수확해 담았습니다. 계란은 100% 순수 곡물 사료와 천연발효액을 먹고 자란 닭이 낳은 무항생제의 안전한 포프리 계란을 사용합니다. (식품의약품안전처 표창장 수상, HACCP 인증)

다섯, 우리밀 밀가루 전문가 쌍둥이 아빠가 만듭니다.
아토피에 약한 쌍둥이를 걱정하는 아빠의 사랑이 만든 초코파이. 밀가루회사에서 10년간 우리밀 밀가루 제품출시 업무를 하던 이상범 연구원은 우리땅 우리농부가 자연에서 재배한 우리밀과 청정한 지역특산물을 선별하여 아이들에게 걱정없이 줄 수 있는 간식을 만들었습니다.

쑥스초코파이의 3가지 포인트
1. 마시멜로우가 아닌 신선한 생크림을 가득 담았습니다.
2. 매장에서 매일 한정수량만 생산합니다.
3. 재료를 아끼지 않고 듬뿍 넣어 풍부한 맛을 느낄 수 있습니다.

공기에 노출되지 않도록 밀봉 상태를 유지하기 위해 개별 실링 포장을 합니다. 제품은 공장에서 생산하지 않고 세스코 인증을 받은 위생적인 매장에서 오픈키친으로 운영하고 있습니다. 매장에 오시면 만드는 과정을 직접 볼 수 있습니다.

포장은 6개입과 3대입 세트로 구성되어 있어 선물하기 좋습니다.
1개씩 포장되어 있어 사람들과 나누기 좋은 행복나눔 디저트 입니다.
매장에서 어린이집&결혼 답례품으로 인기가 많습니다.

매장은 광주광역시와 서울 광장시장에 있고 광주에 오면 꼭 사야되는 관광 기념품입니다. 광장시장에 오셨다면 꼭 쑥스초코파이를 만나보세요.

광장시장,광장시장맛집,종로5가,종로5가역,종로5가역맛집
광장시장굴아저씨,서울광장시장,광장시장 먹거리,종로빵집",,아베베 베이커리 서울,阿貝貝麵包店首爾店
광장 찰 핫도그,廣藏烤熱狗,핫도그,熱狗,영업 전,595,72,서울 종로구 종로32길 25,首爾特別市鐘路區鐘路32街25,종로5가역 7번 출구에서 116m,距鐘路五街站7號出口116米,영업 전 10:00에 영업 시작,0507-1412-4223,,"포장,예약,대기공간",,"아이스 아메리카노 3000원
통모짜핫도그 4000원
반반모짜핫도그 4000원
광장핫도그 3500원
생수 1000원
탄산 음료 2000원
(ICE) 바나나 헤이즐넛 라떼 4000원
(HOT) 카페라떼 3500원
아이스 카페라떼 4000원
(HOT) 아메리카노 2500원
감자토핑 추가 1000원
체다치즈 추가 500원
소떡소떡 4000원
감자핫도그 4500원
체다치즈핫도그 4000원","冰美式咖啡 3,000 韓元

整條馬蘇里拉熱狗 4,000 韓元

半份馬蘇里拉熱狗 4,000 韓元

廣藏熱狗 3,500 韓元

瓶裝水 1,000 韓元

碳酸飲料 2,000 韓元

（冰）香蕉榛果拿鐵 4,000 韓元

（熱）咖啡拿鐵 3,500 韓元

冰咖啡拿鐵 4,000 韓元

（熱）美式咖啡 2,500 韓元

加土豆 1,000 韓元

加切達起司 500 韓元

吐司 4,000 韓元

馬鈴薯熱狗 4,500 韓元

切達起司熱狗 4,000 韓元","독일에서 온 언니가 외국인들이 많이 찾는 광장시장에 꼭 가야한대서 어서와 한국은 처음이지를 찍는 심정으로 광장시장을 다녀왔어요. TV로 보던 시장간판에 신이 났어요. 외국인 관광객들 중에 비건이 많아서 광장시장 만두도 채식만두로 바뀌었다고 해요. 시장 중간 좌판에 앉아 만두를 주문해서 맛나게 먹고는 요즘 핫한 핫도그 가게를 찾아서 갔어요. 콘프레이크가 튀김옷으로 묻어 있어서 바삭해요. 큼직한 모짜렐라치즈가 들어간 핫도그 하나를 다 먹고 나니 배가 불러요. 순희네 빈대떡 부촌육회는 여전히 대기열이 있어요. 순희네 젓갈에서 엄마가 잘 드시는 명란젓도 구입하고요. 광장시장은 외국인 관광객뿐만 아니라 내국인인 저에게도 즐거운 곳이에요.
내돈내산 서울의 전통시장 광장시장!! 외국인들이 필수로 찾는 관광지이자 핫플이기도 하다. 시장 내 음식점들이 하도 많아서 어디를 가야 할지 선택장애(?)가 올 수도. 방송에 나와서 유명해졌거나 원래부터 맛있다고 소문난 오래된 맛집, SNS에서 화제가 된 신상 맛집들이 은근히 많다. 광장시장의 그 많은 음식점들을 다 가보기는 힘들겠지만, 내가 가본 곳들에 대해서 리뷰한다. 광장 찰핫도그 아홉 번째 리뷰!! 광장시장 광장 찰핫도그다. 전집 거리 초입에 있다. 광장시장의 핫플 찹쌀 꽈배기 옆에 있음. 늘 줄이 있는 꽈배기 집에 있어서 상대적으로 한가하다. 여기는 줄이 거의 없음. 주말이나 관광객이 몰릴 때에는 간혹 줄이 생기기는 한다. 핫도그 전문점으로 주문시 조리에 들어간다고 되어 있다. 근데 미리 튀겨놓은 핫도그를 주기도 한다. 잘 팔리는 메뉴는 미리 준비해놓는 모양. 과거의 메뉴판이며 현재 가격 인상되었습니다. 핫도그가 전문이지만 찹쌀 소보로 도너츠도 판매한다. 유리 진열대에서 바삭하게 튀겨진 모습을 확인할 수 있다. 원래 핫도그만 먹으려다가 도너츠의 비주얼에 반해 도너츠까지 주문했다. 핫도그의 종류가 다양한데 이색 핫도그가 있다. 쇼콜라 핫도그!!! 이런 핫도그는 처음 본다. 사장님께 여쭤보니 안에 꾸덕한 쇼콜라 초콜릿이 들어가 있다고. 초콜릿 마니아로서 호기심에 먹어보고 싶었지만, 처음 방문했으니 스탠드한 핫도그를 택하기로 했다. 내가 고른 핫도그는 체다치즈 핫도그!! 미리 만들어둔 핫도그가 아니라서 사장님이 바로 핫도그 조리에 들어갔다. 추가로 뿌링클 시즈닝을 선택할 수 있다! 뿌링클 시즈닝 뿌리면 맛있겠지만 참았다. 소스가 워낙 많아서! 소스의 종류가 다양하다. 내가 갔을 땐 소스를 자유롭게 뿌려서 먹을 수 있었다. 어떤 소스를 먹을지 고민이 된다면 사장님이 추천하는 조합 소스를 택해보자. 나는 내가 좋아하는 소스를 취향껏 골라서 듬뿍 뿌렸다. 소스 마음껏 뿌릴 수 있어서 좋다!!! 시리얼로 반죽을 해서 튀김이 굉장히 바삭하고 쫀득하다. 찹쌀 꽈배기보다 더 바삭한 튀김이었다!! 여기서 먹어본 먹거리 중 가장 바삭한 튀김이었음!! 크런치한 식감이 매력적이었다!! 좋은 소시지를 쓰는 모양인지 두툼하고 큼직했다. 녹은 체다치즈가 소시지를 감싸서 더욱 맛있었다. 명랑 핫도그 같은 프랜차이즈보다 훨씬 더 맛있는 것 같다!! 도너츠도 기대 이상!! 도너츠도 바삭하고 크런치한 식감을 갖고 있다. 팥도너츠와 모짜체다도너츠 세 개를 사왔는데 바삭하고... 
광장시장 핫도그 맛집 세상에서 가장 맛있는 핫도그 광장 찰 핫도그 광장시장 맛집 광장 찰 핫도그 광장 찰 핫도그 반반모찌핫도그 4.000원 0507 1412 4223 주차불가. 간단 픽업 가능(전화 주문) 광장시장 맛집 광장 찰 핫도그 안녕하세요 마리입니다 광장시장 인견 원단 보러갔다가 세상에서 가장 맛있는 핫도그 먹고 왔습니다 광장 찰 핫도그 위치 광장 찰 핫도그 종로5가역 7번 출구에서 도보 3분거리에 위치 광장시장 남1문 진입하면 우측에 있습니다 간단 픽업 가능 간단 픽업은 매장 앞 큰길 공용주차 가능 원하는 시간에 편리하게 픽업 영업시간 10:0020:00 라스트 오더 19:30 매주 목요일 정기휴무 인근 유료 주차장 안내 (도보 3분거리) 1.방산종합상가 지하주차장 2.동욱 주차장 광장 찰 핫도그 내부 오픈 매장인 광장 찰 핫도그 제가 갔을때는 외국인들이 대부분 테이크아웃 전문점이다 보니 내부에는 조리대가 있고 직원분이 조리하는 공간이고 깔끔합니다 손님은 주문하고 받아가면 되는 구조 사장님 정말 친절하십니다 옆집 쑥스초코파이 사장님도 광장 찰 핫도그 메뉴 광장 찰 핫도그 메뉴 1.광장핫도그 3.500원 2.반반모찌핫도그 4.000원 3.체다치즈핫도그 4.000원 4.통모짜핫도그 4.000원 5.감자핫도그 4.500원 6.소떡소떡 4.000원 그 외 커피와 음료도 판매합니다 토핑 추가 1.체다치즈 추가 500원 2.감자토핑 추가 1.000원 광장 찰 핫도그 주문 메뉴 사실 슈퍼 빅 치즈 핫도그가 먹고 싶었는데 요즘은 판매 안한다고 합니다 옆 가게 쑥스초코파이 사장님(?)이 추천하신 2.반반모짜핫도그 4.000원 주문했습니다 주문과 동시에 조리하고 조리시간은 약 5분6분 소요 됩니다 영수증 리뷰를 남기면 미니 탄산음료가 서비스 영수증 리뷰 쓰시고 미니 탄산음료 꼭 받아 가실께요 2.반반모찌핫도그 4.000원 정확하게 6분만에 나온 반반모찌핫도그 광장 찰 핫도그 소스 꿀조합 근본에 충실 케찹허니머스타드 새콤달콤의 끝판왕! 허니머스타드스위트칠리 조금 매콤하지만 사장님의 강력한 추천! 불닭마요간장마늘마요스위트칠리 전혀 맵지 않은 사장님의 추천 조합 2번째 케찹허니머스타드스위트칠리 자기 취향대로 뿌려 먹기 원하는 소스를 듬뿍 뿌려보세요 전 소스없이 그냥 먹었어요 다양한 소스가 있으니 매장에서 무제한으로 뿌려 드세요 겉으로 보기엔 기본 핫도그 비주얼 바로 튀겨나와서 뜨거운 주의! 손이 없어서 사진을 제대로 못 담아 왔지만 반은 모짜렐라치즈...","來自德國的姊姊堅持說我們一定要去廣藏市場，那裡是外國人常去的地方，所以我感覺自己像是在拍攝《歡迎來到韓國》的節目片段。看到電視上看到的市場招牌，我興奮極了。聽說因為外國遊客有很多素食主義者，廣藏市場的餃子也換成了素食的。我在市場中央的攤位坐下，點了些餃子，吃完後就去了一家很潮的熱狗攤。熱狗的麵糊裹著玉米片，所以很酥脆。吃完一個裡面塞滿了大塊馬蘇里拉起司的熱狗後，我就飽了。順熙的鹹魚餅和富川魚會的攤位前仍然排著長隊。我還在順熙的魚子店買了些我媽媽愛吃的鹹鱈魚子。廣藏市場不僅對外國遊客來說是個好去處，對我這個當地人也是如此。

我的真實購物體驗：首爾傳統市場－廣藏市場！ ！這裡是必遊景點，也是外國遊客的熱門去處。市場裡餐廳林立，選擇太多可能會讓你不知所措。廣藏市場的餐廳數量之多令人驚訝，既有上過電視節目後聲名鵲起的老字號，也有早已因美食聞名的老店，還有在社交媒體上爆紅的新晉網紅店。雖然很難把廣藏市場裡的每一家餐廳都嚐遍，但我會評論我去過的幾家。這是我第九次點評廣藏烤熱狗！ ！這家廣藏烤熱狗位於廣藏市場，就在煎餅街的入口處，緊鄰市場裡最受歡迎的糯米扭扭甜甜圈店。由於它旁邊總是排著長隊，所以這裡相對比較安靜，幾乎不用排隊。週末或遊客蜂擁而至時，這裡偶爾會排隊。這是一家熱狗專賣店，招牌上寫著現點現做。不過，他們有時也會提供提前炸好的熱狗。看來他們會提前準備一些受歡迎的菜色。這是以前的菜單，價格已經上漲了。雖然熱狗是他們的招牌，但他們也賣糯米甜甜圈。你可以看到它們在玻璃展示櫃裡炸得酥脆。我原本只打算吃一個熱狗，但甜甜圈的誘人外觀吸引了我，於是也點了一個。熱狗種類繁多，其中還有一種很特別的：巧克力熱狗！我以前從未見過這樣的熱狗。我問了老闆，他們告訴我裡面有濃鬱的巧克力醬。身為一個巧克力愛好者，我很想嚐嚐，但因為是第一次來，我決定先點一個普通的熱狗。我選的是切達起司熱狗！因為不是預先做好的，老闆立刻就開始烹調了。你還可以選擇加Bburinkle調味料！加了調味料肯定更美味，但我忍住了。醬料種類多！我去的時候，可以依照自己的喜好隨意添加。如果你不知道要選哪一種醬料，可以試試看老闆推薦的醬料組合。我選了自己喜歡的醬料，然後慷慨地澆了上去。能想加多少醬料就加多少，真是太棒了！ ！ ！麵糊是用穀物做的，所以炸出來的外皮酥脆又有嚼勁。比糯米卷還要脆！ ！這是我在這裡吃過的最脆的油炸食品！ ！酥脆的口感太誘人了！ ！香腸看起來很優質，又粗又大。融化的切達起司包裹著香腸，讓它更加美味。感覺比像明朗熱狗這樣的連鎖店好吃多了！ ！甜甜圈比預期的還要好吃！ ！口感酥脆可口。我買了三個：一個紅豆甜甜圈和一個馬蘇里拉起司甜甜圈，它們都非常酥脆…

廣藏市場熱狗店，全世界最好吃的熱狗，廣藏熱狗，廣藏市場餐廳，廣藏熱狗，廣藏熱狗，半麻糬熱狗，4000韓元，0507 1412 4223，無停車位。可簡單取餐（電話訂購）。廣藏市場著名餐廳廣藏熱狗

大家好，我是Mari。我去廣藏市場看人造絲布料，結果回來的時候吃到了全世界最好吃的熱狗。

廣藏熱狗店位置

廣藏熱狗店位於鐘路五街站7號出口步行3分鐘處。進入廣藏市場南門1號後，店鋪就在右側。

方便取餐

店舖門前主路設有公共停車場，方便您取餐。

您可以隨時取餐。

營業時間：10:00 - 20:00，最後點餐時間19:30。每週四休息。

附近收費停車場（步行3分鐘）：

1. 邦山綜合購物中心地下停車場

2. 東旭停車場

廣藏熱狗店內部

廣藏熱狗店是開放式店家。我去的時候，顧客大多是外國人。由於是外帶店，店內乾淨整潔，設有櫃檯供員工準備食物。顧客只需下單取餐即可。店主非常熱情友善。隔壁Sook's巧克力派店的老闆也很友善。

廣藏火腿熱狗菜單

廣藏火腿熱狗菜單

1. 廣藏火腿熱狗 3,500韓元 2. 半半麻糬熱狗 4,000韓元 3. 切達起司熱狗 4,000韓元 4. 整塊馬蘇里拉起司熱狗 4,000韓元 5. 馬鈴薯熱狗 4,500 韓糕 6. 韓年蛋糕。本店也有販售咖啡和其他飲料。額外食材：1. 加切達起司 500韓元 2. 加馬鈴薯 1,000韓元。廣藏火腿熱狗點餐菜單。其實我想吃超大起司熱狗，但他們說最近不賣。我點了2號半馬蘇里拉熱狗（4000韓元），這是隔壁店「淑氏巧克力派」的老闆（？）推薦的。熱狗是現點現做，大概需要5到6分鐘。如果你在收據上留下評論，就能獲得一小瓶汽水作為贈品。記得寫評論，就能拿到你的小汽水啦！ 2號半麻糬熱狗（4000韓元）6分鐘後也上桌了。半麻糬熱狗，還有廣藏醬熱狗。醬料搭配完美。經典搭配：番茄醬蜂蜜芥末醬－酸甜至極！蜂蜜芥末甜辣醬——有點辣，但老闆強烈推薦！火蛋黃醬、醬油蒜蓉蛋黃醬、甜辣醬——一點都不辣，也是老闆推薦的組合。第二個搭配是番茄醬蜂蜜芥末甜辣醬。依照個人喜好撒上調味料；可以多加些你喜歡的醬汁。我沒加醬就直接吃了。因為有很多種醬汁可供選擇，你可以在店裡隨意添加。它的外觀看起來像普通的熱狗。小心，因為它是新鮮炸製的，而且很燙！我沒辦法拍到滿意的照片，因為我沒辦法用手，不過上面有一半都是馬蘇里拉起司…","안녕하세요 광장시장에 위치한 광장찰핫도그 입니다.
반죽 직접 개발하여 저온 숙성 시키고 있습니다. 저희는 빵가루를 사용하지 않으면서도 식감을 더 바삭하게 가져왔습니다!
항상 좋은 재료를 사용해서 먹는 재미와 행복을 드리겠습니다!
광장시장 놀러 오시게 되면, 광장찰핫도그 꼭 방문하여 즐겨보세요.",,아베베 베이커리 서울,阿貝貝麵包店首爾店
자이소 안국,Jaiso Anguk,떡카페,米糕咖啡館,영업 전,493,312,서울 종로구 북촌로 10 1층,首爾特別市鐘路區北村路10號1樓,안국역 2번 출구에서 77m,距安國站2號出口77米,영업 전 10:00에 영업 시작,02-6010-6632,https://www.instagram.com/jaiso__official,포장,,"알밤 찹쌀떡 3200원
바질 토마토 찹쌀떡 3200원
감귤 찹쌀떡 10000원
블루베리 찹쌀떡 3500원
곶감찹쌀떡 3200원
딸기 찹쌀떡 4500원
두텁떡 3200원
서리태 찹쌀떡 3200원
호두 곶감 말이 3200원","栗子糯米糕 3,200 韓元

羅勒番茄糯米糕 3,200 韓元

橘子糯米糕 10,000 韓元

藍莓糯米糕 3,500 韓元

柿子糯米糕 3,200 韓元

草莓糯米糕 4,500 韓元

豆豉糯米糕 3,200 韓元

核桃柿子卷 3,200 韓元","북촌 떡카페 자이소(Jaiso) 안국 북촌은 외국인들이 많이 방문하는 곳이다보니 한국 전통을 소개하는 곳이 많습니다. 북촌이나 안국, 서촌 나들이가 즐거운 이유는 일상에서 잊혀진 우리 전통의 것을 쉽게 발견할 수 있다는 점입니다. 흔히 딸기모찌로 알고 있는 떡이 있었습니다. 우리 전통의 것이라고 하긴 조금 애매한 부분이 있어 몇 번 보고도 그냥 지나쳤어요. 줄이 길게 늘어선 걸 보고서도 맛은 있지. 예쁘기도 하지 생각만 했는데 친구를 기다리며 앞에서 메뉴판을 보다가 과일떡 뿐만 아니라 우리 전통 떡을 비롯하여 다양한 떡을 판매하는 것을 보고는 들어갔습니다 블루리본도 있고. 비주얼도 멋집니다. 떡 만드는 곳도 보여서 신뢰가 갑니다 저를 이끈 떡은 다름아닌 두텁떡이었습니다. 전통음식도 알게모르게 유행을 타는데요. 요근래 두텁떡 판매하는 곳이 많아졌더라고요. 인사동과 북촌에서도 본 적이 있어요. 만들기가 까다로워 잊혀져 가다가 최근 많은 분들의 연구와 기술전수 덕분에 쉽게 맛볼수 있게 되었습니다. 다양한 메뉴가 있었고 영수증 후기 이벤트도 하고 있습니다 뭐가 제일 잘나가는지 여쭤봤다니 아무래도 겨울이다보니 곶감찹쌀떡과 알밤찹쌀떡이 잘나간다고 해요. 보통 들어오면 이것저것 사게 되는것 같아요. 패키지도 예뻐서 선물용으로 많이 사가시기도 한다네요. 전시된 것은 일부는 모형이고 일부는 그날 만든 것을 전시한다고 합니다. 떡은 가끔 행사가 있을때 주문해서 먹긴 하지만 떡볶이나 떡국이 안닌 다음에야 간식으로 잘 즐기지는 않는데요. 정말 맛있어서 순식간에 다 먹어치우고는 결국 저녁을 건너뛰게 되었답니다 ㅎㅎㅎ 매일 매장에서 직접 만들다보니 더 맛있는 것 같습니다. 우리의 전통이 현대에 와서 다양하게 발전하는 것도 보기 좋고 또 전세계인 누구나 즐기는 모습을 보면 괜히 뿌듯합니다. 낱개 판매도 하니 근처 들르신다면 하나정도 사서 맛보는 것도 좋을 것 같아요 북촌 떡카페 자이소(Jaiso) 안국
안녕하세요. 샐리예요 오랜만에 안국역에 놀러갔다가 자이소를 발견하고 후식으로 디저트를 호다닥 들어갔어요! 자이소는 예전에 유재석님이 식스센스? 런닝맨? 암튼거기서 먹어보고 맛있다고 칭찬했던 찹쌀떡맛집인데요 과일찹쌀떡의 시작 같은 느낌인 곳이예요 (개인적인 생각입니다!) 안국동에 잘 어울리는 느낌인 자이소! 한옥느낌을 살린 인테리어가 이쁘더라구요 찹쌀떡을 만드는걸 볼 수 도 있어요 뭔가 실시간으로 떡을 만들어 주시고 주문 후 바로 먹는다고 하면 여기서 컷팅도 해주시는거 같았어요! 깔끔한 인테리어에 전시되어 있는 찹쌀떡들 제가 약간 피크시간 지나서 들어가서 그런지 떡들이 조금 빠져있더라구요 선물 포장도 가능하고 다양한 구성으로 되어 있어요! 구성은 모형으로 만들어 놨던데 꽂감, 밤, 팥등 다양하게 구성되어 있어요 무화과 철이라 무과화도 있고 귤 찹쌀떡도 있더라구요 토마토는 제가 일본에서 먹어봤던 그 스타일이면 좋겠지만 아닐꺼 같아서 패스ㅜㅜ 실제 판매되는 떡들은 위에 케이스에 진열되어 있어요 그외 다양한 샘플을 미리 볼 수 있고 매장 내에서 취식도 가능하긴 한데 좌석이 많지는 않아요! 디저트도 판매 중인데 빙수랑 아이스크림! 뭔가 굉장히 전통적인 느낌이예요 곶감 찹쌀떡을 하나 주문했는데 이쁜 나뭇잎접시에 컷팅해 주시더라구요 넘나 이뻐서 우와 우와 하면서 나왔어요 여전히 맛있었고 곳감의 맛이 진하게 느껴져서 한정선이랑 다른 느낌의 찹쌀떡이였어요! 선물용으로 완전 추천해요!","位於北村安國區的Jaiso是一家年糕咖啡館。由於北村安國區是外國人常去的旅遊勝地，所以這裡有許多介紹韓國傳統文化的店。到北村、安國區或西村遊玩之所以令人愉快，是因為很容易就能發現一些在日常生活中被遺忘的傳統美食。有一種年糕，俗稱草莓麻糬。由於很難說它是嚴格意義上的傳統美食，我之前見過幾次，但都只是路過。即使看到長長的隊伍，我也只是想：「味道肯定不錯，而且看起來也很漂亮。」然而，在等朋友的時候，我看著外面的菜單，發現他們不僅賣水果年糕，還賣各種各樣的傳統年糕，於是就進去看了。這家店甚至還獲得了藍絲帶獎。店裡的視覺效果令人印象深刻，看到年糕的製作區域也讓人信心倍增。吸引我的正是豆餅年糕（Duteob-tteok）。傳統美食也會在不知不覺中跟上潮流。最近發現賣豆餅的店多了起來，仁寺洞和北村都有賣。豆餅因為製作難度高，一度瀕臨失傳，但多虧了近期許多人的研究和技術培訓，現在又能輕鬆品嚐到它的美味了。店裡菜色種類豐富，還在舉辦食譜點評活動。我問他們什麼賣得最好，他們說因為是冬天，柿餅和栗子餅很受歡迎。我每次來都會買一點。他們說包裝很漂亮，所以很多人買來送人。他們也提到，有些展示品是模型，有些是當天新鮮製作的。我偶爾會在特殊場合訂購年糕，但平常很少把它當零食吃，除非是炒年糕或炒年糕湯。不過，它們實在太美味了，我一下子就吃光了，結果晚餐都沒吃，哈哈。我覺得它們每天在店裡新鮮製作，味道才更好。很高興看到我們的傳統在現代社會以各種方式發展，也為世界各地的人們都能享用它們而感到自豪。它們是單一出售的，所以如果你經過附近，我覺得買一個嚐嚐是個不錯的選擇。北村年糕咖啡廳 Jaiso Anguk

大家好，我是Sally。我好久沒去安國站了，這次去偶然發現了Jaiso，就趕緊進去吃了點甜點！ Jaiso是一家很有名的糯米糕店，劉在石在《第六感》和《Running Man》等節目中都吃過，並稱讚它的味道。感覺這裡就像是水果糯米糕的發源地（這只是我個人的看法！）。 Jaiso和安國洞的氛圍完美契合！店內裝潢是傳統的韓式房屋風格，非常漂亮。你甚至可以親眼看到年糕的製作過程。他們似乎是現場製作的，如果你點餐後立即食用，他們還會當場切好！店內乾淨整潔，展示的年糕看起來也很誘人。可能是因為我去的時候稍微過了高峰期，有些年糕已經售罄了。店內提供禮品包裝，還有各種禮盒套裝可供選擇。這些禮盒套裝被擺放在展示架上，展示了柿餅、栗子、紅豆等多種口味。由於現在正是無花果的季節，所以還有無花果口味的年糕以及橘子口味的糯米糕。我原本希望番茄口味的年糕能跟我之前在日本吃到的一樣，但我覺得可能不太一樣，所以就沒買。實際販售的年糕都擺放在上方的展示櫃裡。你也可以提前查看各種樣品，雖然可以在店內用餐，但座位不多。他們還出售刨冰、冰淇淋等甜點！整個店面很有傳統韻味。我點了一份柿餅，他們用漂亮的葉子形狀的盤子切好後盛給我。它太漂亮了，我離開的時候一直驚嘆「哇，哇」。味道一如既往地好，柿餅濃鬱的香味讓它和韓定仙的糯米餅感覺完全不同！強烈推薦作為禮物！","자이소 안국 지점입니다.
곶감 찹쌀떡과 두텁떡, 과일 찹쌀떡을 구매할 수 있습니다.",,자이소 안국,Jaiso Anguk
미니마이즈 이태원점,最小化梨泰院分行,"카페,디저트",咖啡館，甜點,영업 전,1419,1395,서울 용산구 녹사평대로32길 21 2층,首爾市龍山區綠莎坪大路32街21號2樓,녹사평역 3번 출구에서 371m,距離綠莎坪站3號出口371米,영업 전 12:00에 영업 시작,0507-1378-1286,https://bit.ly/43hacL1,"남/녀 화장실 구분,단체 이용 가능,예약,무선 인터넷,노키즈존,배달,포장,주차",,"버라이어티 케이크(4조각8조각) 원
상하이 버터떡 7900원
봄스페셜 체리 발로나초코 쌀케이크 11000원
봄스페셜 체리 순우유 쌀케이크 10500원
시즌한정 체리파르페 13000원
시즌한정 딸기 생크림 쌀케이크 8900원
시즌한정 딸기 쌀 프레지에 8900원
시즌한정 딸기 치즈케이크 쌀푸딩 9900원
시즌한정 딸기 라떼 6500원
시즌한정 말차 크림 딸기라떼 6800원
시즌한정 딸기 파르페 12900원
시즌한정 딸기 초코 파르페 12900원
봄스페셜 베리블라썸 쌀푸딩 10200원
벽돌 현미크런치 쌀케이크 (초코) 10400원
현미크런치 헤이즐넛초코칩 쌀푸딩 10100원
(BEST) 현미크런치넛츠 쌀푸딩 9300원
오레오 라즈베리 초코칩 쌀푸딩 9900원
단호박 치즈케이크 쌀푸딩 10500원
황치즈 쌀푸딩 9700원
피스타치오 아포가토 8900원
발로나 초코 러스크림 8500원
말차 러스크림 8500원
바닐라 아포가토 7000원
단호박 치즈케이크 8500원
마카다미아 카라멜리제 쌀미낭시에 4400원
초코칩 쌀미낭시에 3400원
플레인 쌀미낭시에 3100원
미낭시에 러스크 5900원
흑임자 아인슈페너 7000원
수제 코코넛슈가 바닐라라떼 7400원
카페라떼 7000원
플랫화이트(only ice) 6500원
카푸치노 6500원
아메리카노 6000원
에스프레소 5000원
말차라떼 6500원
발로나 초코라떼 6500원
리치 라즈베리 에이드 7500원
코코넛슈가 밀크티 7500원
얼그레이티 5500원
스트로베리티 5500원","什錦蛋糕（4片/8片）

上海奶油年糕 7,900韓元

春季特供櫻桃法芙娜巧克力年糕 11,000韓元

春季特供櫻桃純牛奶年糕 10,500韓元

季節限定櫻桃芭菲 13,000韓元

季節限定草莓鮮奶油年糕 8,900韓元

季節限定草莓鮮奶油年糕 8,900韓元

季節限定草莓起司米餅 9,900韓元

季節限定草莓拿鐵 6,500韓元

季節限定抹茶奶油草莓拿鐵 6,800韓元

季節限定草莓芭菲 12,900韓元

季節限定草莓巧克力芭菲 12,900韓元

春季特供莓果花年糕 10,200韓元

磚形糙米飯巧克力脆米糕 10,400 韓元

榛果巧克力脆米布丁 10,100 韓元

（最佳）堅果脆米布丁 9,300 韓元

奧利奧覆盆子巧克力脆米布丁 9,900 韓元

甜南瓜起司蛋糕米布丁 10,500 韓元

黃起司米布丁 9,700 韓元

開心果阿芙佳朵 8,900 韓元

法芙娜巧克力奶油夾心餅乾 8,500 韓元

抹茶奶油夾心餅乾 8,500 韓元

香草阿芙佳朵 7,000 韓元

甜南瓜起司蛋糕 8,500 韓元

夏威夷果焦糖米布丁 4,400 韓元

巧克力脆米布丁 3,400 韓元價格

白米米餅 3,100 韓元

米餅脆片 5,900 韓元

黑芝麻鬆餅 7,000 韓元

手工椰糖香草拿鐵 7,400 韓元

咖啡拿鐵 7,000 韓元

澳白（僅加冰） 6,500 韓元

卡布奇諾 6,500 韓元

美式咖啡 6,000 韓元

濃縮咖啡 5,000 韓元

抹茶拿鐵 6,500 韓元

法芙娜巧克力拿鐵 6,500 韓元

荔枝覆盆子汽水 7,500 韓元

椰糖奶茶 7,500 韓元

伯爵茶 5,500 韓元

草莓茶 5,500 韓元","이태원에 가면 카페가 정말 많아요. 그래서 어디 갈지 늘 고민될 때가 있어요 지난번에도 다녀왔던 곳인데 아직 안 가본 친구가 있어서 조금 특별한 디저트 카페를 데려가 보고 싶어서 다시 다녀왔어요. 밀가루 대신 쌀가루로 만든 케이크와 푸딩 아이스크림을 판매하는데 요즘 이태원 카페 맛집 이태원 케이크 맛집 이태원 디저트 맛집으로 입소문이 나고 있는 곳 바로 이태원 해방촌 카페 미니마이즈 ! 골목 끝에 보이는 미니마이즈 ! 계단을 따라 올라가면 2층 카페 나와요. 영업정보 주소 서울 용산구 녹사평대로 32길 21 2층 영업시간 12:00 - 20:00 주차정보(가장가까운 유료주차장) 용상구청 종합행정타운 주차장 영남 민영 주차장 최초 60분 2500원 추가요금 60분당 1000원 화이트 톤 인테리어, 대화하기 좋은 내부 분위기 카페 내부는 화이트 톤 인테리어라 전체적으로 깔끔한 느낌이에요. 좌석도 꽤 넉넉하게 있어서 친구랑 대화하면서 편하게 시간을 보내기 좋은 분위기였어요. 녹사평역 근처라 그런지 테이크아웃 손님도 꽤 많은 편이에요. 이태원에서 가볍게 디저트를 먹거나 카페를 찾을 때 들르기 괜찮은 이태원 해방촌 카페라는 생각이 들더라고요.. 글루텐 프리 디저트 메뉴 No 밀가루 디저트 메뉴 단호박 치즈케이크 딸기 생크림쌀케이크 딸기 발로나초코 쌀케이크 딸기 쌀 프레지에 떠먹는 쉬폰 쌀케이크 (체리순우유) 딸기쌀푸딩 베리블라썸 쌀푸딩 현미크런치 헤이즐넛초코칩 쌀푸딩 마카다미아 카라멜리제 미낭시에 플레인 미낭시에 카페를 고를 때 재료를 한번 보게 되는 경우가 많이 있는데. 이곳은 노밀가루 글루텐프리 디저트를 만들어서 좋았어요. 밀가루 대신 소화가 편한 쌀가루를 사용하고 사탕수수당을 최소한으로 사용하고 코코넛 슈가를 사요하거든요. 또 케이크에 들어가는 크림도 식물성크림이 아니니 우유 생크림을 사용한다고 하더라고요. 그래서인지 전체적으로 디저트가 과하게 달지 않고 깔끔한 맛이 느껴졌어요. 무엇보다 죄책감이 없는 느낌이랄까? 주문메뉴 제가 주문한 메뉴는 캔 콜드브루 두개와 , 피스타치오 아포카토, 황치즈 쌀푸딩이에요. 콜드부르는 얼음컵도 따로나와서 취향에따라 조금씩 따라 마시면 좋을것같아요. 아이스크림에는 피스타치오로 만든 수제 소스가 올려져있고 따로 에스프레소 샷이 함께 제공되어요. 처음에는 아이스크림만 떠먹다가 나중에 에스프레소 샷을 부어 먹으면 또 다른 맛이 나요. 피스타치오의 고소함과 커피의 쌉싸름함이 어우러져서 밸런스가... 
안녕하세요. 맛집과 카페를 기록하는 멜홀릭입니다. 이태원 케이크 맛집을 찾다가 쌀을 사용한 글루텐프리 케이크로 알려진 이태원 카페 맛집 미니마이즈(minimize) 다녀왔어요. 평소 저는 디저트를 정말 사랑하지만, 밀가루를 과하게 섭취하면 속이 더부룩해지는 예민한 편이라 늘 건강한 단맛에 목말라 있었는데요. 요즘 디저트 카페 중에서도 재료나 콘셉트가 확실한 곳들이 인기가 많은데 이곳은 밀가루 대신 쌀을 사용한 글루텐프리 케이크를 판매하는 카페라 궁금해서 방문해 봤습니다. 이태원 카페 중에서도 글루텐프리 케이크를 찾는 분들이라면 한 번쯤 눈여겨볼 만한 디저트 카페입니다. 1. 위치 및 영업 정보 주소 : 녹사평대로32길 21 2층 운영시간 : 월-금 12:00-20:00 토-일 12:00-21:00 홀 케이크 네이버 예약주문 가능 예약문의 : 0507-1378-1286 NO밀가루, 글루텐 무첨가 이태원은 주차가 쉽지 않은 지역이죠. 미니마이즈 건물에는 별도 주차 공간이 없기 때문에 차를 가져오는 경우 용산구청 종합행정타운 주차장을 이용하는 것이 가장 편합니다. 도보로 약 57분 정도 거리입니다. 또한, 이곳의 시그니처인 홀케이크는 인기가 많아 금방 품절되니 기념일 방문 예정이라면 네이버 예약을 통해 미리 선점하시는 센스가 필요합니다. 영상 2. 이태원 카페 미니마이즈 매장 분위기 매장에 들어가면 전체적으로 화이트톤 인테리어가 먼저 눈에 들어옵니다. 깔끔하면서도 군더더기 없는 미니멀한 분위기라 전체 공간이 차분하게 느껴졌어요. 큰 창이 있어서 자연광이 들어오고 창밖으로 보이는 이태원 골목 풍경도 은근 분위기를 더해줍니다. 테이블 간격도 넉넉한 편이라 조용히 앉아서 디저트와 커피를 즐기기 좋은 느낌이었어요. 전체적으로 화려한 스타일의 카페라기보다는 담백하고 편안한 감성의 이태원 카페 맛집이라는 인상이었습니다. 3. 다양한 글루텐프리 케이크 쇼케이스를 보면 케이크 종류가 생각보다 다양합니다. 딸기 생크림 케이크 딸기 프레지에 발로나 초코 케이크 단호박 치즈케이크 초콜릿 케이크 등 이태원 케이크 맛집으로도 알려진 곳이라 글루텐프리 딸기 케이크를 찾는 분들에게도 꽤 매력적인 카페였습니다. 보통 글루텐프리 디저트는 식감이 아쉬운 경우도 있는데 여기는 케이크와 디저트 모두 비주얼이 꽤 정성스럽게 만들어진 느낌이었습니다. 이태원 카페에서 케이크를 판매하는데다가 초까지 판매하는 경우가 잘 없다보니 유독 눈이 가더라고요. 4. 이태원 카페 미니마이즈 딸기 케이크 여러... 
딸기 치즈 푸딩이 인기인 베이커리 이태원 카페 맛집 미니마이즈 이태원점 오랜만에 친구와 이태원에서 만나 맛있는 점심 먹고 골목골목 구경! 사람 구경, 숍 구경에 시간 가는 줄 몰랐구요. 은근 재미진 이태원. 그러다 슬슬 목도 마르고 달달한 디저트가 땡겨서 이태원 카페 맛집으로 입소문 난 미니마이즈 이태원점을 다녀왔다. 녹사평역 3번 출구에서 가까워 접근성도 좋다. 골목 안쪽으로 살짝 들어가니 입구가 보였고 2층에 위치해 있어 계단을 따라 올라갔다. 문을 열고 들어가자마자 화이트 톤 인테리어와 커다란 창으로 쏟아지는 햇살이 기분을 환하게 만들어 주었다. 테이블도 넉넉하고 공간이 넓어 대화하기 편한 분위기였다. 친구와 마주 앉아 수다 떨기 딱 좋은 장소인듯! 이태원 카페 맛집 미니마이즈 이태원점은 글루텐 프리 개념이 국내에서 낯설던 시절부터 건강한 디저트를 연구해 온 베이커리 카페라고 한다. 첨가물을 최소화하고 재료 본연의 맛을 살린 제품들이 특징이라고! 밀가루와 글루텐을 사용하지 않고 소화가 잘 되는 쌀가루를 활용해 만든 쌀케이크와 노밀가루 휘낭시에 그리고 다양한 쌀푸딩을 판매하고 있었다. 쇼케이스를 들여다보니 딸기 생크림 쌀케이크, 딸기 쌀 프레지에, 단호박 치즈 케이크, 벽돌 현미크런치 쌀케이크 등 종류가 다양했다. 현미크런치넛츠 쌀푸딩, 단호박 치즈케이크 쌀푸딩, 황치즈 쌀푸딩, 딸기 치즈 쌀푸딩까지 푸딩 종류도 화려했다. 밤과 단호박 같은 구황작물을 활용한 디저트들도 맛나보였다. 좋은 재료와 최소한의 사탕수수설탕으로 만들어 살찌는ㅎㅎ부담이 적다는 점도 마음에 들었다. 디저트까지 챙겨 먹으면서 이게 할 소린가 싶지만 이왕 먹는 거 건강하면 좋지요. 아이스 아메리카노 아이스 말차 라떼 딸기 치즈 푸딩 우리가 주문한 메뉴는 아이스 아메리카노, 아이스 말차 라떼, 그리고 딸기 치즈 푸딩이었다. 딸기 치즈 푸딩은 상큼한 딸기와 부드러운 치즈 풍미가 조화로웠고 쌀로 만들어서인지 속이 편안한 느낌이었다. 달콤하지만 과하지 않아 커피와도 잘 어울렸다. 말차 라떼는 은은한 쌉싸름함이 디저트의 단맛을 잡아주었고 아메리카노는 깔끔하고 맛있었다. 은근 커피 맛에 예민한데 이곳은 커피도 맛남! 딸기 치즈 푸딩은 상큼한 딸기와 부드러운 치즈 풍미가 조화로웠다. 딸기도 콕콕 박혀있고 그냥 부드럽기만 한 푸딩이 아니라 쌀빵도 살짝살짝 씹히면서 맛있었다. 쌀로 만들어서인지 속이 편안한 느낌까지 굿굿! 카페 안쪽에서는 직접...","梨泰院的咖啡館太多了，我常常不知道該去哪家。之前我去過這家店，但因為朋友還沒去過，所以我想帶她去比較特別的甜點店，就又去了。這家店的蛋糕、布丁和冰淇淋都是用米粉而不是小麥粉做的，現在在梨泰院口碑爆棚，成了必去的咖啡館、蛋糕店和甜點店——它就是梨泰院解防村的Cafe Minimize！ Minimize就在巷子盡頭！沿著樓梯上去，咖啡館就在二樓。商家資訊 地址：首爾市龍山區綠莎坪大路32街21號2樓 營業時間：12:00 - 20:00 停車資訊（最近的收費停車場）：龍山區政府總務鎮停車場、嶺南私人停車場，首60分鐘2,500韓元，之後每60分鐘加韓元。 白色調的室內裝潢，營造出適合聊天的氛圍。咖啡館內部以白色為主色調，給人一種乾淨整潔的感覺。座位充足，非常適合與朋友舒適地聊天。或許是因為靠近綠莎坪站，所以外帶的顧客也比較多。我覺得這家咖啡館位於梨泰院解芳村附近，是享用輕食甜點或尋找附近咖啡館的好去處。無麩質甜點菜單（不含小麥粉）：南瓜起司蛋糕、草莓鮮奶油米蛋糕、草莓法芙娜巧克力米餅、草莓鮮奶油米蛋糕、櫻桃純牛奶戚風蛋糕、草莓米布丁、莓果花米布丁、糙米脆、榛果巧克力碎米布丁、焦糖夏威夷果、米納西耶蛋糕、原味米納西耶蛋糕。選擇咖啡館時，我通常會先查看成分錶。我很喜歡這家店的無麩質無麵粉甜點。他們用更容易消化的米粉代替小麥粉，並使用椰子糖，同時盡量減少蔗糖的使用。我還聽說，蛋糕裡的奶油是用鮮牛奶奶油而不是植物奶油製成的。也許這就是為什麼這些甜點整體上不會過甜，口感清爽的原因吧。最重要的是，感覺吃起來很健康，不會有罪惡感。點餐菜單：我點了兩罐冷萃咖啡、一份開心果阿芙佳朵和一份黃起司米布丁。冷萃咖啡配有單獨的冰塊杯，所以我覺得可以根據個人喜好慢慢倒入。冰淇淋上淋著自製開心果醬，濃縮咖啡是單獨提供的。一開始我只是直接用湯匙挖著吃，但後來發現，把濃縮咖啡倒在上面味道更佳。開心果的堅果香和咖啡的苦味完美融合，達到了一種平衡…

大家好，我是Melholic，專門記錄餐廳和咖啡館。在梨泰院尋找蛋糕網紅店的時候，我去了Minimize，這是一家以米粉製作的無麩質蛋糕而聞名的咖啡館。我非常喜歡甜點，但我對麵粉比較敏感，吃多了容易脹氣，所以我一直很想吃一些健康的甜點。如今，以獨特食材或理念為特色的甜點店非常受歡迎。這家店有賣用米粉而非麵粉製作的無麩質蛋糕，所以我很好奇，決定去探店。如果您在梨泰院尋找無麩質蛋糕，這家甜點店值得一試。 1. 地址及店鋪資訊 地址：梨泰院綠莎坪大路32街21號2樓 營業時間：週一至週五 12:00-20:00 週六至週日 12:00-21:00 可透過Naver預訂整隻蛋糕 預約諮詢：0507-1378-1286 無麵粉由於Minimize大樓沒有專屬停車位，如果您開車前往，最方便的方法是使用龍山區政府總務鎮停車場。步行大約需要57分鐘。此外，這裡的招牌整塊蛋糕非常受歡迎，經常很快售罄，所以如果您計劃來慶祝週年紀念日，一定要提前透過Naver Reservation預訂。影片2. 梨泰院咖啡館：簡約的店鋪氛圍 一進門，首先映入眼簾的是整體以白色為主色調的室內裝潢。乾淨簡約的氛圍營造出寧靜的氛圍。寬大的窗戶引入自然光線，窗外梨泰院小巷的景色也為空間增添了一抹別緻的韻味。寬敞的桌椅擺放營造出舒適的氛圍，非常適合安靜地坐下來享用甜點和咖啡。這裡沒有華麗的裝飾，反而給人一種梨泰院隱藏的寶藏感，散發著簡約舒適的氣息。 3. 多種無麩質蛋糕：看著櫥窗裡的蛋糕，種類比想像中還要豐富。這家店以草莓鮮奶油蛋糕、草莓法式鮮奶油蛋糕、法芙娜巧克力蛋糕、南瓜起司蛋糕和巧克力蛋糕等甜點而聞名，是梨泰院的蛋糕勝地，對於尋找無麩質草莓蛋糕的人來說，這裡極具吸引力。雖然無麩質甜點在口感上往往略有不足，但這裡的蛋糕和甜點看起來都非常精緻。梨泰院很少有咖啡館同時販售蛋糕和蠟燭，所以這家店格外吸引我的目光。 4. 梨泰院 Minimize 草莓蛋糕…

Minimize 梨泰院分店是一家在梨泰院頗受歡迎的烘焙咖啡館，以其草莓起司布丁而聞名。我和朋友在梨泰院見面，這是我們好久以來第一次見面。我們享用了一頓美味的午餐，還逛遍了每一條小巷！我沉浸在觀察來來去去的人群和瀏覽商店的樂趣中，不知不覺就忘了時間。梨泰院真是一個充滿樂趣的地方。後來，我開始覺得口渴，也想吃點甜點，於是就去了口碑極佳的梨泰院Minimize咖啡館。這家店離綠莎坪站3號出口很近，交通很方便。我稍微走進巷子，就看到了入口；因為在二樓，我就上了樓。推開門，走進店裡，白色的室內裝潢和透過大窗戶灑進來的陽光讓我心情愉悅。店裡有很多桌子，空間也很寬敞，營造出舒適的聊天氛圍。感覺這裡是個和朋友對面坐下來聊天的好地方！據說Minimize梨泰院店是一家烘焙咖啡館，從韓國對無麩質概念還不熟悉的時候就開始研究健康甜點。他們說，他們的產品以盡量減少添加劑、突出食材的天然風味為特色！他們賣的是用易消化的米粉做的米糕和無麵粉費南雪蛋糕，不含小麥粉和麩質，還有各種各樣的米布丁。櫥窗裡琳瑯滿目，包括草莓鮮奶油米糕、草莓鮮奶油米糕、南瓜起司蛋糕米餅和磚塊狀糙米脆米糕。布丁的選擇也令人印象深刻，從糙米脆堅果米布丁、南瓜起司蛋糕米布丁、黃起司米布丁到草莓起司米布丁，應有盡有。用栗子和南瓜等根莖類蔬菜做的甜點看起來也很美味。我喜歡它們用料優質，蔗糖含量低，這樣就不用擔心長胖了（哈哈）。我不知道一邊吃甜點一邊說這些話是否合適，但既然要吃，不如吃得健康一點。我們點了一杯冰美式咖啡、一杯冰茶拿鐵和一份草莓起司布丁。草莓起司布丁完美融合了清爽的草莓和柔滑的起司風味，或許是因為加入了米粉，所以吃起來很清爽，不會刺激腸胃。它的甜度適中，不會過甜，非常適合搭配咖啡。抹茶拿鐵的微苦恰到好處地平衡了甜點的甜度，而美式咖啡則口感乾淨清爽，美味可口。我其實對咖啡的味道比較敏感，但這裡的咖啡也很棒！草莓起司布丁完美融合了清爽的草莓和柔滑的起司風味。它不僅布丁口感綿軟，還加入了草莓，米粉麵包的口感也很有嚼勁，非常美味。或許是因為加入了米粉，所以吃起來很清爽，不會刺激腸胃——真是太棒了！走進咖啡館，直接…","이태원에서 좋은 재료로 만든,
맛있는 케이크 맛집을 찾고 계신가요?

좋은재료+최소한의 사탕수수설탕으로 만든
케이크와 쌀푸딩, 아이스크림이 가득한
디저트 카페 미니마이즈로 오세요 :)

*NO밀가루, 글루텐 무첨가
밀가루와 글루텐을 사용하지 않고,
소화가 잘 되는 쌀가루를 사용해요.

*사탕수수설탕 최소화
혈당을 급격하게 올리는 사탕수수설탕은
최소한으로 사용하고,
코코넛슈가 중에서도 가장 퀄리티가 좋은
'어니스타 코코넛슈가'를 사용하여
쌀푸딩, 케이크, 아이스크림을 만들어요.

*그 외에도 NO식물성크림 대신 우유 생크림,
프랑스산 발로나 카카오, 국내산 말차 등
좋은 재료만 엄선하여 사용해요.

- 약 20석의 많은 좌석이 준비되어 있습니다.
- 좌석이 많고, 대화하기 좋은 카페로
테이트 하기 좋은 카페입니다.

※ No Kids Zone
아이들이 이용하기에는 위험한 요소가 많아,
8세 이하 아이들은 출입이 어려운 점 양해부탁드립니다.",,미니마이즈 한남,最小化漢南
설빙 신천역점,雪兵新川站分站,빙수,刨冰,영업 전,1420,176,서울 송파구 백제고분로9길 47 2층,首爾特別市松坡區百濟高分路9街47 2樓,잠실새내역 3번 출구에서 299m,距蠶室利那站3號出口299米,영업 전 13:00에 영업 시작,070-7562-3091,,"포장,무선 인터넷,남/녀 화장실 구분",,"인절미설빙 9500원
생딸기요거초코볼설빙 17500원
생딸기찐한말차볼설빙 17900원
순수요거생딸기설빙 16900원
생딸기설빙 14900원
인절미 세트 18600원
달콤매콤 세트 19400원
크로플망고 세트 21900원
스윗캔디구슬설빙 15500원
초코바닐라구슬설빙 15500원
흑절미설빙 11900원
팥흑절미설빙 12900원
깨먹는THE돼지바설빙 15900원
자.망.코.설빙 15900원
두바이초코설빙 17500원
순수요거블루베리설빙 15500원
인절미생딸기반반설빙 17500원
팥인절미생딸기반반설빙 18500원
인절미 설빙 10900원
팥인절미 설빙 11900원
인절미아이스크림설빙 12500원
오레오초코 몬스터설빙 14500원
초코브라우니설빙 14500원
치즈설빙 13900원
애플망고 치즈설빙 15500원
티라미수 설빙 14900원
흑절미토스트 5300원
인절미토스트 4800원
모짜렐라 인절미토스트 5800원
한입쏙붕어빵 2900원
딥초코츄러스 2900원
바바리안츄러스 2900원
쌍쌍치즈가래떡 4300원
꿀호떡 2200원
허니버터브레드 5800원
티라미수케이크 3900원
플레인크로플 3500원
로제떡볶이 4900원
매콤떡볶이 4900원
바삭마시멜로우(토핑) 2000원
저당요거트아이스2스쿱(토핑) 3000원
시리얼(토핑) 1000원
순연유(토핑) 500원
휘핑크림(토핑) 1000원
딸기소스(토핑) 1000원
초코소스(토핑) 1000원
망고소스(토핑) 1000원
블루베리소스(토핑) 1000원
인절미가루(토핑) 1000원
팥(토핑) 1500원
인절미떡(토핑) 2000원
애플망고(토핑) 2000원
브라우니(토핑) 2000원
블루베리(토핑) 2000원
인절미아이스크림2스쿱(토핑) 2000원
망고요거트아이스크림2스쿱(토핑) 2000원
요거트아이스크림2스쿱(토핑) 2000원
바닐라아이스크림2스쿱(토핑) 2000원
하겐다즈딸기아이스크림2스쿱(토핑) 4500원
큐브치즈 케이크(토핑) 2500원
아메리카노 3900원
아메리카노(Venti) 4500원
카페라떼 4500원
설빙연유라떼 4900원
아이스티 3000원
아이스티(Venti) 3500원
깔끔식혜 3500원
깔끔식혜(Venti) 4000원
딸기라떼 4800원
레몬에이드 4500원
딸기에이드 4500원
허니자몽에이드 4800원
애플망고에이드 4800원","年糕雪餅 9,500 韓元

鮮草莓優格巧克力球雪餅 17,500 韓元

鮮草莓抹茶球雪餅 17,900 韓元

純優格鮮草莓雪餅 16,900 韓元

鮮草莓雪餅 14,900 韓元

年糕套餐 18,600 韓元

甜辣套餐 19,400 韓元

芒果可頌套餐 21,900 韓元

甜糖珠雪餅 15,500 韓元

巧克力香草珠雪餅 15,500 韓元

黑米糕雪餅 11,900 韓元

紅豆黑米糕點雪餅 12,900 韓元

芝麻豬條雪餅 15,900 韓元贏了

Ja.Man.Ko.雪餅 15,900 韓元

杜拜巧克力雪餅 17,500 韓元

純優格藍莓雪餅 15,500 韓元

年糕草莓雙拼雪餅 17,500 韓元

紅豆年糕草莓雙拼雪餅 18,500 韓元

年糕雪餅 10,900 韓元

紅豆年糕雪餅 11,900 韓元

年糕冰淇淋雪餅 12,500 韓元

奧利奧巧克力怪獸雪餅 14,500 韓元

巧克力布朗尼雪餅 14,500 韓元

起司雪餅 13,900 韓元

蘋果芒果起司雪餅 15,500 韓元

提拉米蘇雪餅14,900 韓元

黑年糕吐司 5,300 韓元

年糕吐司 4,800 韓元

馬蘇里拉起司年糕吐司 5,800 韓元

一口大小的飛魚餅 2,900 韓元

濃鬱巧克力吉事果 2,900 韓元

巴伐利亞吉事果 2,900 韓元

雙層起司煎餅 4,300 韓元

蜂蜜糖餅 2,200 韓元

蜂蜜奶油麵包 5,800 韓元

提拉米蘇蛋糕 3,900 韓元

原味可頌 3,500 韓元

玫瑰炒年糕 4,900 韓元

辣炒年糕 4,900 韓元

脆皮棉花糖（配料） 2,000 韓元

低糖優格冰（2 球）3,000 韓元

麥片（配料）1,000 韓元

純煉乳（配料）500 韓元

鮮奶油（配料）1,000 韓元

草莓醬（配料）1,000 韓元

巧克力醬（配料）1,000 韓元

芒果醬（配料）1,000 韓元

藍莓醬（配料）1,000 韓元

年糕粉（配料）1,000 韓元

紅豆沙（配料）1,500 韓元

年糕（配料）2,000 韓元

蘋果芒果（配料）2,000 韓元

布朗尼（配料）2,000 韓元

藍莓（配料）2,000 韓元韓元

年糕冰淇淋 2球（加配料） 2,000韓元

芒果優格冰淇淋 2球（加裝） 2,000韓元

優格冰淇淋 2球（加裝） 2,000韓元

香草冰淇淋 2球（加配料） 2,000韓元

哈根達斯草莓冰淇淋 2球（加配料） 4,500韓元

方塊起司蛋糕（加配料） 2,500 韓元

美式咖啡 3,900韓元

美式咖啡（大杯） 4,500韓元

拿鐵咖啡 4,500韓元

雪冰煉乳拿鐵 4,900韓元

冰茶 3,000韓元

冰茶（大杯） 3,500韓元

清涼飲品 3,500韓元已售出

清爽西克耶（大杯）4,000 韓元

草莓拿鐵 4,800 韓元

檸檬水 4,500 韓元

草莓艾德 4,500 韓元

蜂蜜西柚艾德 4,800 韓元

蘋果芒果艾德 4,800 韓元","내돈내산 아이들이랑 쟘실 나들이 나갔다가 설빙 먹고싶다해서 잠실 새내쪽으로 걸어가서 설빙 신천역점에 다녀왔어용! 넓고 2인 좌석, 4인좌석이 많아 좋더라구요. 설빙 신천역점에서 아이들이 좋아하는 빙수 반반으로 설빙 신천역점 순수요거생딸기설빙이랑 팥인절미설빙, 거기에 토핑으로 인절미아이스크림2개, 구슬아이스크림도 주문했어요. 설빙 신천역점의 순수요거생딸기설빙, 팥인절미설빙은 반반 빙수로 주시고 토핑 선택한 아이스크림은 따로 제공해주셔서 먹기에 더 편했어요. 설빙신천점 설빙 순수요거생딸기설빙 팥인절미설빙 인절미아이스크림 구슬아이스크림 내돈내산 설빙신천점 서울 송파구 백제고분로9길 47 2층 잠실새내역 3번출구 299m 13:00 23:00 070-7562-3091 상콤한 순수요거생딸기설빙 아이가 들어가몀서는 망고빙수를 먹는다했는디 주문하면서 변경한 순수요거생딸기설빙이예요. 상콤한 딸기가 한가득 올라가서 맛있게 먹을 수 있었어요. 요거트 아이스크림까지 상큼한 한가득해져서 더더 맛있었구요. 반반이라 두가지 종류의 빙수를 먹을 수 있어서 항상 좋은 설빙이예요. 생크림도 영롱하도다! 아이가 한그릇 다 클리어했던 설빙 신천역점 순수요거생딸기설빙 이예요. 넘 맛있으니까 곧 다시 또 오고싶다고 ㅋ 다 먹고 바로 다시 오자는건 대체...? 팥인절미설빙 짱맛 설빙 신천역점 평소에 두찌가 질루 좋아하는 설빙 신천역점 팥인절미설빙 이예요. 인절미빙수도 엄청 좋아하는데 팥도 먹어야 한다고해서 팥인절미빙수로 선택했어요. 워에 올려진 떡도 넘 맛있어서 아이가 좋아하는 팥인절미팥빙수인데요. 가득 올라간 콩가루도 넘넘 좋아해요!! 설빙 신천역점 팥인절미설빙은 같이 제공해주는 설빙연유를 뿌려먹어야 제맛! 아이가 좋아하는 설빙연유 가득 뿌려서 냠냠 먹어요! 토핑으로 선택했던 인절미 아이스크림이랑 구슬아이스크림도 맛있었어요! 왠지 막 저렴하게 먹은거 같아서 더더 기분 좋더라구요! 여름이면 자주 사는 설빙 아이들이랑 자주 갈래요! 내돈내산
설빙갈래? 남편의 한마디에 바로 따라나섰던 주말. 정말 오랜만에 방문했던 설빙 설빙 잠실새내역점은 건물 2층에 위치하고 있었다. 설빙 영업시간 생각보다 실내가 꽤 넓었는데 뭔가 옛날 감성 ㅎㅎ 다닥다닥 앉아야 하는 느낌쓰 한쪽으로 벽보고 2인이 앉을 수 있는 공간을 만들어 두셨는데, 만드신것처럼 보이는 인형들이 있어서 구경하며 앉아있을 수 있었다. 주문은 앞쪽 키오스크를 통해 가능했다. (물론 카운터에서도 가능해보였다) 설빙 메뉴(2024.07 기준) 내가 예전에 왔던 그 설빙이 아니넹... 정말 다양한 빙수 메뉴와 떡볶이를 포함한 디저트도 다양하게 준비되어 있던 설빙 설빙 시그니처 인절미설빙(바닐라 아이스크림 추가) 과 인절미크로플을 주문한 우리 빙수에 올려나올줄알았는데, 아이스크림은 별도로 나온다. 사실 이 토핑은 가지고 있던 기프티콘 금액이 남아서 시켜보았다..ㅎㅎㅎ 요새는 연유도 뿌려주시는게 아니라 이렇게 따로 나오넹- 쭈아아압- 뿌려 먹어야 하는 연유 뭔가 좀 부족한 듯 느껴져서 아쉬웠당 꼬수운 인절미 가루 듬뿍 올라가 있는 인절미빙수 (이런 가루 먹을 때는 사레를 꼭 조심하기) 입맛이 변한건지 예전 그 진한 우유빙수의 맛이 좀 약하게 느껴져서 아쉽기는 했지만.. 그래도 이렇게 부드럽고 꼬수운 빙수는 먹기 쉽지 않지- 인절미 크로플도 괜춘- 다음번에는 다른맛의 빙수를 먹고 싶다가도, 분명 다시가면 인절미빙수를 먹게될 듯 싶은 설빙
 영업시간 13:00 23:00 라스트오더 22:30 민생회복 소비쿠폰 설빙 신메뉴를 먹어보러 잠실새내역 근처에 있는 설빙 신천역점에 왔어요 상구네 돼지구이 건물 2층에 있었어요! 이번 여름 기념으로 나온 화채 설빙을 먹으러 왔슴다 수박듬뿍 화채설빙 칼로리는 660kcal에요! 카페 내부는 넓진 않았고 약간 작았지만 내부에 화장실도 있어서 좋았어유 아놔 사진 이따구로 찍은 거 실화야?! 이번 여름 시즌 메뉴는 밀크팥메론몽땅설빙요거치즈메론몽땅설빙 수박듬뿍화채설빙과일듬뿍화채설빙 이렇게 여름 시즌 메뉴인 거 같았어요! 그 외에 두바이초코설빙 ABC초코쿠키설빙 ABC초코쿠키 녹차설빙 등 신메뉴가 많았어요 친구가 민생쿠폰 있다고 사줬어요!! 고맙다 칭구야!! 내부는 요래 생겼슴니다 테이블이 많은 편은 아니였어유 저희가 주문한 수박듬뿍 화채설빙 칼로리 660kcal..뭐이리 높아 당류 116g..와우 설빙 소다를 뿌려서 먹으면 된다고 하더라구요 그럼 리얼 화채맛이 난대유 맛은 진짜 수박화채맛!!!!! 저는 수박 빙수 러버라 먹고 딱 제 스타일이었어요 몰랐는데 저 수박빙수 겁나 좋아하더라구요 남은 얼음에서도 화채맛이 나더라구요! 화채 좋아하면 충분히 맛있게 먹을 맛..?! 수박에 저 살얼음이 붙으니까 쫀맛 설빙 신천역점에서 설빙 여름 시즌메뉴 중 수박듬뿍 화채설빙을 먹었는데 완전 맛있었어요 역시 저는 수박 빙수를 좋아하는 거 같아요 아삭아삭한 수박과 화채 맛이 나는 빙수!! 아는 맛이 맛있다라는 느낌이었슴다 여름되니까 확실히 빙수가 맛도리네요 신천역카페 설빙 설빙여름메뉴 설빙여름시즌메뉴 설빙여름메뉴추천 설빙여름한정메뉴 설빙수박빙수 설빙칼로리 수박빙수설빙 수박듬뿍화채설빙 수박듬뿍화채 수박듬뿍빙수 설빙수박빙수 설빙여름인기메뉴","我自己付的錢。我和孩子們去蠶室玩，他們想吃雪冰，所以我們就去了蠶室世奈的雪冰新川站分店！這家店很不錯，空間寬敞，有很多雙人桌和四人桌。在雪冰新川站分店，我們點了孩子們最愛的「雙拼」刨冰：純酸奶鮮草莓雪冰和紅豆年糕雪冰。食材方面，我們還點了兩份年糕冰淇淋和一份球形冰淇淋。因為純優格鮮草莓雪冰和紅豆年糕雪冰是雙拼的，冰淇淋配料是單獨提供的，所以吃起來很方便。雪冰新川店，雪冰純優格鮮草莓雪冰、紅豆年糕雪冰、年糕冰淇淋、珠子冰淇淋。自費購買。雪冰新川店，首爾市松坡區白濟古本路9街47號2樓（蠶室寺內站3號出口299公尺），營業時間：13:00-23:00，電話：070-7562-3091。清爽的純優格鮮草莓雪冰。我們進去的時候，孩子說想吃芒果刨冰，但點餐時我們改成了純酸奶鮮草莓雪冰。雪冰上堆滿了新鮮清爽的草莓，我們吃得很開心。優格冰淇淋也充滿了清爽的味道，讓雪冰更美味。雪冰總是很棒，因為可以一次嚐到兩種不同口味的刨冰，它是雙拼口味。上面的奶油閃閃發光！這是雪冰新川站分店的純優格鮮草莓雪冰，我家小孩把整碗都吃光了。他們說想趕快再來，因為太好吃了哈哈。吃完就想再來……這是什麼情況啊……？雪冰新川站分店的紅豆年糕雪冰也超好吃。這是我家老二最喜歡的雪冰新川站分店的紅豆年糕雪冰。她也喜歡年糕刨冰，但她堅持要吃紅豆的，所以我們就選了紅豆年糕刨冰。上面的年糕太好吃了，這就是我家小孩喜歡的紅豆年糕刨冰。她還特別喜歡上面撒的滿滿的黃豆粉！雪冰新川站分店的紅豆年糕雪冰，淋上雪冰店自備的煉乳味道最棒！我們倒了很多孩子愛吃的雪冰煉乳，吃得津津有味！我們選的年糕冰淇淋和球形冰淇淋也超好吃！感覺物超所值，心情也特別好！夏天我常常買雪冰，所以打算以後常常帶小孩去！我自己掏錢。

「我們去雪冰吧？」週末，老公一聲令下，我立刻就去了。好久沒去雪冰了。雪冰蠶室街站分店在二樓。雪冰營業時間。店裡比我想像的要寬敞得多，不過有點老式的感覺，哈哈。感覺我們必須挨得很近地坐著。他們在一側牆邊佈置了一個雙人位，旁邊擺放著一些看起來像是手工製作的玩偶，我們可以坐在那裡四處看看。可以透過前面的自助點餐機點餐。 （當然，看起來也可以在櫃檯點餐。）雪冰菜單（截至2024年7月）。這和我之前去的雪冰不一樣……雪冰的刨冰種類非常豐富，甜點選擇也很多，包括炒年糕。我們點了雪冰的招牌年糕刨冰（加了香草冰淇淋）和年糕可頌。我以為冰淇淋​​會放在刨冰上面，結果卻是單獨盛裝的。其實，我點這個配料是因為之前收到的禮券還剩下一些……呵呵。現在，他們甚至都不把煉乳淋在上面了，而是單獨盛放。我有點失望，因為需要自己澆煉乳的量感覺有點少。這是一款年糕刨冰，上面撒滿了堅果味的年糕粉（吃這種粉末時要小心別噎到）。也許是我的口味變了，但感覺以前濃鬱的牛奶刨冰味道淡了一些，有點可惜……不過，能吃到這麼軟糯香濃的刨冰還是挺難得的。年糕酥皮蛋糕也相當不錯。雖然下次想嘗試其他口味，但我感覺下次去雪冰的時候一定還會點年糕刨冰。

營業時間：13:00 - 23:00，最後點餐時間：22:30。可使用生計恢復消費券。我來到了蠶室街站附近的雪冰新川站分店，想嚐嚐新推出的料理。這家店位於桑古烤肉店二樓！我來嚐嚐今年夏天新出的火菜雪餅。西瓜餡的火菜雪餅熱度高達660千卡！店面不算寬敞，有點小，不過裡面有洗手間這點很不錯。說真的，我居然拍了這樣的照片？ ！夏季菜單上好像有牛奶紅豆蜜瓜芒糖雪餅、優格起司蜜瓜芒糖雪餅、西瓜餡的火菜雪餅和水果餡的火菜雪餅！除此之外，還有很多新品，像是杜拜巧克力雪餅、ABC巧克力餅乾雪餅、ABC巧克力餅乾和抹茶雪餅。朋友請客，因為她有民生券！謝謝朋友！店裡大概是這樣的。桌子不多。我們點的西瓜餡火菜雪冰熱量高達660千卡…怎麼這麼高？ 116克糖……哇！他們說要在上面撒雪冰汽水，這樣才像真正的火菜。真的有西瓜火菜的味道！ ！ ！身為一個西瓜刨冰愛好者，我試了這款，簡直太合我口味了。之前我都沒意識到，但我真的很喜歡西瓜刨冰。就連剩下的冰塊都像水果賓治！如果你喜歡水果賓治，那這款絕對值得一試！碎冰裹著西瓜，超好吃。我在雪冰新川站分店點了夏季限定的“西瓜餡水果賓治刨冰”，真的太美味了。看來我真的太愛西瓜刨冰了。脆脆的西瓜，還有水果賓治味的刨冰！ ！感覺就像那句老話說的，「熟悉的味道總是更美味」。現在是夏天，刨冰絕對是美味之選。新川站咖啡廳，雪冰，雪冰夏季菜單，雪冰夏季限定菜單，雪冰夏季菜單推薦，雪冰夏季限定菜單，雪冰西瓜刨冰，雪冰卡路里，雪冰西瓜刨冰，雪冰西瓜果味飲料，西瓜果味飲料，西瓜刨冰，雪冰西瓜刨冰，雪冰夏季人氣菜單",영업시간 13:00~23:00,,설빙 석촌호수점,雪冰石村湖支
설빙 롯데월드어드벤처점,雪冰樂天世界冒險樂園,빙수,刨冰,영업 전,101,13,서울 송파구 올림픽로 240 롯데월드 어드벤처 1층,首爾市松坡區奧林匹克路240號樂天世界冒險樂園1樓,잠실역 3번 출구에서 52m,距蠶室站3號出口52米,영업 전 11:00에 영업 시작,,http://sulbing.com/main.php,포장,,"인절미 설빙 10000원
애플망고 치즈설빙 14500원
티라미수 설빙 12500원
인절미토스트 5200원
모짜렐라 인절미토스트 6200원
쌍쌍치즈가래떡 4500원
인절미아이스크림 5000원
치즈떡볶이피자 7500원","年糕雪堡 10,000 韓元

蘋果芒果起司雪堡 14,500 韓元

提拉米蘇雪堡 12,500 韓元

年糕吐司 5,200 韓元

馬蘇里拉年糕吐司 6,200 韓元

雙倍起司煎餅 4,500 韓元

年糕冰淇淋 5,000 韓元

起司炒年糕披薩 7,500 韓元","오늘의 키워드 8시에 일어나서 약먹고 잠시 뒹굴뒹굴하다 기상 잠실에서 아기고야미들 만남 요정냥도 데려가고 싶지만 컨디션 관리해야 하니까 알지만 안타까운 이모맘 곰냥이랑 롯데월드어드벤처 키즈토리아부터 입장 오늘도 신난 뒷모습 우다다다다다 리우삼바카니발퍼레이드 두시 퍼레이드보고 회전목마타고 맘마먹고 돌아다니다 키즈토리아 피곤해도 졸려도 곰냥이 안잔다 에너자이저 곰냥이 체력이 남달라 저녁에 잠시 공원산책 잘까 싶었는데 안잠 덥지만 해지니 산책하기 좋았다 오늘의 날씨 햇빛 아래는 덥고 바람 불면 잠시 시원 오늘의 BGM 나인뮤지스-돌스 시간이 지나면 모든 게 잊혀진단다 매일 위로를 하면서 나 난 미련하게 오늘의 식사 아침은 건너뛰고 점심은 롯데마트에서 냠냠 롤이랑 김밥, 유부초밥 닭발, 돼지껍데기 저녁은 육쌈냉면 시원한 비빔냉면 오늘의 대화 이런저런 롯데월드 안 이야기들 오늘의 소비 인형뽑기 롯데마트 GS마트 오늘의 행복 롯데월드 안 설빙 재오픈 지난주까지는 닫혀 있었는데 넘 좋자나 설빙초코브라우니빙수 설빙롯데월드어드벤처점
안녕하세요, 테마파크 인플루언서 테마파커 재구언입니다. 롯데월드 어드벤처 1층 트리블 하우스에서 귀여운 트리블 캐릭터와 소통할 수 있는 특별한 이벤트가 진행해요. 20초 영상 요약 백팩커 재구언 인스타그램에서는 테마파크 소식과 꿀팁을 더욱 빠르게 받아보실 수 있어요! 지금 바로 팔로우하세요! 트리블 하우스에서 진행하는 롯데월드 캐릭터 그리팅은 매주 주말 오후 12시와 오후 4시에 약 20분간 진행해요. 트리블 하우스에 살고 있는 초록이와 노랑이 그리고 파랑이가 테이블로 직접 찾아가 소중한 시간을 보낼 수 있어서 추천해요. 트리블 하우스를 이용하는 손님에게 우선적으로 캐릭터 그리팅이 진행되며, 트리블 하우스 입구에서 포토타임도 진행해요. 트리블 하우스에서 롯데월드 캐릭터 그리팅이 진행하는 흘러나오는 노래에 귀 기울여보세요! 트리블이 살고 있는 무지개 마을과 연관된 노래가 20분간 재생돼요. 롯데월드 스페인 구역 내 트리블 하우스 (설빙) 주말 오후 12시, 오후 4시 약 20분간 진행 캐릭터 그리팅은 예고 없이 중단될 수 있어요. 캐릭터는 캐릭터로만 봐주세요. 트리블 하우스에 등장하는 캐릭터는 1회당 1명의 캐릭터가 랜덤하게 등장해요. 트리블과 오랜 시간 동안 소통을 나누고 싶다면 트리블 하우스(설빙)에서 간식을 주문하고 테이블에 앉아서 기다려보세요! 롯데월드 자유이용권 할인받기 롯데월드 추천 공연 롯데월드 롯데월드트리블 롯데월드트리블하우스 롯데월드설빙 롯데월드꿀팁 롯데월드35주년 롯데월드무지개마을 무지개마을 트리블 트리블하우스 롯데월드카페 테마파크 국내테마파크 서울테마파크 테마파크인플루언서 테마파크크리에이터 테마파커 재구언 함께 보면 좋은 글 
오늘의 키워드 8시 반쯤 약먹음 오늘은 어린이날 요정냥 데리고 잠실 롯데월드어드벤처 어린이날 당일에 잠실 롯데월드 방문은 용기가 필요했지만 사랑으로 극뽁 요정냥이 무서워한 서비스직 표정의 로리 영혼이 없꾸만 오늘도 입장하기전에 공차 얼그레이 밀크티 공차롯데월드점 요새 왠만하면 개인컵 사용하려고 노력중 입장하는데 약간 졸려했지만 자지 않고 공연관람! 롯데월드빅밴드 남성빅밴드 오전공연봤는데 댄서분들도 함께하고 이전보다 다채로워졌다 예쁜 댄서누나들을 좋아하는 요정냥 공연보고 너구리열차타러 감 모노레일 안에서 요정냥이랑 같은 이름의 형아만났다 놀이기구에 사람이 많아서 공연관람 위주로 즐기고 맘마먹이고 낮잠재우고 못말리는 그리피 관람 그리피랑 짝짝쿵 오늘의 날씨 아침부터 저녁까지 비가 주룩주룩 오늘의 BGM 크리미널 마인드 오늘의 식사 아침은 꼬마김밥이랑 어묵 냠냠 점심은 샐러드...였는데 쉬림프 크림파스타 샐러드 먹는도중에 이물질 나옴 진심 짜증나서 떡볶이랑 소세지먹고 후식으로 설빙까지 달림 4층 파라오분식 맵고 쫄깃쫄깃한 떡볶이랑 소세지세트 냠냠 소세지가 엄청 뜨거웠다 설빙 초코브라우니빙수 덥고 습하고 기분안좋았는데 기분좋아지는 달달구리 설빙롯데월드어드벤처점 저녁은 카츠안스 스페셜카츠 양배추 샐러드랑 로스카츠 완맛 오늘의 대화 샐러드 이물질 쿠팡대응 오늘의 소비 공차 분식집 인형뽑기 쿠팡 오늘의 행복 잘놀고 잘 걷고 잠실 최고의 귀염둥이 점잖게 엄마고양이 머리하는것도 기다려준 효자 요정냥","今日關鍵字：早上8點起床，吃了藥，懶洋洋地待了一會兒，然後起床。在蠶室遇到了可愛的小傢伙們。本來也想帶仙女貓一起去，但要照顧她的身體狀況。知道她的狀況，心裡還是很難過，真是個心疼的阿姨。帶著Gom-nyang去了樂天世界兒童樂園。今天又是她興奮的背影。跑來跑去，像瘋了一樣。裡約桑巴嘉年華遊行。看了下午2點的遊行，坐了旋轉木馬，吃了點東西，四處逛了逛，然後去了兒童樂園。即使累了或睏了，Gom-nyang也不睡覺。 Gom-nyang真是個精力旺盛的小傢伙，耐力驚人。晚上在公園裡散了會兒步。本來以為她會睡覺，結果她沒有。天氣很熱，但是太陽下山後散步很舒服。今日天氣：陽光下很熱，但是刮風的時候會涼快一會兒。今日背景音樂：Nine Muses - Dolls。人們常說時間會遺忘一切。我每天都在安慰自己，可是我……我真是太傻了……今日餐點：沒吃早餐，午餐在樂天瑪特吃了壽司捲、紫菜包飯、豆皮壽司、雞爪和豬皮。晚餐是韓式拌冷麵。今日對話：關於樂天世界的各種趣事。今日購物：抓娃娃機、樂天瑪特、GS Mart

今日喜事：雪冰（Sulbing）在樂天世界重新開業了！

雪冰巧克力布朗尼刨冰，雪冰樂天世界冒險樂園分店

大家好，我是主題樂園部落客Jaegu-eon。樂天世界冒險樂園一樓的Tribble House正在舉辦一個可以和可愛的Tribble角色互動的特別活動。

20秒影片摘要：想更快取得主題樂園資訊與攻略？快來關注背包客Jaegu-eon的Instagram帳號吧！

樂天世界在Tribble House舉辦的卡通人物見面會，每週週末中午12點和下午4點舉行，長度約20分鐘。強烈推薦！住在Tribble House的Greeny、Yellowy和Bluey會親自到你的桌邊，和它們親密互動。 Tribble House的遊客可優先參加卡通人物見面會，入口處也設有拍照區。在Tribble House的卡通人物見面會期間，請仔細聆聽播放的音樂！這是一首與Tribble居住的彩虹村莊相關的歌曲，長度約20分鐘。見面會於每週週末中午12點和下午4點在樂天世界西班牙區的Tribble House（Sulbing）舉行，長度約20分鐘。卡通人物見面會可能會暫時中斷，恕不另行通知。請將卡通人物視為普通的卡通人物。在Tribble House，每次都會隨機出現一個角色。如果您想與Tribble互動更長時間，不妨在Tribble House（雪冰）點一份小吃，然後找個桌子坐下來等！樂天世界全天通票折扣、樂天世界推薦表演、樂天世界、樂天世界Tribble、樂天世界Tribble House、樂天世界雪冰、樂天世界小貼士、樂天世界35週年慶典、樂天世界彩虹村、彩虹村Tribble、Tribble House、樂天世界咖啡廳、主題公園、國內主題公園、首達主題公園

今日關鍵字：早上8:30左右吃了藥。今天是兒童節。帶著我的精靈貓去蠶室樂天世界探險。兒童節去蠶室樂天世界需要勇氣，但我用愛克服了它。洛莉那副服務生的表情連仙女貓都害怕，真是毫無生氣。今天再次進入之前，我又喝了貢茶伯爵奶茶。貢茶樂天世界分店。最近，我盡量盡可能用自己的杯子。進去的時候有點睏，但還是堅持看完了表演！我看了樂天世界大樂團（男團）的早場表演。舞者們也加入了進來，讓表演比之前更精彩。喜歡漂亮女舞者的仙女娘在表演結束後去搭了浣熊小火車。在單軌列車上，我遇到了一個和仙女娘同名的哥哥。因為遊樂設施人很多，我就一邊欣賞表演，一邊餵寶寶，哄他睡午覺，然後看了《勢不可擋的格里菲斯》。我和格里菲斯一起鼓掌。今天的天氣：從早到晚都在下大雨。今天的背景音樂：《犯罪心理》。今天的餐點：早餐是迷你紫菜包飯和魚餅，好吃好吃。午餐是沙拉……結果吃蝦仁奶油意麵沙拉的時候，發現裡面有異物。我當時特別生氣，就吃了炒年糕和香腸，然後直接去了雪冰吃甜點。四樓的法老王麵包店：辣味十足的炒年糕和香腸套餐，好吃極了。香腸超辣。雪冰巧克力布朗尼刨冰。天氣又熱又潮，我心情也不太好，但這道甜點讓我開心起來。雪冰樂天世界冒險樂園分店。晚餐是Katsu An的特色炸豬排佐高麗菜沙拉。炸豬排超好吃。今日對話：沙拉裡的異物。 Coupang回覆。今日消費：貢茶、小吃店、抓娃娃機、Coupang。今日幸福：玩得開心，走路也開心，蠶室最可愛的寶貝，一隻乖巧的精靈貓，甚至乖乖地等著媽媽去做頭髮。",,,설빙 석촌호수점,雪冰石村湖支
설빙 롯데월드점,雪冰樂天世界分店,빙수,刨冰,영업 전,3,0,서울 송파구 올림픽로 240 롯데월드 어드벤처동 1층 15호,首爾市松坡區奧林匹克路240號樂天世界冒險大樓1樓15單元,잠실역 3번 출구에서 261m,距蠶室站3號出口261米,영업 전 10:00에 영업 시작,0507-1406-6949,,"남/녀 화장실 구분,포장,간편결제",,"인절미 설빙 10500원
한잔 설빙 5900원
팥인절미 설빙 11500원
흑절미 설빙 11900원
팥흑절미 설빙 12900원
애플망고치즈 설빙 14900원
초코브라우니 설빙 13900원
오레오초코몬스터 설빙 13900원
순수요거블루베리 설빙 14900원
블루베리치즈 설빙 14900원
치즈 설빙 13900원
자.망.코. 설빙 15900원
깨먹는 THE 돼지바 설빙 15900원
초코바닐라구슬 설빙 15500원
스윗캔디구슬 설빙 15500원
생딸기 설빙 찹쌀떡 14900원
생딸기 설빙바닐라 14900원
순수요거생딸기 설빙 16900원
생딸기요거초코볼 설빙 17500원
생딸기찐한말차볼 설빙 17900원
생딸기초코케이크 설빙 22500원","年糕雪堡 10,500 韓元

一杯雪堡 5,900 韓元

紅豆年糕雪堡 11,500 韓元

黑米糕雪堡 11,900 韓元

紅豆黑米糕雪堡 12,900 韓元

蘋果芒果乳酪雪堡 14,900 韓元

巧克力布朗尼雪堡 13,900 韓元

奧利奧巧克力怪獸雪堡 13,900 韓元

純優格藍莓雪堡 14,900 韓元

藍莓起司雪堡 14,900 韓元

芝士雪堡 13,900 韓元

Ja.Mang.Ko.雪寶 15,900 韓元

可碎豬形棒 雪寶 15,900 韓元

巧克力香草珠 雪寶 15,500 韓元

甜糖珠 雪寶 15,500 韓元

鮮草莓糯米糕 雪寶 14,900 韓元

鮮草莓香草 雪寶 14,900 韓元

純優格鮮草莓 雪寶 16,900 韓元

鮮草莓優格巧克力球 雪寶 17,500 韓元

鮮草莓抹茶球 雪寶 17,900 韓元

鮮草莓巧克力蛋糕 雪寶 22,500 韓元",,#VALUE!,"롯데월드 어드벤쳐 1층
남문게이트 방향 / 신밧드의 모험 출구 앞에
위치합니다.",,설빙 석촌호수점,雪冰石村湖支
설빙 석촌호수동호점,水冰石村東湖店,빙수,刨冰,영업 전,4415,486,서울 송파구 석촌호수로 278 여흥레이크빌 1층,首爾特別市松坡區石村湖水路 278 汝興湖村 1 樓,송파나루역 1번 출구에서 588m,距松帕納魯站1號出口588米,영업 전 11:00에 영업 시작,02-3432-7555,https://sulbing.com/,"단체 이용 가능,포장,배달,무선 인터넷,남/녀 화장실 구분",,"생딸기초코케이크설빙 21500원
생딸기찐한말차볼설빙 16900원
생딸기요거초코볼설빙 16500원
순수요거생딸기설빙 15900원
생딸기설빙 (바닐라아이스크림찹쌀떡) 13900원
생딸기주스 5800원
말차라떼 4800원
꿀떡꼬치 3900원
꿀떡국내산통단팥죽 6900원
국내산통단팥죽 6200원
스윗캔디구슬설빙 14500원
초코바닐라구슬설빙 14500원
흑절미설빙 10900원
팥흑절미설 11900원
흑절미토스트 5300원
깨먹는 THE 돼지바설 14900원
베리피치에이드(Venti) 5800원
자.망.코 설빙 14900원
두바이 초코 설빙 16500원
인절미설빙 9900원
팥인절미설빙 10900원
인절미아이스크림설빙 11500원
치즈설빙 12900원
오레오초코몬스터설빙 13500원
애플망고치즈설빙 14500원
순수요거블루베리설빙 15500원
인절미토스트 4800원
모짜렐라인절미토스트 5800원
허니버터브레드 5800원
매콤떡볶이 4900원
로제떡볶이 4900원
츄러스(바바리안크림딥초코) 2900원
한입쏙붕어빵(팥슈) 2900원
꿀호떡 2200원
인절미꿀호떡 2900원
아메리카노 3900원
카페라떼 4500원
설빙연유라떼 4900원
바닐라라떼 4900원
인절미샷라떼 5300원
핫초코 3500원
아이스초코 3500원
미숫가루라떼 4500원
그린티라떼 4500원
인절미라떼 4800원
아이스티 3000원
캐모마일 3000원
깔끔식혜 3500원
대추차 3800원
유자차 3800원
레몬차 3800원
레몬에이드 4500원
딸기에이드 4500원
애플망고에이드 4800원
플레인요거트스무디 5500원
딸기요거트스무디 5800원","鮮草莓巧克力蛋糕 21,500 韓元

鮮草莓抹茶球 16,900 韓元

鮮草莓優格巧克力球 16,500 韓元

純優格鮮草莓蛋糕 15,900 韓元

鮮草莓香草冰淇淋蛋糕 13,900 韓元

鮮草莓汁 5,800 韓元

抹茶拿鐵 4,800 韓元

蜂蜜年糕點串 3,900 韓元

蜂蜜年糕佐國產紅豆粥 6,900 韓元

國產紅豆粥 6,200 韓元

甜糖珠蛋糕 14,500 韓元

巧克力香草糖珠蛋糕 14,500 韓元

黑年蛋糕10,900 韓元

紅豆黑米糕雪餅 11,900 韓元

黑米糕吐司 5,300 韓元

烤豬排雪糕 14,900 韓元

莓果蜜桃汽水（大杯） 5,800 韓元

炸芒果雪糕 14,900 韓元

杜拜巧克力雪糕 16,500 韓元

年糕雪糕 9,900 韓元

紅豆年糕雪糕 10,900 韓元

年糕冰淇淋雪糕 11,500 韓元

起司雪糕 12,900 韓元

奧利奧巧克力怪獸雪糕 13,500 韓元

蘋果芒果起司雪糕 14,500 韓元

純優格藍莓雪糕 15,500 韓元韓元

年糕吐司 4,800 韓元

馬蘇里拉年糕吐司 5,800 韓元

蜂蜜奶油麵包 5,800 韓元

辣炒年糕 4,900 韓元

玫瑰炒年糕 4,900 韓元

吉事果（巴伐利亞奶油巧克力沾醬） 2,900 韓元

小份紅豆泡芙 2,900 韓元

蜂蜜糖餅 2,200 韓元

年糕蜂蜜糖餅 2,900 韓元

美式咖啡 3,900 韓元

拿鐵咖啡 4,500 韓元

雪冰煉乳拿鐵 4,900 韓元

香草拿鐵 4,900 韓元

年糕濃縮拿鐵 5,300 韓元

熱巧克力 3,500 韓元價格

冰巧克力 3,500 韓元

甜瓜拿鐵 4,500 韓元

抹茶拿鐵 4,500 韓元

年糕拿鐵 4,800 韓元

冰茶 3,000 韓元

洋甘菊茶 3,000 韓元

清爽茶飲 3,500 韓元

紅棗茶 3,800 韓元

柚子茶 3,800 韓元

檸檬茶 3,800 韓元

檸檬水 4,500 韓元

草莓水 4,500 韓元

蘋果芒果水 4,800 韓元

原味優格冰沙 5,500 韓元

草莓優格冰沙 5,800 韓元","카페 빙수는 못 따라오는 설빙 두바이초코빙수, 이 조합 반칙 아닌가요 요즘 카페 빙수 가격 보면서 한숨부터 나오는 분들 많으시죠 맛은 기대만큼 안 따라주는데 가격은 자꾸 올라가서 괜히 비교하게 되는 순간들 말이에요 그래서 아무 기대 없이 주문했던 메뉴 하나가 기준을 싹 바꿔버리면 사람 마음이 좀 복잡해지잖아요 오늘 이야기는 딱 그런 경험이었어요 설빙 두바이초코빙수 하나로 카페 빙수 기준이 흔들려버린 순간 이야기입니다 가격, 영양성분 및 칼로리 카페 빙수랑 비교하게 되는 순간 가격은 17,500원 여기서 카다이프 추가 2,000원, 피스타치스프레드 3,000원 솔직히 말씀드리면 주문할 때부터 반신반의였어요 설빙 두바이초코빙수라는 이름은 화려한데 요즘 워낙 이름만 그럴듯한 메뉴도 많다 보니까요 근데 막상 받아보는 순간 아 이거 생각보다 진짜 세게 나왔구나 싶더라고요 설빙 두바이초코빙수는 한 그릇 기준으로 칼로리가 대략 1,200kcal 안팎이라서 성인 하루 권장 섭취량의 절반 이상을 차지하는 편이고 초코 토핑과 아이스크림이 많이 들어가 당류와 지방 함량도 높은 디저트라 혼자보다는 여럿이 나눠 먹는 게 부담이 덜한 메뉴예요! 1인분 기준 열량 약 1,260 kcal 당류 약 95 g 단백질 약 19 g 지방 약 36 g 나트륨 약 270 mg 겉부터 초코 파우더가 빈틈없이 깔려 있고 가느다란 식감 토핑이 한가득 올라가 있어서 눈으로만 봐도 손이 먼저 가는 비주얼이었어요 숟가락을 넣자마자 느껴지는 건 얼음이 아니라 디저트 한 그릇을 파고드는 느낌이었어요 카페 빙수 먹을 때 종종 느끼는 얼음만 남아서 밍밍해지는 구간 있잖아요 설빙 두바이초코빙수는 그런 구간이 거의 없어요 어디를 떠도 초코와 고소함이 같이 따라와서 자연스럽게 카페 빙수랑 비교가 시작되더라고요 이쯤 되니까 카페 빙수 왜 이렇게 비싸게 먹었지라는 생각이 슬쩍 올라오기 시작했어요 한 숟갈 먹고 생각이 바뀐 이유 설빙 두바이초코빙수의 핵심은 단맛만 세게 밀어붙이지 않는다는 점이었어요 초코는 분명 진한데 고소한 맛이 계속 같이 따라와서 입안에서 무겁게 남지 않아요 특히 가운데 아이스크림이 포인트였어요 차갑게 얼어붙은 느낌이 아니라 부드럽게 퍼지면서 전체 맛을 정리해주는 역할을 하더라고요 그래서 한 숟갈 먹고 나면 다음 숟갈이 자연스럽게 이어져요 카페 빙수는 가끔 처음 한두 숟갈만 맛있고 그다음부터는 그냥 먹는 느낌이 들 때가 있잖아요 설빙 두바이초코빙수는 끝까지 맛의 결이 유지돼서 마지막... 
설빙 석촌호수동호점 -영업시간: 매일 11:0022:00(라스트 오더 21:30) -화장실: 매장 내부 남녀 분리로 깔끔 -주차: 불가, 인근 유료 주차장 이용 추천 2026년 1월 7일(수) 평일 오후 9시 방문 후기입니다! 작년 12월, 설빙에도 드디어 스몰 사이즈 1인 빙수가 나왔다는 소식을 들었었는데 드디어 방문해서 먹어보았어요 참고로 전 지점에서 판매중인건 아니고 설빙 석촌호수동호점, 강남역점, 압구정로데오점, 부산서면일번가점 네 곳만 해당된다고 합니다!! 설빙 석촌호수동호점은 아쉽게도 건물 내 무료주차가 불가능하더라구요 ㅜ.ㅜ 사람들이 얼마나 헷갈렸으면 주차장 초입에 저렇게 안내문까지 붙어 있었어요 ㅋㅋ ㅠㅠ 주문은 키오스크 또는 큐알코드로 간편하게 가능해요 테이블에도 큐알코드 스티커가 붙어있어서 혹시 카운터가 혼잡할 시에는 자리부터 먼저 잡아두고 자리에서 시키는 것도 좋을거 같아요 스몰사이즈로 시킬 수 있는 메뉴는 7가지에요 인절미설빙, 팥인절미설빙, 흑절미설빙, 팥흑절미설빙 애플망고치즈설빙, 오레오초코몬스터설빙, 두바이초코 설빙 입니다! 저는 여기서 오레오초코몬스터설빙(7,900원)을 주문했어요! 자리가 엄청 넓어서 웬만해선 웨이팅 걱정 없을거 같아요! 특이한건 이런 좌식 공간도 있더라구요 저는 안쪽의 소파로 된 좌석을 픽했어요! 바로 건너편이 석촌호수이기 때문에 창가자리에 앉으면 바깥 뷰가 잘 보일거 같아요 빨대, 휴지, 물티슈, 앞접시 등등은 셀프바에서 챙기면 돼요 드디어 나온 오레오초코몬스터 설빙!! 1인 빙수라지만 2명이서 먹어도 부족함이 없을거 같아요 설빙이 워낙 양이 많다보니 기존의 메뉴로 시키면 항상 남겨서 아까웠는데 이렇게 스몰 사이즈도 나와서 넘 좋아요.. 앞접시도 두 그릇 챙겨서 본격적으로 먹부림 타임.. 위는 그냥 흰 생크림뿐인건가 했는데 생크림 안 쪽은 바닐라 아이스크림이더라구요! 아래는 달달한 우유얼음이였구요!! 오레오 과자, 오레오 가루, 초코 가루, 생크림, 바닐라 아이스크림의 조합이니 누구나 호불호 없이 먹을 수 있는 달달한 초코빙수였어요 저는 처음 먹어보는거였는데 대만족이였습니다,, 재구매 의사 있음!!","Sulbing的杜拜巧克力刨冰遠勝咖啡館刨冰——這組合是不是很不公平？我敢打賭，現在很多人光是看著咖啡館刨冰的價格就忍不住嘆氣。你一定有過這樣的經驗：味道不如預期，價格卻一路飆升，忍不住比較價格。所以，當你毫無期待地點了一份菜，結果卻徹底顛覆了你對刨冰的認知時，是不是感覺有點矛盾呢？今天的故事正是如此。 Sulbing的杜拜巧克力刨冰徹底顛覆了我對咖啡館刨冰的認知。價格、營養和卡路里：當我開始把它和咖啡館刨冰比較的時候，它的價格是17,500韓元。加2,000韓元的卡塔伊夫（kataif，一種韓式甜點）和3,000韓元的開心果醬。說實話，從點餐的那一刻起，我就有點懷疑。 「Sulbing Dubai 巧克力刨冰」這個名字聽起來很酷炫，但如今許多菜單上的菜色都只是名字吸引眼球而已。然而，當我真正拿到它的時候，我心想：「哇，這比我想像的還要美味得多！」一碗「Sulbing Dubai 巧克力刨冰」大約含有 1200 千卡的熱量，超過了成人每日推薦攝入量的一半，而且上面還鋪滿了巧克力碎和冰淇淋。由於這款甜點糖分和脂肪含量都很高，所以和別人一起分享比獨自享用更輕鬆！每份營養成分：約 1260 千卡，糖：約 95 克，蛋白質：約 19 克，脂肪：約 36 克，鈉：約 270 毫克。巧克力粉均勻地舖在刨冰表面，上面堆滿了質地細膩的配料，光是看著就讓人垂涎欲滴。我剛把湯匙伸進去，就感覺像是在挖一整碗甜點，而不是冰塊。你知道那種在咖啡館吃刨冰時，最後只剩下冰塊，味道寡淡的感覺嗎？ Sulbing's Dubai 巧克力刨冰幾乎沒有這種感覺。無論我挖哪一匙，巧克力和堅果的香味都完美融合，所以我自然而然地把它和咖啡館的刨冰做了比較。這時，我腦海裡開始冒出一個念頭：「我為什麼要花那麼多錢買咖啡館的刨冰？」但僅僅一匙之後，我的想法就徹底改變了：Sulbing's Dubai 巧克力刨冰的秘訣在於它並沒有讓甜味過於濃烈。巧克力味道濃鬱，但堅果的香味與之完美融合，不會在口中留下厚重的餘韻。尤其是中間的冰淇淋，更是點睛之筆。它不像其他刨冰那樣硬邦邦的，而是柔滑地鋪開，完美地平衡了整體的口感。它真的功不可沒。所以，吃完一匙之後，下一匙自然而然就流出來了。你知道嗎，有時候咖啡館的刨冰，只有前一兩匙好吃，之後就覺得像在吃白水一樣？雪冰的杜拜巧克力刨冰，從頭到尾都保持著濃鬱的口感，所以最後一口…

雪冰石村湖東湖分店 - 營業時間：每日 11:00 - 22:00（最後點餐時間 21:30） - 洗手間：乾淨，店內男女分開 - 停車：無，建議使用附近的付費停車場。這是2026年1月7日星期三晚上9點（工作日）的探店體驗！去年12月，我聽說雪冰終於推出了小份單人刨冰，所以終於有機會嚐嚐。要注意的是，並非所有分店都有售；目前僅在以下四個地點有售：雪冰石村湖東湖店、江南站店、狎鷗亭羅德奧店和釜山西面1beonga店！可惜的是，雪冰石村湖東湖店的店內沒有免費停車位。 T_T 估計大家都很困惑，所以店家甚至在停車場入口處貼了告示！哈哈。點餐可以透過自助點餐機或掃描二維碼，非常方便。桌上也貼有二維碼貼紙，所以如果櫃檯人多的話，最好先找個座位，在桌上點餐。小份雪冰共有7種口味：年糕雪冰、紅豆年糕雪冰、黑年糕雪冰、紅豆黑年糕雪冰、蘋果芒果起司雪冰、奧利奧巧克力怪獸雪冰和杜拜巧克力雪冰！我點了奧利奧巧克力怪獸刨冰（7900韓元）！店面很大，所以覺得不用擔心等位。特別之處在於他們還有像這樣的地上座位區。我選了一個有沙發的座位！因為石村湖就在街道對面，所以我覺得坐在靠窗的位置可以欣賞到很棒的湖景。你可以從自助吧台拿吸管、紙巾、濕紙巾、小碟子之類的東西。終於，奧利奧巧克力怪獸刨冰上來了！ ！雖然它被宣傳為單人份刨冰，但我認為兩個人吃綽綽有餘。刨冰的份量都很大，所以我每次點常規菜單上的刨冰都會覺得吃不完很可惜，所以很高興他們有這種小份的。我拿了兩盤，開始了我的大餐……我一開始以為最上面只是普通的白色奶油，結果奶油裡面竟然是香草冰淇淋！最下面是甜甜的牛奶冰！ ！這款巧克力刨冰融合了奧利奧餅乾、奧利奧碎、巧克力粉、鮮奶油和香草冰淇淋，甜而不膩，老少咸宜。這是我第一次嘗試，非常滿意！我肯定會再購買！","안녕하세요 석촌호수 동호에 위치한
설빙 석촌호수동호점입니다!
2025년 1월 24일 매장 전면 리뉴얼하여 오픈했습니다.
더욱 쾌적하고 깔끔해졌으니 많은 방문 부탁드립니다 :)",,설빙 석촌호수점,雪冰石村湖支
설빙 송파방이점,蘇爾賓松巴邦宜分店,빙수,刨冰,영업 전,10,6,서울 송파구 오금로11길 24 2층,首爾市松坡區五錦路11街24號2樓,몽촌토성역 3번 출구에서 436m,距夢村城站3號出口436米,영업 전 11:00에 영업 시작,070-4136-4450,https://sulbing.com/index.php,"단체 이용 가능,포장,배달,무선 인터넷,남/녀 화장실 구분,유아의자",,"인절미설빙 9900원
팥인절미설빙 10900원
두바이초코설빙 16500원
순수요거생딸기설빙 15900원
애플망고치즈설빙 14500원
깨먹는THE돼지바설빙 14900원
생딸기요거초코볼설빙 16500원","年糕雪堡 9,900 韓元

紅豆年糕雪堡 10,900 韓元

杜拜巧克力雪堡 16,500 韓元

純優格鮮草莓雪堡 15,900 韓元

蘋果芒果起司雪堡 14,500 韓元

芝麻豬條雪堡 14,900 韓元

鮮草莓優格巧克力球雪堡 16,500 韓元","방이동 금별맥주 2층에 설빙이 생겼다. 방이동 특성상 주점만 많지, 카페는 자리가 모자를 정도. 늘상 그득그득 차는 실정인데 설빙이 그 자리를 치고 들어왔다. 심지어 2층이라 넓다. 그리고 신장개업이라 깔끔하다. 빙수 하나에 만원 돈 안하니까 굳이 하루에 할당량 채운 커피 말고 빙수 먹기 좋겠다. 물론 커피도 판매한다. 이상하게 빙수는 겨울엔 추워서 땡기고, 여름엔 더워서 땡기는 듯 하다. 남녀화장실 분리. 여성 고객 많을 테니 섬세함이 돋보인다. 인절미설빙 9,900 7,000 오픈이벤트로 인절미 설빙이 7천원이다. 원래도 9,900원이라 비싼 편은 아니지만 약 30 엄청난 할인율이다. 인절미빙수뿐 아니라 인절미토스트도 하나 주문한다. 한국식 디저트라 방금 밥 먹고 왔는데 부담없이 넘어간다. 가운데에 떡이 있어서 재미난 식감. 진짜 인절미를 먹는 듯 하다. 초코츄러스. 갓 튀긴 츄러스에 초코까지 바르면 게임 끝이지. 가장 인기 많았던 메뉴다. 인절미 빙수 먹고 있으니 맛 보라며 가져다 주신 팥. ㅎㅎㅎ 이거 첫 방문 손님이라고 내주셨는데 참 달지 않고 맛있더라. 확실히 빙수는 팥이 필요하긴 해?
안녕하세요! 잠실 방이동 쪽은 술집은 많은데 은근히 빙수 가게가 없단말이죠,, 설빙 먹으려면 석촌호수 건너 갔어야 했는데 완전 최근에 방이동 쪽에도 설빙이 오픈했더라구요!! 신상 맛집 다녀와봤답니다 내돈내산 후기입니다 외관 정보 금별맥주 2층에 위치해 있어요 위치 : 송파구 오금로 11실 24 주차 불가 영업시간 : 11시 24시 잠실 방이먹자골목 특성상, 주차는 어려운점 참고해주시면 좋을 것 같아요! 설빙 송파방이점 오픈 이벤트도 진행을 했었는데 지금은 마감된 상태인 것 같더라구요 꽝없는 룰렛 이벤트는 지금도 하고 있는지 정확하게는 모르겠는데요, 다음번 주문에 사용하실 수 있답니당 계단 통해서 2층으로 올라가보았어요! 내부 새로 만들어져서 그런지 정말 정말 깨끗한 내부에 놀랐어요! 좌석도 꽤나 많았구요 완전 새 매장 냄새가 가득해서 엄청 신기했답니다 ㅎㅎㅎ 생각보다 좌석 수가 많았고 매장 특성상 약간 테이블이 붙어 있는 구조였어서 조용하지는 않아요. 조용한 대화 원하시는 분들에게 참고가 되셨으면 좋겠어요! 여느 설빙과 같이 커피와 차, 라떼, 에이드, 스무디까지 다양한 음료 메뉴들을 판매하고 있어서 커피와 디저트 드시고 싶으신 분들에게도 좋은 선택인 방이동 카페랍니다 아메리카노 3,900원 라떼 4,500원 아이스티 3,000원 플레인요거트스무디 5,500원 그린티라떼 4,500원 등으로 커피 가격도 생각보다 괜찮네요?! 그 정체성답게 다양한 빙수 메뉴들을 판매하고 있었던 방이동 설빙인데요 대표 메뉴들은 아래와 같아요 인절미 9.9 팥인절미 10.9 두바이초코 16.5 순수요거생딸기 15.9 애플망고치즈 14.5 깨먹는the돼지바 14.9 생딸기요거초코볼 16.5 다양한 토핑도 고르실 수 있어요. 두바이초코설빙 유명한 두쫀쿠를 연상시키는 설빙만의 두바이초코설빙..! 피스타치오와 카다이프가 생각보다는 더 많이 올라가 있었구요 생크림, 그리고 바닐라 아이스크림 그 위는 초코 코팅이 되어 있었습니다 피스타치오분태를 추가할 수 있다고 해서 혹시 그런 고소한 맛을 좋아하시면 분태 추가하시는 것도 좋을 것 같아요! 리얼카다이프 토핑도 따로 있는 것 같아요. 생각보다 비주얼도 두쫀쿠와 비슷하고 다양한 재료를 시원한 우유 빙수와 같이 먹는 그런 느낌이라 색달랐습니다 뭔가 핵심 재료는 다 들어가 있는데,, 결과는 빙수인 그런 느낌이었어요 ㅎㅎ 점바점이 심하다던데, 잠실 방이점은 새로 만들어져서 그런지 보기에도 예쁘고 맛도 괜찮았답니다. 눈꽃빙수 두바이초코층이 겹겹이 있어서...","Sulbing 刨冰店在方義洞金碧啤酒二樓開幕了。方義洞酒吧林立，但咖啡館總是人滿為患，座位不足。 Sulbing 的出現恰好填補了這一空缺。由於位於二樓，店內空間也相當寬敞。作為一家新店，店內非常乾淨整潔。一份刨冰的價格不到 10,000 韓元，因此比起我平常為了滿足每日咖啡攝取量而點的咖啡，Sulbing 是個不錯的選擇。當然，他們也出售咖啡。奇怪的是，我似乎在冬天因為寒冷而想吃刨冰，在夏天因為熱而想吃。男女洗手間是分開的。考慮到這裡很可能有很多女性顧客，這種細緻周到的設計尤其值得稱道。一份「年糕刨冰」（Injeolmi Sulbing）的價格是 9,900 韓元，但作為開幕活動，特價 7,000 韓元。原價9900韓元，不算貴，現在更是打了七折，折扣力道相當大。我點了一份年糕吐司和年糕刨冰。因為是韓式甜點，所以即使剛吃過飯，吃起來也很輕鬆。中間的年糕口感豐富，吃起來就像真的在吃年糕一樣。巧克力吉事果。新鮮出爐的吉事果淋上巧克力－簡直完美！這是菜單上最受歡迎的單品。我吃年糕刨冰的時候，他們還送了我一些紅豆泥嚐嚐。哈哈。因為我是第一次來，所以他們送了我紅豆沙，紅豆沙甜度適中，味道也很好。刨冰真的需要紅豆泥嗎？

你好！蠶室芳宜洞一帶酒吧很多，但令人驚訝的是，刨冰店卻不多……以前想吃雪冰還得過石村湖，不過最近芳宜洞新開了一家雪冰店！我去這家新晉網紅店探店了。這篇測評是我自己花錢寫的。店面資訊：位於金碧啤酒二樓。地址：松坡區五錦路11街24號。無停車位。營業時間：上午11:00至凌晨12:00。請注意，由於蠶室芳宜美食街的特殊性，停車非常困難！雪冰松坡芳宜分店之前曾舉辦過開幕活動，但似乎已經結束了。我不確定「穩賺不賠」的輪盤活動是否還在進行，但你可以下次點餐時使用。我是走樓梯上到二樓的！或許是因為店內是新裝潢的，乾淨得讓我驚喜！座位很多，而且瀰漫著新店特有的氣息，感覺很棒。由於座位比我想像的要多，加上店鋪佈局的原因，桌子擺放得比較近，所以店裡並不算安靜。希望這能幫到那些想找個安靜地方聊天的人！和其他Sulbing分店一樣，這裡也提供各種飲品，包括咖啡、茶、拿鐵、冰沙和奶昔，對於既想喝咖啡又想吃甜點的人來說，是個不錯的選擇。美式咖啡3900韓元，拿鐵4500韓元，冰茶3000韓元，原味優格奶昔5500韓元，抹茶拿鐵4500韓元，咖啡的價格其實相當合理！當然，這家位於芳宜洞的Sulbing也提供各種刨冰。招牌產品如下：年糕 9.9，紅豆年糕 10.9，杜拜巧克力 16.5，純優格鮮草莓 15.9，蘋果芒果起司 14.5，脆皮豬造型冰棒 14.9，以及鮮草莓優格巧克力球 16.5。您也可以選擇各種配料。杜拜巧克力刨冰是Sulbing的特色版本，讓人想起著名的「Dujjonku」！上面的開心果和卡塔伊夫比我想像的要多，還有鮮奶油和香草冰淇淋，全部裹上了巧克力。聽說還可以加碎開心果，如果您喜歡堅果的味道，我推薦您加！似乎還有單獨的正宗卡塔伊夫配料可供選擇。它的視覺效果比我想像的更像Dujjonku，而且很特別，感覺像是在清爽的牛奶刨冰上吃各種食材。感覺所有關鍵食材都齊了，結果做出來的卻是刨冰，哈哈。聽說不同分店的刨冰差異很大，不過可能是因為Jamsil Bangi這家分店是新開的，所以看起來很漂亮，味道也不錯。雪花刨冰裡有好幾層杜拜巧克力…","1월 30일 오픈 예정인 설빙 송파방이점입니다.
달콤한 디저트와 소담한 공간으로 다채로운 행복을 전합니다.",,설빙 석촌호수점,雪冰石村湖支
설빙 송파헬리오시티점,蘇爾賓松巴赫利奧城分店,빙수,刨冰,영업 전,941,50,서울 송파구 가락로12길 4 2층,首爾特別市松坡區可樂路12街4號2樓,송파역 4번 출구에서 739m,距松坡站4號出口739米,영업 전 11:00에 영업 시작,02-413-2514,,,,"인절미설빙 9500원
초코브라우니 설빙 12900원
그린티초코설빙 11500원
치즈설빙 12900원
인절미토스트 4800원
모짜렐라인절미토스트 5800원
허니버터브레드 5800원
쌍쌍치즈가래떡 4300원
한입쏙붕어빵 2900원","年糕雪堡 9,500 韓元

巧克力布朗尼雪堡 12,900 韓元

抹茶巧克力雪堡 11,500 韓元

芝士雪堡 12,900 韓元

年糕吐司 4,800 韓元

馬蘇里拉年糕吐司 5,800 韓元

蜂蜜奶油麵包 5,800 韓元

雙層起司煎餅 4,300 韓元

一口大小的飛天小麵包 2,900 韓元","설빙 두바이빙수 총정리! 가격, 칼로리, 배달 솔직후기까지 글,사진 츄베리 안녕하세요, 츄베리입니다. 두바이에 미친 자, 줄여서 두친자. 오늘도 두바이 디저트 하나 더 정복하고 왔어요. 오늘 소개해드릴 메뉴는 바로 설빙에서 출시한 두바이빙수입니다. 의외로 설빙은 두바이 유행을 빠르게 반영해서 작년 11월쯤에 이미 두바이빙수를 출시했더라고요. 다만, 마케팅을 크게 하지 않아서인지 다른 두바이 디저트보단 덜 알려진 느낌이 있어요. 그래서 이번에는 다른 두바이 디저트와도 비교하며 솔직 후기 알려드릴게요! 먼저 동영상으로 확인해보세요! 목차 01. 설빙 두바이빙수 파는곳, 가격은 ? 02. 설빙 두바이빙수 칼로리(영양성분)는? 03. 두바이빙수 기본 구성 04. 설빙 두바이 빙수 그 맛은? 05. 총평 01. 설빙 두바이빙수 파는곳, 가격은 ? 저는 설빙 송파헬리오시티점에서 두바이빙수를 주문했습니다. 현재 전국 설빙 매장에서 판매중이라, 주문자체는 어렵지 않게 가능했어요. (두켓팅 하지 않아도 됩니다 !) 설빙 두바이빙수 가격은 매장기준으로는 16,500원 배달기준으로는 17,500원이었어요. 배달로 주문하면 1,000원 더 비싸더라고요. 2. 설빙 두바이빙수 칼로리(영양성분)는? 프랜차이즈 두바이 디저트를 먹을때마다 제가 꼭 확인하는게 있어요. 바로 칼로리(영양성분) 입니다. 지금까지 먹어본 와플대학 두바이와플, 던킨 두바이도넛도 예상대로 다 높은편이었는데요. 이번 설빙 두바이빙수 역시 어마무시한 칼로리는 피해갈 수 없더라고요. 무려 칼로리 1260kcal 에 당류 95g ! 절대 혼자서는 못 먹을 것 같은 영양성분이죠. (그렇지만 먹는게 바로 저에요) 설빙 두바이초코빙수 영양정보 열량(Kcal) 당류(g) 단백질(g) 포화지방(g) 나트륨(mg) 1260 95 19 36 270 3. 두바이빙수 기본 구성 저는 평소에 설빙을 배달로 자주 시켜 먹는 편은 아니에요. 요아정은 그렇다쳐도 이상하게 설빙은 배달로는 손이 안 가더라고요. 그런데 이번 두바이 빙수는 뚜껑을 열자마자 의외로 비주얼이 너무 좋아서 놀랜 거 있죠. 코코아파우더가 빙수 전체적으로 덮혀있고 그위엔 피스타치오 스프레드와 카다이프가 올라가 있습니다. 가운데에는 바닐라 아이스크림 한 스쿱, 그 위에는 초코소스까지더해져서 비주얼이 매장에서 먹는거나 다름없이 느껴질 정도로 좋았어요. 4. 설빙 두바이 빙수 그 맛은? 설빙 두바이빙수 단면을 보면 눈꽃얼음 사이에 카카오파우더와 카다이프가 한겹 깔려있는 모습을 볼 수 있었는데요. 우선 윗면이 아닌 밑면만 그냥... 
팥은 싫지만 여름이 왔으니 팥빙수는 먹고 싶다는 심이. 동네에 있는 맛난 빙수 집에 가려고 했지만 다들 일찍 문을 닫는 관계로 밤 9시에 설빙 송파헬리오시티점까지 슝하고 달렸다. 널찍한 내부. 역시 헬리오시티점답구나. 테라스도 마련되어 있다. -설빙 송파헬리오시티점 영업시간: 11:00-23:00 지점마다 영업시간이 모두 상이하니 확인하고 가자 갈 때마다 놀라는 점은 설빙에 메뉴가 정말 많다는 것. 떡볶이도, 파스타도 있다는 점 메론설빙도 있구나. 리얼통통메론설빙, 요거통통메론설빙, 샤인머스켓메론설빙, 딸기치즈메론설빙 팥빙수와 과일 빙수 사이를 고민하는 우리를 위한 메뉴도 있었으니 바로 팥인절미망고 반반설빙! 그 외 다양한 메뉴들. 설빙 딸기 바나나킥 설빙, 로아커더블초코설빙 설빙 메뉴 개발에 진심이구나... 이 모든 게 다 설빙 메뉴입니다 ㅋㅋ 어메이징! 설빙 메뉴 사진! 우리는 고민 없이 팥인절미망고 반반설빙과 인절미토스트를 주문했다. 망고 빙수에 치즈는 일일이 다 골라내는 심이 두 가지 맛 다 즐길 수 있어서 좋았던 설빙 반반 빙수. 팥빙수가 너무 달면 망고가 입안을 산뜻하게 해주니 왔다 갔다 근데 먹다 보면 어느새 추워짐 ㅋㅋ 설빙 인기 사이드 메뉴 쫄깃쫄깃 고소한 인절미토스트! 빙수로 속이 너무 차가울 때 먹어주면 딱 드디어 돌아온 빙수의 계절! 나의 기록이 당신에게 작은 영감이 되길. 공감과 댓글은 지속적인 콘텐츠 업로드에 큰 힘이 됩니다! 설빙메뉴 팥인절미망고반반설빙 설빙메뉴추천 설빙인절미토스트 설빙가격 설빙송파헬리오시티점 송파팥빙수 설빙신메뉴 설빙영업시간 설빙메뉴사진 설빙사이드메뉴 설빙신상 설빙인기메뉴
집근처에 있는 두개의 설빙! 여름에는 자주 갔었는데 아무래도 날씨가 추워지면서 방문빈도가 줄고 있다. 하지만 설빙은 너무나 맛있기 때문에 종종 가려고 노력중이다 ㅋㅋ 두쫀쿠의 열풍과 함께 새롭게 런칭된 두바이 초코 설빙!! 개인적으로 두쫀쿠는 맛있다고 느껴지지 않았는데 요 두바이초코설빙은 그냥 미친 맛이었다. 한그릇 바로 순삭!! 가격은 16500원인데 두쫀쿠가 한개에 8천원정도라 보면 2개 사먹을 돈으로 두바이초코설빙을 하나 먹을 수 있다. 그렇다면 당연히 선택은 두바이 초코설빙이지 ㅋㅋ 설빙 헬리오시티점은 매장이 꽤 넓은데 매장에서 먹는 사람은 그리 많지 않은 것 같다. 쾌적하게 설빙을 즐길 수 있다. 키오스크로 주문하고 기다리니 빠른속도로 만들어 주셨다. 화려한 비쥬얼 만큼이나 화려한 맛 투명한 그릇의 아래를 살펴보면 꽤나 깊은 곳까지 초코가 침투해 있음을 알 수 있다 ㅋㅋ 양도 엄청 많다. 요거 한숟가락 입에 넣으면 바로 천국으로 올라간다. 아랫쪽에 있는 빙수마저.. 요런 상태라 끝까지 맛있게 먹을 수 있다. 완전 최고!! 이곳은 설빙 가락시장역점이다. 지난번에 가락시장 회센터에서 회를 먹고 후식을 먹기위해 방문했었다 ㅋ 이곳의 특징이라면 밤 늦게까지 영업을 한다는 데에 있다. 특히 금요일과 토요일은 새벽 한시까지 영업을 한다 ㅎㅎ 그리고 상권이 좋아서 언제나 많은 사람들로 붐빈다. 구석탱이에 앉아서 화면에 번호가 나오기만을 기다린다. 드디어 번호가 떴고 순수요거 생딸기 설빙이 나왔다. 역시나 훌륭한 맛! 하지만 개인적으로는 두바이초코설빙을 이길 수 없다고 본다 ㅋㅋ 그래도 맛있게 먹었던 딸기 설빙!! 두가지 중에서 고민이 된다면??!! 당연히 두가지 다 먹으면 된다 ㅋㅋ","Sulbing杜拜刨冰完整指南！價格、卡路里及真實測評

文字及圖片：Chuberry

大家好，我是Chuberry。我沉迷於杜拜，或簡稱為「Duchinja」。今天，我又征服了一款杜拜甜點。今天要介紹的是Sulbing推出的杜拜刨冰。令人驚訝的是，Sulbing迅速捕捉到了杜拜的潮流，並在去年11月左右推出了這款產品。然而，或許是因為他們沒有進行太多的市場推廣，這款刨冰似乎不如其他杜拜甜點那麼出名。所以，這次我將分享一份真實的測評，並將其與其他杜拜甜點進行比較！首先，請觀看影片！

目錄
01. Sulbing杜拜刨冰的購買管道及價格

02. Sulbing杜拜刨冰的卡路里（營養成分）是多少？

03. 杜拜刨冰的基本組成

04. Sulbing杜拜刨冰的味道如何？

05. 總體評價
01. 哪裡可以買到雪冰杜拜刨冰？價格如何？

我在雪冰松坡Helio City分店訂購了杜拜刨冰。由於目前雪冰在全國各門市都有販售，所以訂購本身並不難。 （無需提前預訂！）雪冰迪拜刨冰的店內價格為16,500韓元，外送價格為17,500韓元。外送比店內價格貴了1,000韓元。 2. 雪冰杜拜刨冰的卡路里（營養成分）是多少？每次吃連鎖杜拜甜點時，我都會查看一項內容：卡路里（營養成分）。不出所料，我之前吃過的華夫大學迪拜華夫餅和唐恩都樂迪拜甜甜圈的卡路里都比較高。這款雪冰杜拜刨冰也不例外，卡路里含量很高。高達1260千張卡，含糖量高達95克！這樣的營養成分讓人覺得一個人吃根本不可能。 （但這正是我愛吃的）雪冰迪拜巧克力刨冰營養成分錶：卡路里（千卡） 糖（克） 蛋白質（克） 飽和脂肪（克） 鈉（毫克） 1260 95 19 36 270 3. 迪拜刨冰的基本組成 我平時很少點雪冰的外賣。即使撇開Yoajeong不談，不知為何，我就是不想點雪冰的外賣。然而，當我打開這款杜拜刨冰的蓋子時，它的視覺效果卻出乎意料地好。可可粉覆蓋了整片刨冰，上面還淋著開心果醬和卡塔伊夫酥餅。中間放著一球香草冰淇淋，再淋上巧克力醬，看起來如此誘人，感覺就像在店裡吃一樣。 4. 雪冰杜拜刨冰味道如何？從雪冰杜拜刨冰的切面看，可以看到雪花冰層下夾著一層可可粉和卡塔伊夫酥皮。首先，我說的是底部，不是頂部…

西米說她不喜歡紅豆，但夏天到了，她想吃刨冰。我們原本打算去附近一家好吃的刨冰店，但因為都關門很早，所以我們晚上9點去了雪冰松坡Helio City分店。店內空間寬敞，不愧是Helio City分店。這裡還有一個露台。 ——雪冰松坡Helio City分店營業時間：11:00-23:00。各分店營業時間可能有所不同，所以去之前一定要查詢。每次去雪冰，我都會驚訝於它豐富的菜單選擇。除了炒年糕和義面，還有蜜瓜雪冰。正宗通通蜜瓜雪冰、優格通通蜜瓜雪冰、閃耀麝香蜜瓜雪冰、草莓起司蜜瓜雪冰。他們甚至為我們這些在紅豆刨冰和水果刨冰之間猶豫不決的人準備了一份菜單：紅豆年糕芒果雙拼雪冰！還有其他各種各樣的雪冰。草莓香蕉勁爆雪冰、洛克雙倍巧克力雪冰…他們真的非常用心研發菜單…這些都是雪冰的特色菜，哈哈，太棒了！雪冰菜單照片！我們毫不猶豫地點了紅豆年糕芒果雙拼雪冰和年糕吐司。我平常吃芒果刨冰都會把起司挑出來，但這次的雙拼雪冰讓我同時品嚐到了兩種口味，所以我很喜歡。如果紅豆刨冰太甜，芒果可以清爽一下，兩者剛好平衡。但不知不覺中，吃著吃著就覺得冷了，哈哈。雪冰的招牌小點心－嚼勁十足、帶有堅果香氣的年糕吐司！當刨冰吃得太冷的時候，來一份年糕吐司簡直完美。刨冰季終於又回來了！希望我的分享能帶給你一些靈感。按讚和留言是我持續更新內容的動力！雪冰菜單、雪冰紅豆年糕芒果雙拼、雪冰菜單推薦、雪冰年糕吐司、雪冰價格、雪冰松坡Helio City分店、松坡紅豆刨冰、雪冰新品、雪冰營業時間、雪冰菜單圖片、雪冰小食、雪冰新品、雪冰人氣菜品

我家附近有兩家雪冰分店！夏天的時候我常去，但是天氣轉涼之後，去的次數就少了。不過，因為雪冰太好吃了，所以我還是盡量偶爾去吃哈哈。杜拜巧克力雪冰是最近和杜瓊庫一起推出的！我個人覺得杜瓊庫不好吃，但這個杜拜巧克力雪冰簡直好吃到爆。我一下子就吃完了一整碗！ ！價格是16500韓元，考慮到杜瓊庫一個就要8000韓元左右，一個迪拜巧克力雪冰的價格相當於兩個杜瓊庫。這麼說來，杜拜巧克力雪冰顯然是更好的選擇哈哈。雪冰Helio City分店挺寬敞的，但裡面好像沒什麼人。你可以很舒服地享用雪冰。我在自助點餐機上點了餐，然後等了一會兒，他們就飛快地做好了。味道和它的賣相一樣驚艷。如果你仔細看透明碗的底部，你會發現巧克力已經滲透到表面很深了。哈哈。份量超大，一匙下去簡直美味到飛起。就連碗底的刨冰也是這種狀態，所以你可以盡情享受到最後一口。絕對是最棒的！ ！這是Sulbing Garak Market Station分店。上次我在Garak Market Fish Center吃完刺身後，就來這裡吃甜點了。哈哈。這家店的一大特色是營業到很晚。特別是週五和週六，他們會營業到凌晨1點。哈哈。而且，因為附近商業活動非常活躍，所以總是人來人往。我坐在角落等著叫號。終於輪到我了，我的純優格鮮草莓Sulbing上桌了。不出所料，味道很棒！不過，我個人覺得它還是比不上杜拜巧克力Sulbing。哈哈。不過，草莓雪冰真的很好吃！ ！如果你在兩者之間難以抉擇？ ！ ！當然，那就兩個都吃吧！哈哈。",,,설빙 석촌호수점,雪冰石村湖支
설빙 올림픽공원남문점,蘇爾賓奧林匹克公園南門分部,빙수,刨冰,영업 중,255,8,서울 송파구 위례성대로12길 9 2층 202호,首爾市松坡區維利城大路12街9號2樓202室,한성백제역 3번 출구에서 704m,距離漢城百濟站3號出口704米,영업 중 22:40에 라스트오더,0507-1470-8599,https://www.instagram.com/sulbingolpark/,"무선 인터넷,포장,배달,단체 이용 가능,남/녀 화장실 구분,유아의자,대기공간,주차",,"두바이초코설빙 17500원
순수요거생딸기설빙 16900원
팥인절미설빙 11900원
생딸기설빙 14900원
생딸기찐한말차볼설빙 17900원
생딸기요거초코볼설빙 17500원
생딸기초코케이크설빙 22500원
깨먹는THE돼지바설빙 15900원
오레오초코몬스터설빙 14500원
순수요거블루베리설빙 15500원
인절미설빙 10900원
인절미아이스크림설빙 12500원
애플망고치즈설빙 15500원","杜拜巧克力雪糕 17,500 韓元

純優格鮮草莓雪糕 16,900 韓元

紅豆年糕雪糕 11,900 韓元

鮮草莓雪糕 14,900 韓元

鮮草莓抹茶球雪糕 17,900 韓元

鮮草莓優格巧克力球雪糕 17,500 韓元

鮮草莓巧克力蛋糕雪糕 22,500 韓元

芝麻豬棒雪糕 15,900 韓元

奧利奧巧克力怪獸雪糕 14,500 韓元

純優格藍莓雪糕 15,500 韓元

年糕雪糕 10,900 韓元

年糕冰淇淋雪糕 12,500 韓元

蘋果芒果起司雪糕15,500韓元","올림픽공원 근처에 설빙이 새로 생겼대서 갔다 온 후기! 올림픽공원 남문 쪽 스타벅스 골목 위쪽 2층에 위치해있다!!! 설빙 사진이 크게 있어 찾기 쉽다! 오른쪽 입구로 들어가면 되고 엘리베이터도 있다! 화장실이 분리되어있어 좋았고 자리가 진짜 많고 테이블 간격도 넓어서 더 쾌적한 느낌!!! 주방도 넓고 깔끔쓰! 주문은 카운터에서도 가능하고 키오스크로도 가능하다. 설빙 오랜만에 왔더니 메뉴가 엄청 많아졌다ㅋㅋㅋ 반반빙수도 있는데 인절미, 딸기 팥인절미, 딸기 망고, 딸기 인절미, 망고 이렇게 4가지 있었다. 토핑추가도 종류가 많고 다양하다!! 아이스크림도 고르고 소스종류도 추가 가능하고 거의 빙수 커스텀 느낌ㅋㅋㅋ 창가좌석은 탁 트인 느낌이라 좋았다ㅎㅎ 식기는 퇴식구 옆쪽에 있는데 먼지 안 쌓이게 그릇 뒤집어져있고 수저는 린넨 아래에 있는게 센스있는 거 같아 좋았다!! 쨔란 팥인절미 빙수와 딸기 반반빙수 연유는 1개 기본 제공인데 1개 더 추가했지요 아이스크림과 생크림, 딸기 맛없없 조합! 딸기가 가득가득 눈꽃빙수에 연유까지 오랜만에 먹으니 너무 맛있지!!! 팥인절미 빙수!! 인절미가루, 팥, 아몬드, 떡 빙수는 역시 팥빙수!! 하지만 메뉴고르기는 늘 어려우니 반반메뉴가 좋지 반반빙수 선택지가 더 많아지면 좋겠다. 붕어빵은 팥, 슈크림 두가지 있었는데 슈크림으로 픽! 따끈바삭하고 슈크림도 많아 맛있었다! 올림픽공원 산책하고 나서 디저트로 먹기 딱 좋은 설빙! 내돈내산임!
집 근처에 설빙 올림픽공원점이 새로 생겨 언젠가 다녀와야지 하다가, 드디어 방문했어요 집 근처 설빙이라니...설세권 감....(말이 이상하네요 ㅎㅎ) 방이동 쪽 카페 찾다가 들르기 딱 좋은 위치예요 건물 지하에 주차 공간이 있고 대략 8대 정도 주차 가능한 것 같았어요. 다만 주차장이 조금 좁은 편이라 차를 살짝 돌려서 주차해야 하는 번거로움은 있었어요 (운전 잘하는 짝꿍이 알아서 잘 해주었지만 ㅎㅎ) 신상 매장답게 전체적으로 깔끔하고, 매장 규모는 일반적인 설빙 매장과 비슷한 수준이었어요 다만 설빙 특유의 공간이 살짝 울리는 느낌은 여기도 마찬가지더라구요 그래도 테이블 간 간격이 있어서 답답하진 않았어요 주말에 방문했는데 아직 겨울이라 그런지 생각보다 사람은 많지 않았고, 비교적 여유롭게 이용할 수 있었어요 설설빙은 역시 사이드 메뉴가 다양해서 좋은 것 같아요 빙수만 있는 게 아니라 토스트, 디저트, 음료까지 선택지가 많아서 매번 갈 때마다 행복한 고민을 하게 되는 :) 저는 딸기빙수 주문했고, 팥을 좋아해서 팥 추가했어요 역시 설빙은 팥이죠ㅎㅎ 딸기랑 같이 먹으니 얌얌 The EnD","來分享一下我最近去奧林匹克公園附近新開的雪冰（Sulbing）的體驗吧！它位於奧林匹克公園南門附近星巴克巷樓上的二樓！很容易找到，因為門口有一張雪冰的大圖！只要從正確的入口進去，就能坐電梯上去！我很喜歡它獨立的洗手間，而且座位很寬敞，桌子之間的距離也很寬，感覺非常舒適！廚房也很寬敞整潔！你可以在櫃檯點餐，也可以用自助點餐機。我已經有一段時間沒去雪冰了，所以菜單上的選擇豐富了很多哈哈。他們現在還有“雙拼冰沙”，有四種口味：年糕、草莓紅豆年糕、草莓芒果、草莓年糕和芒果。配料也很多！你可以選擇自己喜歡的冰淇淋口味，再加一些醬料，感覺就像在訂製專屬冰沙一樣哈哈。靠窗的座位很棒，感覺很開闊明亮，哈哈。餐盤就放在餐具回收區旁邊；我喜歡他們貼心的把盤子倒扣著放，防止灰塵，湯匙也放在餐巾下面！鏘鏘！紅豆年糕刨冰和草莓雙拼刨冰。預設提供一份煉乳，但我又加了一份。冰淇淋、奶油和草莓——這組合永遠不會出錯！雪花刨冰裡滿滿都是草莓和煉乳——好久沒吃了，真是太美味了！ ！ ！紅豆年糕刨冰！ ！刨冰裡有年糕粉、紅豆、杏仁和年糕，紅豆絕對是刨冰的最佳夥伴！ ！不過，點菜總是很糾結，所以雙拼刨冰是個不錯的選擇。要是雙拼刨冰的口味能再多一些就好了。泡泡餅有兩種口味：紅豆餡和卡仕達餡，我選了卡仕達餡的！餅皮酥脆溫熱，卡仕達餡料也給很多——真是太美味了！在奧林匹克公園散步之後，來一份雪冰甜點簡直完美！這可是我自己掏錢買的！

我家附近新開了一家雪冰奧林匹克公園分店，我一直想去嚐嚐，終於有機會去了。雪冰就在我家附近……我簡直身處雪冰的「地盤」……（聽起來有點怪怪的，哈哈）。如果你在方宜洞附近找咖啡館，這家店的位置絕對值得一去。大樓地下有停車場，看起來可以停8輛車左右。不過，停車場比較窄，所以停車的時候需要掉頭，稍微有點不方便（但我的伴侶開車技術超棒，完美解決了這個問題，哈哈）。正如預期的那樣，這家新店整體很乾淨，大小也和一般的雪冰店差不多。不過，雪冰特有的那種略帶回音的氛圍在這裡也存在。但好在桌子之間的距離夠大，所以不覺得擁擠。我是週末去的，可能是因為還是冬天，人沒有我想像的那麼多，所以我可以比較悠閒地享受用餐體驗。我特別喜歡雪冰，因為它的配菜選擇非常豐富。不只是刨冰，還有很多吐司、甜點和飲料之類的選擇，所以每次去都讓我糾結不已 :) 我點了草莓刨冰，因為我喜歡紅豆沙，所以又加了一份。畢竟，雪冰的精髓就在於紅豆沙嘛哈哈。和草莓一起吃，味道真是太棒了。","*클린하고 안전한 설빙 올림픽공원남문점*
송파구 방이동 학원가와 올림픽공원남문점 건너편에 위치하고 있어서 학생분들 그리고 가족 모두
편안하게 다녀가실 수 있습니다
멀리서 오시는 관람객분들도 대환영이에요

EVENT: 티켓 소지 시 커피 무료!
올림픽공원 공연 티켓 제시 -> 매장 이용 고객 아메리카노 1잔 FREE

SPACE:쾌적한 홀 ,무료주차 가능

RENTAL: 각종 이벤트 카페 환영

아이돌/배우/애니 등 장르 불문 생일카페
이벤트카페 가능
분리된 공간에서 행사 진행 최적화
대관문의07077978599

넓은 좌석과 맛있는 설빙 그리고 특별한 혜택이 있는 올림픽공원남문점으로 놀러 오세요!

Clean and Safe Sulbing Olympic Park South Gate
Located across from the Bangi-dong academy district in Songpa-gu and Olympic Park south gate, it is a comfortable place for students and families.
Visitors from far places are also more than welcome!

EVENT: Free coffee with a ticket!
Present your Olympic Park performance ticket -> Get 1 FREE Americano for customers using the shop.

SPACE: Pleasant hall, free parking available

RENTAL: Welcoming various event cafe inquiries

Birthday cafes for idols/actors/anime, regardless of genre.

Optimized for hosting events in a separate space.

Rental Inquiries: 070-7797-8599

Come visit Sulbing Olympic Park south gate for spacious seating, delicious Sulbing, and special benefits!",,설빙 석촌호수점,雪冰石村湖支
설빙 가락시장역점,蘇爾賓加拉克市場站分店,빙수,刨冰,영업 전,2439,189,서울 송파구 중대로 109 지상2층,首爾特別市松坡區中大路109 2樓,가락시장역 4번 출구에서 151m,距離加拉克市場站4號出口151米,영업 전 11:00에 영업 시작,02-430-0555,,"무선 인터넷,단체 이용 가능,포장,배달,남/녀 화장실 구분,주차",,"하겐다즈딸기설빙 15900원
생딸기트리설빙 15500원
순수요거생딸기설빙 15500원
프리미엄생딸기설빙 15500원
생딸기설빙 13500원
팥인절미설빙 10500원
애플망고치즈설빙 13900원
인절미아이스크림설빙 10900원
인절미설빙 9500원
킹망고설빙 14900원
치즈설빙 12900원
하겐다즈초코설빙 13500원
초코브라우니설빙 12900원
리얼그린티설빙 11500원
그린티초코설빙 11500원
로제떡볶이 4900원
베이컨크림스파게티 5800원
티라미수설빙 13900원
오레오초코몬스터설빙 12900원
한입쏙붕어빵 2900원
바바리안크림츄러스 2900원
쌍쌍치즈가래떡 4300원
인절미토스트 4800원
모짜렐라인절미토스트 5800원
허니버터브레드 5800원
통통새우볶음밥 5800원
인절미크로플 3900원
꽈배기(오리지널인절미초코) 2000원
반숙김치볶음밥 5800원
매콤떡볶이 4500원
토마토스파게티 5800원
애플망고치즈설빙 15500원
팥인절미설빙 11900원
순수요거생딸기설빙 16900원
팥인절미망고 반반설빙 17500원
인절미망고 반반설빙 16500원
인절미아이스크림설빙 12500원
인절미설빙 10900원
오레오초코몬스터설빙 14500원
치즈설빙 13900원
초코브라우니설빙 14500원
인절미생딸기 반반설빙 17500원
팥인절미생딸기 반반설빙 18500원
생딸기 요거초코볼 설빙 17500원
깨먹는 THE 돼지바설빙 15900원
스윗캔디구슬설빙 15500원
초코바닐라구슬설빙 15500원
생딸기찐한말차볼설빙 17900원
애플망고생딸기반반설빙 19900원
생딸기설빙(찹쌀떡) 14900원
생딸기설빙(바닐라) 14900원
순수요거블루베리설빙 15500원
두바이초코설빙 17500원
달콤매콤세트 19400원
인절미세트 18600원
크로플망고세트 21900원
크로플망고세트 21900원
한입쏙붕어빵(피자) 3300원
한입쏙붕어빵(팥) 2900원
한입쏙붕어빵(슈크림) 2900원
딥초코츄러스 2900원
바바리안크림츄러스 2900원
매콤떡볶이 4900원
로제떡볶이 4900원
인절미토스트 4800원
모짜렐라인절미토스트 5800원
국내산 통단팥죽 6200원
꿀떡꼬치 3900원
허니버터브레드 5800원
쌍쌍치즈가래떡 4300원
꿀호떡 2200원
인절미꿀호떡 2900원
플레인크로플 3500원
인절미크로플 3900원
초코크로플 3900원
치즈크로플 3900원
생딸기허니브레드 6800원
생딸기크로플 4300원
생딸기찹쌀떡(토핑) 2200원
티라미슈 3900원
플레인크로플 3500원
초코크로플 3900원
인절미크로플 3900원
치즈크로플 3900원
반숙김치볶음밥 5800원
통통새우볶음밥 5800원
연유소스 500원
딸기소스 1000원
망고소스 1000원
인절미떡 2000원
큐브치즈케이크 2500원
팥앙금 1500원
초코소스 1000원
블루베리쨈 1000원
브라우니 2000원
인절미가루 1000원
생크림 1000원
찹쌀떡 1000원
시리얼 1000원
프리미엄망고요거트아이스크림 2500원
프리미엄 요거트아이스크림 2500원
프리미엄 바닐라아이스크림 2500원
프리미엄 녹차아이스크림 2500원
애플망고 2000원
돼지바크런치 2000원
달칩 500원
현미크런치 1000원
바삭마시멜로우(토핑) 2000원
하겐다즈딸기아이스크림(2스쿱) 4500원
연유라떼 4900원
아메리카노(일반) 3900원
바닐라라떼 4900원
카페라떼 4500원
핫초코 4500원
사발식혜 4300원
애플망고에이드 4800원
허니자몽에이드 4800원
생생레몬에이드 4800원
말차라떼 4800원","哈根達斯草莓雪寶 15,900 韓元

鮮草莓樹雪寶 15,500 韓元

純優格鮮草莓雪寶 15,500 韓元

特級鮮草莓雪寶 15,500 韓元

鮮草莓雪寶 13,500 韓元

紅豆年糕雪寶 10,500 韓元

蘋果芒果起司雪寶 13,900 韓元

年糕冰淇淋雪寶 10,900 韓元

年糕雪寶 9,500 韓元

芒果王雪寶 14,900 韓元

芝士雪寶 12,900 韓元

哈根達斯巧克力雪寶 13,500 韓元

巧克力布朗尼雪寶 12,900 韓元韓元

正宗綠茶雪餅 11,500 韓元

綠茶巧克力雪餅 11,500 韓元

玫瑰炒年糕 4,900 韓元

培根奶油義大利麵 5,800 韓元

提拉米蘇雪餅 13,900 韓元

奧利奧巧克力怪獸雪餅 12,900 韓元

小份飛魚餅 2,900 韓元

巴伐利亞奶油吉事果 2,900 韓元

雙層起司煎餅 4,300 韓元

年糕吐司 4,800 韓元

馬蘇里拉年糕吐司 5,800 韓元

蜂蜜奶油麵包 5,800 韓元

鮮蝦炒飯 5,800 韓元

年糕酥皮蛋糕 3,900 韓元

扭扭甜甜圈（原味）巧克力年糕 2,000 韓元

泡菜炒飯 5,800 韓元

辣炒年糕 4,500 韓元

番茄義大利麵 5,800 韓元

蘋果芒果起司雪糕 15,500 韓元

紅豆年糕雪糕 11,900 韓元

純優格鮮草莓雪糕 16,900 韓元

紅豆芒果年糕雪糕 17,500 韓元

芒果年糕雪糕 16,500 韓元

冰淇淋年糕雪糕 12,500 韓元

年糕雪糕 10,900 韓元

奧利奧巧克力怪獸雪糕 14,500 韓元

起司雪糕 13,900 韓元韓元

巧克力布朗尼雪餅 14,500 韓元

鮮草莓年糕雪餅 17,500 韓元

紅豆年糕鮮草莓年糕雪餅 18,500 韓元

鮮草莓優格巧克力球雪餅 17,500 韓元

可碎小豬造型雪餅 15,900 韓元

甜糖珠雪餅 15,500 韓元

巧克力香草珠雪餅 15,500 韓元

鮮草莓抹茶球雪餅 17,900 韓元

蘋果芒果鮮草莓年糕雪餅 19,900 韓元

鮮草莓雪餅（草莓年糕） 14,900 韓元

鮮草莓雪餅香草口味：14,900 韓元

純優格藍莓雪寶：15,500 韓元

杜拜巧克力雪寶：17,500 韓元

甜辣套餐：19,400 韓元

年糕套餐：18,600 韓元

芒果可頌套餐：21,900 韓元

芒果可頌套餐：21,900 韓元

迷你蝴蝶酥（披薩）：3,300 韓元

迷你蝴蝶酥（紅豆）：2,900 韓元

迷你蝴蝶酥（奶油泡芙）：2,900 韓元

濃鬱巧克力吉事果：2,900 韓元

巴伐利亞奶油吉事果：2,900 韓元

辣炒年糕：4,900 韓元

玫瑰炒年糕4,900 韓元

年糕吐司 4,800 韓元

馬蘇里拉年糕吐司 5,800 韓元

國產紅豆粥 6,200 韓元

蜂蜜年糕點串 3,900 韓元

蜂蜜奶油麵包 5,800 韓元

雙層起司糖餅 4,300 韓元

蜂蜜糖餅 2,200 韓元

年糕蜂蜜糖餅 2,900 韓元

原味可頌 3,500 韓元

年糕可頌 3,900 韓元

巧克力可頌 3,900 韓元

芝士可頌 3,900 韓元

鮮草莓蜂蜜麵包 6,800 韓元

鮮草莓可頌 4,300 韓元

鮮草莓糯米飯蛋糕（配料）2,200 韓元

提拉米蘇 3,900 韓元

原味可頌 3,500 韓元

巧克力可頌 3,900 韓元

年糕可頌 3,900 韓元

芝士可頌 3,900 韓元

泡菜炒飯 5,800 韓元

鮮蝦炒飯 5,800 韓元

煉乳醬 500 韓元

草莓醬 1,000 韓元

芒果醬 1,000 韓元

年糕 2,000 韓元

方塊起司蛋糕 2,500 韓元

紅豆沙 1,500 韓元

巧克力醬 1,000 韓元

藍莓醬 1,000 韓元

布朗尼 2,000 韓元韓元

年糕粉 1,000 韓元

鮮奶油 1,000 韓元

薄脆年糕 1,000 韓元

麥片 1,000 韓元

特級芒果優格冰淇淋 2,500 韓元

特級優格冰淇淋 2,500 韓元

特級香草冰淇淋 2,500 韓元

特級抹茶冰淇淋 2,500 韓元

蘋果芒果冰淇淋 2,000 韓元

豬仔脆脆 2,000 韓元

豆片 500 韓元

糙米脆脆 1,000 韓元

脆皮棉花糖（配料） 2,000 韓元

哈根達斯草莓冰淇淋（2 球） 4,500 韓元

煉乳拿鐵 4,900 韓元

美式咖啡（普通） 3,900 韓元已售出

香草拿鐵 4900 韓元

咖啡拿鐵 4500 韓元

熱巧克力 4500 韓元

Sabal Sikhye 4300 韓元

蘋果芒果汁 4800 韓元

蜂蜜西柚汁 4800 韓元

鮮檸檬汁 4800 韓元

抹茶拿鐵 4800 韓元","순수요거생딸기설빙 제철 딸기와 겨울에 먹는 설빙의 만남 안녕하십니까? 겨울에 딸기 들어간 디저트를 좋아하는 상남자 순몽 남편입니다. 오늘은 설빙 배달을 시킨 후기를 남기려고 해요. 그런데 설빙! 메뉴가 엄청 많잖아요. 그래서 겨울에 제철인 딸기가 왕창 들어간 달달한 설빙 배달 메뉴 추천하려고 해요. 오늘 소개드릴 설빙 배달 메뉴는 순수요거생딸기설빙 입니다. 순수요거생딸기설빙 저는 이번에 배민클럽을 가입한 기념으로 배민을 사용해서 최애 설빙집인 가락시장역점으로 주문을 해보았어요. 그 중에서 인기 2위인 오늘의 타겟. 순수요거생딸기설빙 노려보겠습니다! 순수요거생딸기설빙 배달 주문 가격은 16,900원이에요. 요거트 아이스크림이 올라가고 그 위에 생딸기가 잔뜩 올라가는 빙수랍니다. 빠르게 주문 완료하였습니다. 후후... 베리머치설빙. 얼른 그 문을 열어보겠습니다. 매장 가지 않아도 설빙을 이렇게 집에서 즐기다니 세상이 참 좋아졌어요. 먼저 눈에 띄는건 전 요거트 아이스크림이더라구요. 요거트아이스크림은 세덩이가 큼직하게 들어가 있어요. 허허... 참... 칼로리 생각하게 되더라구요. 순수요거생딸기설빙 칼로리는 930kcal 입니다. 단백질도 16g 들었으니 근성장 도움되겠죠? 하하... 다음에 보이는건 딸기였어요. 사실 주인공이 딸기인데 아이스크림부터 보이는건 넘 예쁘게 담으셨더라구요. 개인적으로 가락시장점이 좀 잘하더라구요. 가운데 콕 박힌 딸기 하나와 주변의 딸기들... 생딸기 토핑 양도 꽤 괜찮았어요. 설빙 배달 시키면 항상 연유가 오더라구요. 어차피 먹을거 길티하게 즐겨보려구요. (그래도 다 넣진 않았어요... ) 연유뿌리니까 진짜 맛있어보였어요. 이 날이 되게 지치는 하루였는데 나름의 보상이랄까요? 얼른 즐겨볼게요! 오호호... 요거트아이스크림과 생딸기! 참고로 딸기는 통딸기는 아니고 반쪽으로 나눠서 들어가 있어요. 너무 맛있어요... 한입만에 힘이 솟는 느낌이랄까요? 어지간한 딸기케이크보다 더 낫더라구요. 참 설빙은 기분좋게 하는데 드는 가성비가 좋아요. 겉에는 생딸기 토핑이구요. 안에는 냉동딸기채? 딸기절임? 이 들어가 있어요. 이것도 맛있어요. 혹시 이게 뭔지 아신다면 알려주세요..! 참고로 빙수는 아이스크림 아래 깔려있어요. 단돈 16,900원으로 즐기는 생딸기 빙수인데요. 개인적으로 질리지도 않고 딸기의 상큼함이 끝까지 유지되는 빙수라서 무척이나 마음에 들었어요. 달달함으로 기력회복하실때 설빙에서 순수요거생딸기설빙 배달해서... 
설빙 신메뉴 추천 두바이초코빙수 가격, 포장 후기 안녕하세요! 오늘은 요즘 디저트계의 가장 뜨거운! (살짝 지난 ㅎㅎㅎ) 두바이 초콜릿! 의 영향을 받아 출시된 설빙의 신메뉴 후기를 들고 왔습니다! 바로 설빙 두바이빙수 (정식 명칭: 두바이 초코 설빙)인데요! 저는 이번에 집 근처인 가락시장에 위치한 설빙 가락시장역점에 방문해서 포장해왔어요. 평소 두바이 쫀득 쿠키나 초콜릿을 좋아하셨던 분들이라면 눈여겨보실 만한 신상! 지금부터 아주 상세하게 리뷰해 드릴게요. 1. 설빙 가락시장역점 방문 및 분위기 제가 이번에 설빙 두바이빙수를 맛보기 위해 찾은 곳은 가락시장역 인근에 위치한 매장입니다! 이곳은 평소에도 접근성이 좋아 인근 직장인분들이나 가족 단위 손님들이 많이 찾는 곳이죠. 저희는 저녁(밤)에 포장하러 가서 마감 직전이라 손님은 없더라고요! 오히려 여유롭게 메뉴를 고를 수 있어서 더 좋더라고요. 저희는 원래 다른 맛 초코빙수를 먹으려고 했는데 두바이초코빙수 보고 바로 픽했어요 ㅋㅋ 2. 메뉴 가격 및 토핑 정보 카운터에 가서 키오스크를 확인해 보니, 설빙 두바이빙수의 가격은 16,500원이었습니다. 기본 인절미빙수가 9,900원인 것에 비하면 확실히 프리미엄 라인이라는 게 느껴지는 가격대예요. 하지만 요즘 두바이 쫀득 쿠키 하나에 8,000원씩 하는 사악한 물가를 생각하면, 이 정도 양의 빙수가 16,500원이라는 건 오히려 가성비가 좋게 느껴지기도 했어요 ㅎㅎ 참고로 매장별로 카다이프 토핑을 추가할 수 있는 곳도 있다고 하니, 바삭한 식감을 극대화하고 싶은 분들은 토핑 추가를 추천드려요! 저는 추가없이 주문했어용. 3. 비주얼 및 구성 상세 분석 드디어 주문한 설빙 두바이빙수가 등장했습니다! 집에 진짜 빨리 달려가고 싶었어요!!! 집에 도착하자마자 오픈했어요 ㅎㅎ 비주얼은 일단 합격점이었어요! 상단에는 진한 초코 코팅이 된 바닐라 아이스크림 한 스쿱이 듬뿍 올라가 있고, 그 주변을 피스타치오 소스와 카다이프, 초코 분말이 감싸고 있습니다! 참고 포스팅에서도 언급되었듯, 이 메뉴는 점바점(매장별 차이)이 좀 있다고 해서 걱정했는데, 가락시장점은 피스타치오 소스와 초코의 밸런스가 좋았어요! 아래쪽으로는 설빙 특유의 고운 눈꽃빙수가 층층이 쌓여 있고, 그 사이사이에도 초코층과 카다이프가 숨어 있어 마지막까지 심심하지 않게 먹을 수 있는 구조였어요. 4. 설빙 두바이빙수 본격 맛 평가 가장 중요한 맛은 어떨까요? 한 입 먹자마자 느낀 점은 식감이 넘 좋다!라는...","純優格鮮草莓雪冰：冬日草莓與雪冰的完美邂逅。大家好！我是Sunmong的老公，一個冬天最愛草莓甜點的男人。今天，我來分享一下雪冰外送的評測。不過雪冰的菜單選擇真的很多，大家也知道。所以，我想推薦一款以當季草莓為主題的甜蜜雪冰外帶。今天要介紹的雪冰外帶是純優格鮮草莓雪冰。為了慶祝加入Baemin Club，我用Baemin從我最愛的雪冰店－嘉樂市集站分店訂餐。今天的目標是其中排名第二的熱門單品——純酸奶鮮草莓雪冰！純優格鮮草莓雪冰的配送費是16,900韓元。這是一款在刨冰上淋上優格冰淇淋，再堆滿新鮮草莓的甜點。我迅速完成了訂單。呵呵……真是太像雪冰了。趕緊打開吧。世界真的變得更美好了，不用出門就能在家享用雪冰。首先映入眼簾的是優格冰淇淋。足足有三大匙。哈哈……嗯……這讓我不禁開始思考卡路里。純優格鮮草莓雪冰的熱量高達930千卡。它還含有16克蛋白質，應該有助於肌肉生長吧？哈哈……接下來，我看到了草莓。其實草莓才是主角，但他們的擺盤太美了，反而先吸引了人們的目光。我個人覺得嘉樂市場這家分店做得相當不錯。一顆草莓靜靜地躺在冰淇淋中央，周圍環繞著其他草莓……新鮮草莓的份量也相當足。雪冰外賣總是會附贈煉乳。反正都要吃掉，所以決定稍微放縱一下，好好享用一番。 （雖然我沒有把所有材料都放進去……）淋上煉乳後看起來真好吃。今天累壞了，所以這算是犒賞自己吧？我要馬上享用！喔吼吼…優格冰淇淋配新鮮草莓！對了，草莓不是整顆的，而是切成兩半的。真的太好吃了……感覺咬一口就充滿了能量。比大多數草莓蛋糕好吃。雪冰（Sulbing）真是物超所值，讓人心情愉悅。外面鋪著新鮮草莓，裡面是冷凍草莓絲？或者可能是草莓果醬？也很好吃。如果你知道這是什麼，請告訴我！刨冰放在冰淇淋下面。這是一款新鮮草莓刨冰，只要16900韓元。我個人非常喜歡這款甜點，因為它甜而不膩，草莓的新鮮口感一直持續到最後。當你需要用甜食補充能量時，不妨從Sulbing訂購一份純酸奶鮮草莓刨冰…

Sulbing新品推薦：迪拜巧克力刨冰價格及外帶體驗 大家好！今天，我為大家帶來Sulbing新品的測評，這款刨冰是受近期甜點界最熱門潮流（雖然有點過時了，哈哈）的影響而推出的！它就是Sulbing杜拜刨冰（正式名稱：杜拜巧克力Sulbing）！這次，我去了位於我家附近Garak Market的Sulbing Garak Market Station分店，並自取了一份。如果你平常喜歡吃杜拜風味的軟曲奇或巧克力，那麼這款新品絕對值得一試！接下來，我將為大家帶來詳細的測評。 1. 造訪雪冰嘉樂市集站分店及氛圍 這次我去品嚐雪冰的杜拜刨冰，選的是嘉樂市集站附近的分店！這家店交通便利，所以常有附近的上班族和家庭光顧。我們晚上去取餐，剛好趕在關門前，所以店裡幾乎沒有顧客！事實上，這樣反而更好，我們可以悠閒地挑選菜單。我們原本打算點其他口味的巧克力刨冰，但一看到杜拜巧克力刨冰就毫不猶豫地選了它，哈哈。 2. 菜單價格及配料資訊 我在櫃檯的自助點餐機上查了一下，雪冰的迪拜刨冰價格是16,500韓元。相較之下，最基本的年糕刨冰只要9,900韓元，這個價格區間確實讓人感覺是高階產品。不過，考慮到現在物價飛漲，一塊耐嚼的杜拜曲奇就要8000韓元，這麼大一份刨冰只要16500韓元，感覺性價比超高哈哈。聽說有些店可以加卡塔伊夫酥粒，所以如果想要更酥脆的口感，我推薦加！我點的沒有加任何食材。 3. 視覺與構圖的詳細分析 我點的Sulbing杜拜刨冰終於到啦！我簡直迫不及待想回家吃！ ！ ！一到家就迫不及待打開了哈哈。光看畫面就覺得超讚！一大球香草冰淇淋裹著濃鬱的巧克力醬，上麵點綴著開心果醬、卡塔伊夫酥粒和巧克力粉！我之前看過一篇貼文說不同店的刨冰配料不一樣，所以我有點擔心，不過Garak Market這家店的開心果醬和巧克力醬的比例真的剛剛好！最底層是Sulbing招牌的細膩刨冰層層疊疊，巧克力層和卡塔伊夫酥皮點心則藏於其間，層層疊疊的結構令人回味無窮，直到最後一口都充滿驚喜。 4. Sulbing迪拜刨冰深度品嚐：最重要的部分——味道——如何？咬下一口後，我首先感受到的是它絕妙的口感！","평일 18시, 주말 11시 이후 건물 지하에 무료 주차 가능합니다.",,설빙 석촌호수점,雪冰石村湖支
옥루몽 신촌본점,新村總店,빙수,刨冰,영업 중,914,202,서울 서대문구 연대동문길 18,首爾市西大門區延大洞門路18號,신촌역 2번 출구에서 538m,距離新村站2號出口538米,영업 중 21:40에 라스트오더,0507-1445-0345,https://100원커피이벤트-선착순주문하기.com,"단체 이용 가능,예약,무선 인터넷,포장,배달,남/녀 화장실 구분,간편결제,주차",,"가마솥 전통팥죽 13000원
가마솥 전통팥빙수 14000원
인절미 빙수 17000원
시그니처 팥라떼 5800원
전통차 6000원
가마솥 단팥죽 13000원
가마솥 호박죽 13000원
구움찰떡 6구 25000원
구움찰떡 12구 48000원
구움찰떡 6구 팥빵 4구 41000원
교토우지 녹차빙수 16000원
치악산 흑임자빙수 16000원
아메리카노 3800원
카페라떼 4300원
비엔나커피 4800원
COLD BREW (Decaf) 4500원
시그니처 단호박라떼 5800원
우지 말차크림라떼 5300원
자몽에이드 6000원
문경 오미자에이드 6000원
구움찰떡 (흑미,백미) 3500원
찹쌀 모나카 2500원
우유크림 팥빵 4500원
흑임자 크림 팥빵 4500원
동지 가마솥 전통팥죽(12인분) 13000원
동지 가마솥 단팥죽 13000원
가마솥 호박죽 13000원
가마솥 전통팥빙수 16000원
교토우지 녹차빙수 19000원
옥루몽 추천 세트 팥죽 팥빵 2ea 21000원
옥루몽 추천 세트 전통 팥죽 단팥죽 26000원
옥루몽 추천 세트 전통 팥빙수 찹쌀모나카 세트 21000원
옥루몽 추천 세트 전통 팥빙수 바로만든인절미 22000원
옥루몽 추천 세트 전통 팥빙수 팥빵 2ea 24000원
교토우지 녹차 팥빙수 찹쌀모나카 세트 24000원
치악산 흑임자 팥빙수 찹쌀모나카 세트 24000원
인절미 팥빙수 찹쌀모나카 세트 25000원
치악산 흑임자빙수 19000원
인절미 빙수 20000원
셀프 빙수 9000원
흑미 팥빵(1인분) 4000원
찹쌀 모나카(2pcs) 6000원
찹쌀 모나카(4pcs) 12000원
바로 만든 인절미 6000원
흑미 찰떡 3000원
아메리카노 4800원
카페라떼 5500원
카푸치노(Hot) 5500원
카페모카 5500원
바닐라 라떼 5500원
비엔나 커피(Iced) 6000원
디카페인 콜드브루(Iced) 5000원
디카페인 콜드브루 라떼(Iced) 5500원
팥 라떼 6500원
단호박 라떼 6500원
영월 쑥 라떼 6500원
말차 크림 라떼(Iced) 6500원
명인 식혜(Iced) 6000원
자몽 에이드(Iced) 6000원
문경 오미자 에이드(Iced) 6000원
초코 라떼 5300원
자몽차 5500원
타바론 크림슨 펀치 5500원
타바론 얼그레이 5500원
타바론 피치우롱 5500원
타바론 페퍼 스피아 5500원
보은 대추차(Hot) 7000원
보은 대추생강차(Hot) 7000원
완주 생강차(Hot) 6500원
완도 유자차(Hot) 6500원
문경 오미자차 6500원
고흥 모과차(Hot) 6500원","傳統紅豆粥 13,000 韓元

傳統紅豆刨冰 14,000 韓元

年糕刨冰 17,000 韓元

招牌紅豆拿鐵 5,800 韓元

傳統茶飲 6,000 韓元

甜紅豆粥 13,000 韓元

南瓜粥 13,000 韓元

烤糯米糕（6個） 25,000 韓元

烤糯米糕（12個） 48,000 韓元

烤糯米糕（6個）& 紅豆麵包（4個） 41,000 韓元

京都宇治綠茶刨冰 16,000 韓元

千嶽山黑芝麻刨冰16,000 韓元

美式咖啡 3,800 韓元

拿鐵咖啡 4,300 韓元

維也納咖啡 4,800 韓元

冷萃咖啡（無咖啡因） 4,500 韓元

招牌甜南瓜拿鐵 5,800 韓元

宇治抹茶奶油拿鐵 5,300 韓元

西柚汁 6,000 韓元

聞慶五味子汁 6,000 韓元

烤糯米糕（黑米、白米） 3,500 韓元

糯米最中 2,500 韓元

牛奶奶油紅豆麵包 4,500 韓元

黑芝麻奶油紅豆麵包 4,500 韓元

冬至傳統紅豆粥（12人份） 13,000 韓元

冬至甜紅豆豆粥 13,000 韓元

大鍋南瓜粥 13,000 韓元

大鍋傳統紅豆刨冰 16,000 韓元

京都宇治綠茶刨冰 19,000 韓元

Okrumong 推薦套餐：紅豆粥 + 紅豆麵包（2個） 21,000 韓元

Okrumong 推薦套餐：傳統紅豆粥 + 甜紅豆粥 26,000 韓元

Okrumong 推薦套餐：傳統紅豆刨冰 + 糯米最中套餐 21,000 韓元

Okrumong 推薦套餐：傳統紅豆刨冰 + 現做年糕 22,000 韓元

Okrumong 推薦套餐：傳統紅豆刨冰 + 紅豆麵包（2個） 24,000 韓元

京都宇治綠茶紅豆紅豆刨冰佐糯米最中套餐 24,000 韓元

芝岳黑芝麻紅豆刨冰配糯米最中套餐 24,000 韓元

年糕紅豆刨冰佐糯米最中套餐 25,000 韓元

芝岳黑芝麻刨冰 19,000 韓元

年糕刨冰 20,000 韓元

自助刨冰 9,000 韓元

黑米紅豆麵包（1份） 4,000 韓元

糯米最中（2個） 6,000 韓元

糯米最中（4個） 12,000 韓元

現做年糕 6,000 韓元

黑米糯米糕 3,000 韓元

美式咖啡 4,800 韓元韓元

拿鐵咖啡 5,500 韓元

卡布奇諾（熱） 5,500 韓元

摩卡咖啡 5,500 韓元

香草拿鐵 5,500 韓元

維也納咖啡（冰） 6,000 韓元

無咖啡因冷萃咖啡（冰） 5,000 韓元

無咖啡因冷萃拿鐵（冰） 5,500 韓元

紅豆拿鐵 6,500 韓元

甜南瓜拿鐵 6,500 韓元

永月艾草拿鐵 6,500 韓元

抹茶奶油拿鐵（冰） 6,500 韓元

師傅西茶（冰） 6,000 韓元

西柚汁（冰） 6,000 韓元

聞慶五味子汁（冰） 6,000 韓元韓元

巧克力拿鐵 5,300 韓元

西柚茶 5,500 韓元

塔瓦隆紅茶 5,500 韓元

塔瓦隆伯爵茶 5,500 韓元

塔瓦隆蜜桃烏龍茶 5,500 韓元

塔瓦隆胡椒茶 5,500 韓元

寶恩紅棗茶（熱） 7,000 韓元

寶恩紅棗薑茶（熱） 7,000 韓元

完州薑茶（熱） 6,500 韓元

完度柚子茶（熱） 6,500 韓元

聞慶五味子茶 6,500 韓元

高興榅桲茶（熱） 6,500 韓元","통팥 좋아하는 분들 계신가요? 저는 곱게 갈아버린 팥 앙금보다는 알알이 씹히는 통팥을 좋아하는데요 - 팥 맛집으로 유명한 신촌 맛집 두 곳 내돈내산 내돈내먹 솔직후기 입니다! 옥루몽 신촌본점 평일 오전 8시 - 밤 10시 주말 오전 10시 - 밤 10시 예약문의 : 0507-1445-0345 단체석 보유 포장 가능 배달 가능 지하 주차장 주차 가능 강원도 안흥과 협업으로 100 국내산 최상급 팥을 선별하여 매일 가마솥에 2번 끓여 내는 그야말로 진짜 팥집인 옥루몽! 팥빙수가 주력 메뉴이긴 하지만 동지에는 팥죽과 시루떡도 판매하고 팥빵, 모나카, 팥 라떼도 있어서 팥 러버들에게 추천하고 싶어요 :) 흑미팥빵은 소량만 만드시는 건지 인기가 너무 많은 건지 올 때마다 없어요 ㅠㅠ 오븐에 구워 만든 찰떡 세 가지, 인절미, 찹쌀 모나카도 있고 이 날은 동지라 시루떡까지! 동지팥죽 먹으러 온 김에 시루떡도 사볼까 했지만 남자 손바닥만한 게 9,500원이라 생각보다 비싸더라고요 ㅇ.ㅇ 동지 가마솥 전통팥죽 (가격: 13,000원) 오미자차, 삼과 함께 나오는 멋진 플레이팅에 감동 . 팥이 먹다보면 끝맛이 씁쓸한 편이라 시원한 오미자차로 마무리하니 딱이에요. 100 국내산 팥을 가마솥 전통 방식으로 끓여 통팥의 식감이 살아있는 팥죽입니다. 옹심이 떡 추가도 가능한데 혼자서 드시면 저 양도 아주 충분해요! 혼자 먹으면 거의 가벼운 식사 정도? 둘이 먹으니 간식으로 좋았어요 :) 말랑말랑한 찹쌀떡에 잣, 대추칩, 통밤, 호박씨 고명까지 올라간 팥죽은 정말 오랜만이에요. 단팥죽도 있지만 일부러 전통팥죽으로 먹었는데, 팥 본연의 은은한 단맛이 잘 느껴지고 통팥 알알이 살아 있어 정말 맛있게 잘 먹었답니다! 원래 동지를 챙기지 않는데 이 날 보니 다른 테이블도 다 팥죽을 드시고 계셔서 신기했어요 . 평상시 가면 빙수가 메인 메뉴인데 빙수 후기도 남겼으니 참고해주세요! 호밀밭 낮 12시 - 밤 10시 매주 월요일 정기 휴무 문의 : 02-392-5345 포장 가능 배달 가능 주차 불가 지나가면서 여러 번 보았는데 드디어 방문한 신촌 디저트카페 호밀밭! 2009년 빙수 전문점으로 시작했다는데 그 시절의 정감 있는 인테리어가 그대로 남아 있어 더 반갑더라구요. 직원분도 아주 친절하셨고 요새 유행하는 감성에는 없는 이 아늑함이 좋았습니다 ㅎㅂㅎ 밀크빙수 (가격: 7,900원) 신촌 호밀밭은 다양한 맛의 빙수를 파는데 가장 기본인 밀크빙수를 주문했어요. 이 가격에 우유얼음 눈꽃빙수라니! 게다가 양도 많아서 둘이 먹기에 충분해서... 
거의 15년 전쯤 두세번 와보고 오랜만에 옴 인테리어가 예전엔 한옥 같은 기억인데 암튼 바뀜 팥 추가한 인절미 빙수 엄청 큰 냄비같은 그릇에 나와서 깜놀 이렇게 큰 빙수는 처음ㅋ 떡 쫄깃하고 팥도 많이 안달다 잣이 같이 씹힐때 더 맛있었다 인절미 가루는 위에 뿌려져있는게 전부임 단팥빵이 없어서 아쉬웠다","有沒有人喜歡整顆紅豆？我個人比較喜歡整粒紅豆的嚼勁，而不是磨得細細的紅豆沙。以下是我對新村兩家知名紅豆店的真實評價（付費評測）！玉蘭蒙新村總店：平日 8:00-22:00，週末 10:00-22:00。預約電話：0507-1445-0345。提供團體座位。可外帶和送餐。設有地下停車場。玉蘭蒙是一家道地的紅豆店，與江原道安興縣合作，精選100%優質國產紅豆，每天用傳統紅豆鍋熬煮兩次！雖然刨冰是他們的主打產品，但冬至日也會供應紅豆粥和年糕。他們家還有紅豆包、最中糯米糕和紅豆拿鐵，所以推薦給紅豆愛好者們 :) 我不知道他們家的黑米紅豆包是少量製作還是太受歡迎了，反正每次去都賣光了ㅠㅠ 他們家有三種烤糯米糕、年糕和最中糯米糕，而且因為是冬至，他們居然還有冬至，他們居然還有蒸年，他們居然還有冬至，他們居然還有蒸年，他們居然還有蒸年！我本來是衝著粥來的，想著買個蒸年糕，結果發現一個手掌大小的年糕要9500韓元，比我想像的貴。東濟傳統煲仔粥（價格：13000韓元）。擺盤很漂亮，還配了五味子茶和人參，讓我印象深刻。紅豆略帶苦澀的回味，所以最後配上一杯清爽的五味子茶真是絕配。這碗粥選用100%國產紅豆，用傳統紅豆鍋熬煮，保留了紅豆的完整口感。你可以加籙心年糕，但如果你一個人吃，那份量就足夠了！一個人吃的話，簡直可以算一頓簡餐了？不過因為我們是兩個人，所以就當零食吃剛剛好 :) 我已經很久沒吃過上面鋪滿軟糯年糕、松子、紅棗片、整顆栗子和南瓜子的紅豆粥了。他們家也有甜紅豆粥，但我特意選了傳統的紅豆粥。我很喜歡，因為能嚐到紅豆本身淡淡的甜味，而且紅豆都完整無傷！我平常不慶祝冬至，但那天看到其他桌子都在吃紅豆粥，感覺挺有趣的。通常我會去Homilbat都會點刨冰，所以也請看看我對刨冰的評價吧！ Homilbat（Homil Field店）營業時間：中午12點至晚上10點，每週一公休。諮詢電話：02-392-5345。提供外帶和送餐服務，但不提供停車位。我經過Homilbat好幾次了，終於有機會去這家位於新村的甜點店嚐嚐鮮！聽說它2009年就是一家刨冰專賣店，看到店裡保留著當年的迷人裝潢，真是驚喜。店員非常友好，我喜歡這裡溫馨舒適的氛圍，這在如今的網紅店裡已經很難找到了。牛奶刨冰（價格：7,900韓元）。新村Homilbat提供各種口味的刨冰，但我點了最基底的牛奶刨冰。這個價格就能吃到牛奶冰做的雪花刨冰，真是太划算了！而且份量很足，足夠兩個人吃…

大約十五年前我來過兩三次，這次隔了很久才再次光顧。我記得以前店裡的裝潢風格像傳統的韓式房屋，不過現在已經改變了。我點了年糕刨冰，加了紅豆泥。讓我驚訝的是，它盛在一個看起來像大鍋子的碗裡。哈哈，我還是第一次看到這麼大的刨冰。年糕很有嚼勁，紅豆沙甜度適中。松子一起嚼著吃味道更棒。年糕粉只是撒在上面。可惜沒有甜紅豆包。","옥루몽 신촌본점은
강원도 청정지역 안흥과 견고한 협업으로
100%국산 최상급 팥 품종만을 선별,
매일 가마솥에 2번 끓여낸 전통 조리 방식을 택하여
정성을 듬뿍 담아 고객님들의 입맛과 건강에
최선을 다하여 조리하고 있습니다.",,옥루몽 신촌점,奧克魯蒙新村分店
커피브론즈,咖啡青銅色,"카페,디저트",咖啡館，甜點,영업 전,1242,653,서울 종로구 율곡로5길 20 1층,首爾特別市鐘路區栗谷路5街20 1樓,안국역 1번 출구에서 187m,距安國站1號出口187米,영업 전 09:30에 영업 시작,0507-1370-8221,http://linktr.ee/coffeebronze,"무선 인터넷,포장,간편결제",,"카페라떼 5500원
블랙론즈카푸치노 6500원
에스프레소 4500원
쇼콜라떼 6500원
아인슈패너 (Hot or Iced) 6500원
더블라떼 7500원
카페아메리카노 4500원
피콜로라떼 5000원","拿鐵咖啡 5,500 韓元

黑麵包卡布奇諾 6,500 韓元

濃縮咖啡 4,500 韓元

巧克力拿鐵 6,500 韓元

單杯咖啡（熱飲或冰飲） 6,500 韓元

雙份拿鐵 7,500 韓元

美式咖啡 4,500 韓元

小杯拿鐵 5,000 韓元","겨울이라 날씨 예보가 그리 오락가락하진 않지만 항상 의심의 눈으로 보기에 이날 날이 이렇게 맑을 줄 몰랐다 자고 일어나니 날이 너무 좋기는 한데 골목 휘젓고 다닐 컨디션은 아니라 가볍게 돌아다니려고 간만에 북촌으로 감 2026.02.25 원래는 옆에 있는 예쁜 카페 하티에 가려고 했는데 예상보다 너무 일찍 도착해서 방황하기는 싫고 그냥 30분 일찍 여는 커피브론즈로 들어감 밖에 있는 대기석 언젠가 딸케 대란으로 대기가 엄청났다는 말을 들은 적이 있었는데 이제 그렇지는 않은 듯 아님 평일이라 그랬던 건지 입장하면 먼저 만나는 주문, 제조 공간 딸케뿐 아니라 다른 케이크도 많으니 입맛에 맞춰 주문하면 되겠다 주문, 제조 공간과 취식 공간은 이 가벽으로 나누어져 있음 주택을 개조해서 사용 중인데 나뉘어 있던 공간들이 다 고만고만했는지 크게는 하나로 텄지만 자잘하게 나뉜 공간은 그대로 유지한 채 자리를 놓았다 가벽 안쪽과 바깥쪽에서 보면 이런 모습 언젠가 정확하게는 기억이 안 나는데 친구랑 딸케 먹으러 들렀을 때와는 많이 달라져 있었다 그땐 재료가 막 널려 있어 어수선했는데 훨씬 깔끔하게 정돈됨 단체석도 있는데 독립된 공간에 있는 자리와 주문, 제조 공간 앞에 있는 자리까지 두 개가 있다 안쪽 깊은 곳에서 본 취식 공간 외부에서 보면 2층인가 싶을 정도로 천장고가 높은 편 하지만 가벽으로 나뉘어 좁고 길어 보인다 자리는 좌우 벽 쪽으로 배치했는데 단체석 두 개 제외하곤 전부 2, 3인석 첨엔 여기 앉을까 했는데 테이블과 의자 높이가 약간 애매한 데다 나보다 한발 앞서 들어온 커플이 여기에 앉기도 해서ㅋ 이쪽 구석으로 눈길을 돌렸지만 바로 뒤에 혼자 온 관광객이 이쪽으로 들어가서... 자리 많은데 바로 옆에 앉는 건 너무 부담스러우니깐 난 또 다른 자리로ㅋㅋ 참고로 이 자리 두 개는 벽 쪽에 콘센트가 있다 갤럭시로 관광객은 지운 상태 그림자만 남김ㅋㅋ 작은 창이 나있어 상대적으로 밝게 느껴지는 이쪽에 앉음 요즘같이 인테리어에 힘 빡 주고 시작한 곳이 아니라 힙함과는 거리가 멀고 분위기는 지극히 평범하다 좀 더 지나면 이 분위기가 빈티지나 레트로가 될 수도 대신 소파 자리 제외하곤 다 머물기 편한 높낮이의 것들이었다 이쪽에서 유일하게 빈 콘센트가 있어서 난 이쪽에 앉음 폰 바꿀 때가 돼서 배터리 상태가 망이라 수시로 충전이 필요했다ㅠ 요 창가에 앉을까도 했으나 주차장 전망에 골목을 오가는 사람들과 눈 마주치면 뻘쭘하니깐ㅋㅋ 그래도 주문한 음료는 볕 잘 드는 창가에... 
한참 성심당 딸기 시루 때문에 사람들이 딸기 케이크에 빠져 있을 때 눈여겨 봤던 안국역 카페가 있었어요. 친한 동생과 가기로 해놓고 드디어 약속 날짜가 돼서 얼마 전에 다녀왔는데요, 딸기 케이크 맛은 딱 제가 생각했던 그 맛 그대로였고요. 생각보다 한산해서 더욱 여유롭게 커피와 딸기 케이크를 즐길 수 있었어요. 삼청동 가볼만한 곳, 안국역 놀거리 딸기케이크 커피브론즈 안국역 카페는 안국역 1번 출구에서 걸어서 5분 정도 걸렸고요. 큰 대로변 바로 뒤 골목에 있어서 생각보다 찾아가기 쉬웠어요. 안국역 카페 커피브론즈 주소 : 서울 종로구 율곡로5길 20 영업시간 : 오전 9시 30분 오후 6시 라스트 오더 : 오후 5시 매주 일요일 정기휴무 안으로 들어가니 카페는 외국인 손님 한 팀, 그리고 혼자 오신 손님과 한국인 한 팀이 다였어요. 딸기 케이크가 핫한 곳이라길래 내심 줄 서야 하는 건 아니겠지 하고 걱정했는데, 너무 다행이었죠. 쇼케이스 안에는 딸기 케이크 외에도 다양한 케이크들이 진열되어 있었는데요, 하나같이 다 너무 맛있어 보이더라고요. 다음번에 방문하면 다른 케이크들도 한번 먹어봐야겠어요. 음료 종류도 꽤 많았어요, 알고 보니 꽤 유명한 커피 맛집으로도 유명한 곳이더라고요. 저는 따뜻한 아메리카노를 주문했는데, 원두 종류는 디카페인 포함해서 3가지였고요, 저는 산미 진한 커피를 그리 좋아하지는 않아서 다크 원두를 선택했어요. 생각보다 자리들이 테이블들이 협소하더라고요. 여유 있거나 세련된 카페는 아니었지만 친구와 조용히 즐기거나 혼자 가서 조용히 시간을 보내기에는 꽤 괜찮은 안국역 카페였어요. 조용히 머물기에는 딱 좋은 곳이었어요. 골목길인듯싶지만 카페 앞에는 너른 주차 공간도 있고 해서 서울 데이트를 즐기기에도 꽤 괜찮은 카페가 아닌가 싶더라고요. 저는 창가 바로 옆자리에 앉았어요. 전날 눈이 와서 예쁜 골목길 눈 풍경이나 보자 하는 마음에, 만나기로 한 동생은 버스들이 다 차고지에 있어서 결국 택시 잡고 오는 중이라고 했는데, 이날 알고 보니 버스 파업했던 날이더라고요. 이 자리에 중국인 여자분 두 분이 앉아계셨었는데, 그분들 가시고 나서 찍어본 사진이에요. 1월이지만 여전히 크리스마스 분위기를 느낄 수 있어서 좋았는데, 전날 눈도 예쁘게 내렸던 날이라 정말 겨울 기분 팍팍 나서 괜히 더 설레고 좋더라고요. 먼저 딸기케이크 주문하고, 커피도 주문하고, 동생 기다리면서 혼자 테이블 사진 찍기, 밖에는 해살이 가득한 날씨이지만 옆... 
26.02.09 월요일 화장실 등 나가서 교체 애비가 전날 등 사오더니 안 맞다고.. 잘 맞던데.. 이제 난 못하는게 없네 레이디홍 약과 주문 뭐 소름기치게 맛있는건 몰겠 여수언니네 미니약과가 더 맛있음 나는 맛집 투어 전 브론즈 커피 아니.. 전엔 1,500원 할인해줬는데 ㅠ 그래서 긍가 이날 아라는 걍 그랬.. 지난번엔 소름끼치게 맛있더니 https:m.blog.naver.comyumommy0924224161970480 이 날은 케익 안 먹 아니 못 먹 다 나가기도 했고 맛난거 먹을거라 있어도 안 먹 아티스트 베이커리 들러 최애 얼그레이 사고 맨날 얼그레이만 사서 레몬도 하나 삼 난 이거 너무 맛있는데 식탁 위 올려놔도 아무도 안 먹 오히려 좋아 얼그레이 크치도 사옴 샌듸치도 맛있음 1위는 우유크림 소금빵이래 라즈베리 좋아하는데.. 패쓰 요즘은 또 초코 바게트가 유행 담에 안국 가면 사야지 근데 쉽게 못 살거 같은 너낌 항상 사람 많아 더 현대 입점했다 함 요기요기 모던 샤브하우스 가려고 많이 참았지 죠 밑에 팬케익 파는데 있는데 이름이.. 엄청 맛있게 먹었었는데 내가 뭔들 맛있게 안 먹겠냐만은 ㅋ https:m.blog.naver.comyumommy0924220699765993 빌즈!! 10년전에 갔더라 너무 맛있게 먹었었는데 조만간 먹으러 가야지 입에서 사르르사르르 녹아브러 모던 샤브 하우스 입장 평일 늦은 점심은 굳이 예약할 필요는 없을거 같긴 함 난 예약하고 감 입구부터 고급지네 너무 비싸서 같이 가자하기도 그랴.. 같이 가자 할 사람도 없긴 해 내가 여기 간 이유는 트러플 리조또 때문임 그래서 버섯 육수로 주문 예약할때 해 안 드는 자리로 요청했음 고기는 무한리필인데 나한텐 메리트 없는 무한리필 육수 변경 가격도 만원 ㄷㄷㄷ 트러플 리조또 나 너 많이 기대해 대게 샤브도 먹어보고픈데 가격이 ㄷㄷㄷ 창가쪽으로 혼밥석이 있는데 해가... 찜질방에서 먹는 수준일듯 야채 리필바 딱 내가 좋아하는 것들만 있다 목이만 좀 더 리필해 먹었음 요래요래 한상 차려졌고요 고기 때깔 넘 좋고 야채 선도 굿굿 소스들 다 때려넣어 육수, 채수 다 올라오거라 너모 맛있다 하얀건 모찌 천천히 야채, 고기 집어먹고 리조또 타임 설렌다 다른 포스팅에서 너무 짜서 다 남겼다는 글을 보고 짜지 않게 해주세요 했는데 알았다고는 하는데 가져온 재료 다 때려넣던데 ㅋ 너무 맛있다 ㅠㅠ 다행히 짜지 않았다 이미 샤브로 배가 찬 상태라 얘는 내 통에 싸옴 후식 아이스크림 꼭 먹으라길래 먹어주고요 엄청 미니미니한 사이즈 직원분 너무 친절하셨음 더 먹고...","因為是冬天，天氣預報通常不會那麼不穩定，但我總是對天氣預報持懷疑態度，所以沒想到今天天氣會這麼好。早上醒來時，天氣確實很美，但我沒有精力去逛小巷，於是就去了好久沒去的北村，想輕鬆一下。 2026年2月25日。原本打算去隔壁那家漂亮的咖啡館Hati，結果比預計時間早到了很多。想到處閒逛，就直接去了早開半小時的Coffee Bronze。外面有等候區。我之前聽說因為草莓蛋糕太火爆，這家店總是排長隊，但現在好像沒那麼擁擠了，或許是因為今天是工作日吧。進門首先看到的是點餐和製作區。除了草莓蛋糕，還有很多其他口味的蛋糕，可以依照自己的喜好點餐。點餐/備餐區和用餐區由這堵隔間牆隔開。這裡是由一棟翻新的房子改造而成；或許是因為之前分隔的空間大小都差不多，所以他們把大部分空間打通成一個大的整體，但在佈置座位時保留了原有的小隔間。這就是從隔間牆內外看到的景象。我不記得具體是什麼時候了，但我想之前我和朋友來這裡吃過草莓蛋糕……自從我上次來之後，這裡變化很大。那時候食材散落得到處都是，很凌亂，但現在整潔有序多了。這裡有團體用餐區，分為兩個區域：一個在獨立的空間裡，另一個在點餐和備餐區前面。從用餐區深處看去，天花板很高——高到從外面看你會覺得像是在二樓。然而，由於隔間牆的分隔，它看起來又窄又長。座位沿著左右兩側的牆壁排列，除了兩個團體座位外，其他都是兩到三個人位的。一開始我考慮坐這裡，但是桌椅的高度有點尷尬，而且之前進來的一對情侶也坐在這裡，所以我就把注意力轉移到了另一個角落。結果，我身後又坐著一個獨自旅行的遊客……因為座位很多，而且挨著他們坐感覺太尷尬了，所以我又換了個位置，哈哈。這兩個座位旁邊牆上都有電源插座。我用我的三星手機把那個遊客的影子抹掉了，只留下了他們的影子，哈哈。我坐在這個位置，因為有小窗戶，所以感覺光線還算明亮。這裡不像很多現代餐廳在裝潢上花了很多心思，所以離時尚還差得很遠，氣氛也相當普通。也許過段時間，這種氛圍會變得復古一些。另一方面，除了沙發座位之外，其他位置都很舒服，可以久坐。插座的高度也各不相同。因為這邊只有這個插座是空的，所以我就坐了下來。我的手機該換了，電池狀況很差，需要頻繁充電。我考慮過坐在窗邊，但又不想看到停車場的景色，也不想和巷子裡來來往往的人有眼神交流，那樣會很尷尬。不過，我還是把點的飲料放在了陽光明媚的窗邊…

以前，因為聖心堂的草莓蛋糕風靡一時，大家都在追著草莓蛋糕。安國站附近有一家咖啡館，我一直很想去。我約了個好朋友一起去，終於到了約定的時間，前段時間去了一趟。草莓蛋糕的味道和我想像中的一模一樣。店裡比我想像的要安靜，所以我可以更悠閒地享用咖啡和蛋糕。這家咖啡廳位於三清洞，靠近安國站，草莓蛋糕，Coffee Bronze。從安國站1號出口步行約5分鐘就能到。它就在主路後面的一條小巷裡，比我想像的還要容易找到。安國站咖啡館 Coffee Bronze

地址：首爾市鐘路區栗谷路5街20號

營業時間：上午9:30 - 下午6:00

最後點餐時間：下午5:00

每週日休息

我進去的時候，咖啡館裡只有一群外國顧客、一位獨自旅行的遊客和另一群韓國人。聽說草莓蛋糕很受歡迎，我暗自擔心要排隊，結果不用，真是太好了。櫥窗裡除了草莓蛋糕，還擺放著各式各樣的蛋糕，看起來都非常誘人。下次一定要嚐嚐其他的蛋糕。飲品種類也很豐富，看來這家店的咖啡也很有名。我點了一杯熱美式咖啡。咖啡豆有三種選擇，包括低咖啡因的，因為我不太喜歡酸度高的咖啡，所以我選擇了深度烘焙的。座位比我想像的要擁擠一些。這家咖啡館不算寬敞時尚，但離安國站很近，是個和朋友小聚或獨自享受片刻寧靜的好去處。這裡非常適合靜靜地消磨時光。咖啡館看起來像是條小巷，但門前停車位充足，我覺得這裡很適合在首爾約會。我坐在靠窗的位置。因為前一天下了雪，我想看看小巷裡美麗的雪景。我約好的弟弟妹妹告訴我，因為公車都停在車庫裡，他們要搭計程車過來；結果那天剛好是公車罷工日。有兩位中國女士坐在這裡，她們離開後我拍了這張照片。雖然是1月份，但仍能感受到濃濃的聖誕氛圍，感覺真好。因為前一天下了一場美麗的雪，冬天的氣息撲面而來，讓我更興奮、更開心。我先點了草莓蛋糕，然後是咖啡，在等弟弟妹妹的時候，我獨自自拍了桌子的照片。外面陽光明媚，但接下來…

2009年2月26日，星期一。浴室的燈壞了，所以我換了一個。爸爸前一天買了個燈，說不合適……結果完美匹配……現在我什麼都能做了。點了洪大姊的藥果。不知道是不是好吃到驚艷。麗水姊姊的迷你藥果比較好吃。在美食之旅開始之前，我喝了銅牌咖啡。不……他們以前有1500韓元的折扣ㅠ 也許這就是為什麼那天咖啡味道一般的原因吧……不過上次喝的時候真的超級好吃。 https:m.blog.naver.comyumommy0924224161970480 那天我沒吃蛋糕──不，我吃不下。大家都出去了，而且因為我打算吃點好吃的，所以就算有我也不吃。我去了Artist Bakery，買了我最愛的伯爵茶，因為我平常只買伯爵茶，所以這次還買了一瓶檸檬口味的。我覺得這茶很好喝，但就算擺在桌上也沒人吃。其實我還蠻喜歡這種感覺的。我還買了伯爵茶奶油乳酪。三明治也很好吃。據說牛奶奶油鹹麵包是招牌。我喜歡覆盆子……不過這次就不買了。巧克力法棍最近很流行。下次去Anguk的時候應該要買一個，但感覺不太好買。那裡總是人很多。我聽說他們在現代汽車城（The Hyundai）開了一家分店。我忍了好久才去那邊的Modern Shabu House。那邊還有一家賣煎餅的店，但我記不起名字了……我在那裡吃過，真的很好吃。不過也不是說我什麼都不喜歡吃，哈哈。 https://m.blog.naver.com/yumommy0924220699765993 帳單！ ！我才知道我十年前去過那裡。那時候就覺得特別好吃，我得趕快再去吃一次。入口即化。走進Modern Shabu House。我覺得平日午餐時間晚點應該不需要預訂，但我還是預訂了。從入口就能看出很高級。價格太貴了，我都不好意思約別人一起去……而且我也沒什麼好約。我來這裡是為了松露燴飯，所以我點了蘑菇湯底。預訂的時候我特意要求了一個不曬太陽的座位。肉是自助的，不過對我來說沒什麼吸引力。換湯底要加10000韓元，哇。松露燴飯，我好期待啊。我也想嚐嚐雪蟹涮涮鍋，但是價格太貴了。靠窗有單人位，但是陽光直射……感覺像在桑拿房裡吃飯。蔬菜自助吧台上的菜色都是我喜歡的。我又加了一些木耳。餐桌擺放成這樣。肉看起來很新鮮，蔬菜也很新鮮。把所有醬料都倒進去。讓湯汁和蔬菜汁慢慢滲出。太美味了。白色的東西是麻糬。慢慢地吃著蔬菜和肉，然後就到了燴飯時間。我好興奮。我看到有人評論說太鹹了，最後什麼都沒吃完，所以我請他們少放點鹽。他們說明白了，結果卻把所有食材倒進去了哈哈。真的太好吃了ㅠㅠ 還好不鹹。因為涮涮鍋已經吃飽了，我就把剩下的打包帶走了。他們推薦我一定要嚐嚐甜點冰淇淋，所以我吃了一些；份量超小。店員非常友善。我吃得更多…","COFFEE BRONZE ROASTERS

Genuine Honest Moreish Coffee

2011년 안국동에서 시작된 커피브론즈는 시간이 지날수록 멋스러운 빛을 내는 브론즈처럼
세월이 흘러도 변하지 않는 진심과 정직함으로 커피를 만듭니다.

길음동에 문을 연 두 번째 로스터리 카페는 오롯이 로스팅에 집중하기 위한 공간입니다
원두 본연의 개성과 밸런스를 찾아내는 과정을 소중히 여기며,
한 잔의 커피가 전해주는 위로와 깊이를 담아냅니다.

2009년 역삼동에서 시작된 카페바리스타아카데미를 통해
수많은 바리스타와 창업자들에게 커피의 본질과 공간의 가치를 전하며,
지금도 원두 납품, 카페 컨설팅, 인테리어 등
카페의 모든 여정을 함께하는 동반자로서의 역할을 이어가고 있습니다.

안국동에서의 진심이 길음동으로 이어지듯,
커피브론즈는 변함없는 진정성을 원칙으로
매일의 커피를 통해 진심을 전합니다.

정직한 마음으로 로스팅하고, 꾸밈없는 맛으로 전합니다.

Genuine Honest Moreish Coffee
COFFEE BRONZE ROASTERS",,커피브론즈 안국,咖啡青銅安古克
태극당,太極堂,베이커리,麵包店,영업 중,22725,4857,서울 중구 동호로24길 7,首爾特別市中區東湖路24街7,동대입구역 2번 출구에서 56m,距東大邑區站2號出口56米,영업 중 21:00에 영업 종료,02-2279-3152,https://smartstore.naver.com/tgd_1946,"포장,배달","전현무계획 48회, 25.09.26.2025년 9월 26일 버터빵/모나카아이스크림/단팥빵밥블레스유 39회, 19.04.04.2019년 4월 4일 카스텔라생방송아침이좋다 30회, 16.06.03.2016년 6월 3일 팥빙수/모나카굿모닝대한민국 873회, 14.10.27.2014년 10월 27일 카스테라인절미생생정보통 850회, 14.04.11.2014년 4월 11일 카스테라인절미","생과자 선물세트(복, 24개입) 66000원
생과자 선물세트(정, 14개입) 39000원
생과자 선물세트(희, 8개입) 22000원
우유 모나카 3300원
초코 모나카 3300원
버터빵 3100원
단팥빵 3000원
슈크림빵 3200원
소보로빵 2900원
콘브레드 3600원
아메리카노 4600원
카페라떼 5300원
바닐라라떼 5800원
로루케익 28000원
후르츠파운드 25000원
월병3종세트 37200원","新鮮點心禮盒（Bok，24件）66,000韓元

新鮮點心禮盒（Jeong，14件）39,000韓元

新鮮點心禮盒（Hee，8件）22,000韓元

牛奶最中 3,300韓元

巧克力最中 3,300韓元

奶油麵包 3,100韓元

紅豆麵包 3,000韓元

奶油泡芙麵包 3,200韓元

小麵包 2,900韓元

玉米麵包 3,600韓元

美式咖啡 4,600韓元

拿鐵咖啡 5,300韓元

香草拿鐵 5,800韓元

卷蛋糕 28,000韓元

水果磅蛋糕 25,000韓元

3件套月餅套餐 37,200 韓元","동대입구역 앞 장충체육관에 일정이 있어서 갔다가 들리게 된 태극당 본점이겠지 이곳이?ㅋㅋㅋ 어마어마한 크기의 건물하나를 다쓰고 있었던 태극당 !!! 뭔가 할머니들이 많을 거 같은 비쥬얼인데 전혀 아니었다. 자리도 많고 팔고있는 베이커리 종류와 음료 종류도 많고 해서 방문했다. 옆에 프릳츠커피 장충을 갔었는데 자리가 없고 너무 복잡해서 옆에 있던 태극당으로 이동! 근데 생각보다 커피도 맛있고 디저트도 맛있어서 좋았다. 언니 뒷모습이 찍혔군 ㅋㅋㅋ 백년가게인 태극당 역사가 깊다. 친구가 상하이 여행다녀오면서 던져주고간 선물도 열어보고 ㅋㅋ 매장이 넓어서 좀 편하게 쉴 수 있는 곳이었다. 2층에는 여자 화장실도 있고 매우큰 테이블이 가운데에 있어서 여유있게 디저트와 음료를 즐길 수 있었다. 본점이라 그런지 확실히 빵종류도 어마어마했다. 우리는 동대역 앞에서 점심식사를 하고 왔기때문에 3명이서 아이스 아메리카노와 아포카토 하나를 주문했다. 배불러서 나가면서 빵을 포장해가기로 하고 우선 구경후 올라가서 2층에 자리를 잡았다. 사과쨈이들어있는 이빵도 맛있고 앙금이 안에 들어있는데 이빵들도 맛있다는! 대전에 성심당이라면 ㅋㅋ 동대역 앞은 태극당인가? 잠실 롯데백화점 안에 있는 태극당 매장은 빵종류가 많이 없는데 확실히 본점이라 다르긴하다. 1층 카페쪽으로 가면 테이블도 많고 2층과 다른 분위기라고 보면 된다. 대형 카스테라 어마어마한 양의 카스테라 파티 또는 선물하기에 좋은 사이즈 카스테라였다. 관광객이랑 단체 손님도 생각보다 많이 보였다. 생일이었어서 친구들이 아포카토에 초를 꽂아서 파티까지 해줬는데 너무 고마웠다. 동대역 앞에 장충체육관에서 로드 FC 경기가 있었는데 이날 경기를 보기 위해 동대역 방문! 동대역 카페 찾다가 들어온 태극당. 혹시 장충체육관 또는 동대역 앞 카페나 베이커리, 디저트를 찾는다면 태극당을 방문해 보는 것도 좋을 거 같다. 서울 중구 동호로24길 7 전화번호 02-2279-3152 연중무휴 오전 8시에서 오후 9시 운영 https:naver.me5EU7o6iA
태극당 본점에서 구매한 모나카 아이스크림 세트 가격 후기 올려봐요 아니 신라호텔 갔다온 남편이 케이크가 11만원이라고 비싸다고 태극당을 다녀온거 있죠 ㅋㅋ 족발 아닌걸 다행이라고 해야할까요 태극당 본점 08시-21시 연중무휴 태극당은 1946년부터 이어온 전통의 베이커리로, 동대입구역 2번 출구 앞에 위치하고 신라호텔 앞 네거리에 크게 보인답니다 방송에도 많이 나온 모나카 아이스크림 드디어 먹어보네요 사실 이런 스타일 안좋아하는데 아이스크림이라니 또 먹게됐어요 80년 전통의 모나카는 가격 요렇게 보냉팩을 받고싶으면 무조건 세트구매만!! 단품이나 따로 추가구매 절대 안되고 무조건 세트만 보냉포장이 된답니다 그리하여 남편이 11만원대신 사온 ㅋㅋ 모나카 아이스크림 세트 먹어봅니다 우유모나카 , 초코모나카, 찹쌀모나카, 요렇게 세가지를 먹어보게 됐어요 박스에 들어있는게 세트이고 요것만 보냉팩 포장이 가능해요 낱개구매시 보냉팩만 따로 추가구매 절대안된다고 하니 참고하세요 초코모나카 60ml , 135kcal 냉동제품이에요 깊고 진한 맛의 초콜릿과 신선한 우유로 만든 아이스크림이 들어갔죠 성분은 요렇게, 재료도 요렇게 들어갔어요 반 갈라볼께요 초코아이스크림이 요렇게 맛은 그냥.. Soso였어요 이번에는 우유모나카를 먹어보겠습니다 60ml 118kcal 신선한 우유에 과자가 같이! 태극당 대표 아이스크림이죠 개당 3,300원 5개입 세트 16,500원이에요 오 전 이건 맛있더라고요 우유아이스크림 맛 진하고 모나카 아이스크림 먹는다면 전 이거요! 개인적으로 우유 초코였어요 그리고 이어서 먹어본 찹쌀 모나카! 고소한 찹쌀 모나카와 신선한 우유로 만든 아이스크림 동일하게 60ml 83kcal랍니다 같은 우유라도 이게 왜 더 별로지 ㅋ 찹쌀 모나카 겉 과자도 그렇고 제 입에는 좀 별로 기대를 안했는데도 크게 맛있는 않더라고요 저는 굳이 먹겠다면 우유 모나카만 먹겠습니다 ㅎㅎ 신라호텔 케이크 대신 먹어본 후기 그래도 오래된 전통이 있는 매장이라 선물하기에도 나쁘지 않은 것 같아요 태극당 모나카 아이스크림 세트 구매하기 한번 근처 들린다면 사보세요 태극당 모나카아이스크림 태극당본점 간식 디저트 태극당모나카 간식추천 (C)2026.lulu.All right reserved.
남산 산책 후 태극당 본점, 봄기운 만끽하다 대환장 파티 맛본 솔직 후기 목멱산방에서 식사후 남산 순환로 산책. 이제 제법 나무들에 연두색 새순이 돋아나서 진짜 봄이 오는 게 실감 나더라구요. 와룡묘가 열려있고 관람시간이라고 해서 올라가보니 정작 묘는 닫혀 있더군요. 소소하게 여기 저기 의자에도 앉고 풍경도 바라보며 장충단 공원까지 이어지는 산책을 즐겼어요. 하지만 그 끝에 마주한 태극당 본점의 토요일 풍경은... 말 그대로 인산인해! 결론부터 말하면, 빵맛은 좋지만 주말은 시장통. 직접 걸어본 최적의 동선과 주말 태극당에서 자리 뺏기지 않는 법, 지금 바로 공개할게요! 남산 산책 태극당 공략 목차 1 목멱산방에서 장충단 공원까지: 2 태극당 주말 좌석, 안내 직원이 없어도 당황하지 마세요 3 수십 년 전 그 맛 그대로! 레트로 빵의 진한 풍미 4 태극당 100 즐기기 위한 마지막 체크리스트 --- 1. 케이블카에서 장충단 공원까지: 봄맞이 산책 코스 봄맞이 산책 코스 3.3KM. 거의 평지고 완만한 길 걷기. 중간 중간 벤치가 있어서 수다 떨기 좋아요. 특히 리틀야구장을 지나 장충단 공원으로 내려오는 길은 나무들이 새순을 틔우고 있어서 걷는 내내 기분이 너무 좋았어요. 구간 소요 시간 핵심 포인트 남산 순환로 약 3040분 탁 트인 전망과 돋아나는 새순 구경 리틀야구장공원 약 15분 장충단 공원의 고즈넉한 분위기 태극당 도착 도보 5분 동대입구역 앞 거대한 빵의 성지 중간 요약 너무 쉬운 길이라 점심 먹은 음식이 소화되지도 않았지만 온 김에 태극당 들어가봤어요. 주말 이 근처 인파를 빨아들이듯 태극당으로 사람들이 들어가는 것을 보니 불안이 엄습. 2. 태극당 도착! 태극당 문을 여는 순간, 평화롭던 봄 산책은 끝이 나고 생존 모드로 변신 빵 매대도 많고 좌석이 꽉꽉 차 있는데, 안내해 주는 직원이 한 명도 없었어요. 아무리 셀프서비스지만 좌석을 정리하거나 줄 서는 것, 좌석 잡는 것을 안내해주는 직원이 필요한데 말이죠. 들어오면 다들 뭐부터 해야할지 우왕좌왕. 커다란 샹들리에부터 실내 분위기는 레트로 그 자체. 들어가자 마자 빵 매대가 넓게 차지하고 있어서 1차 혼란. 여긴 시스템이 먼저 앉는 사람이 임자인 구조라, 다들 눈치 작전. 우리도 방황하다가 역할을 나눠 2층에 자리 잡으러 가고 일부는 빵 고르고, 일부는 음료 주문하러 3곳으로 흩어졌어요. 좌석은 1층 여러 곳에 있고 2층에는 거대하고 긴 테이블 하나에 창가에 일렬 좌석....","我本來約了東大站入口前的獎忠體育館，結果就順道去了太極堂總店。我想這就是總店吧？哈哈。太極堂居然佔據了一整棟大樓！看起來像是老太太們常去的地方，但其實完全不是。店裡有很多座位，烘焙點心和飲品的種類也很豐富，所以我就決定進去看看。我本來想去隔壁的Fritz Coffee獎忠店，但人太多沒座位，所以就去了隔壁的太極堂！沒想到咖啡和甜點都很好喝，真是太開心了。哈哈，我妹妹的背影也被拍進去了。太極堂是一家百年老店，歷史悠久。我還打開了朋友從上海回來時送我的禮物。店裡很寬敞，感覺很舒服，可以好好放鬆。二樓有女洗手間，中央擺著一張很大的桌子，讓我們能悠閒地享用甜點和飲品。或許是因為這是總店，麵包的種類真的非常豐富。因為我們已經在東大門站前吃過午餐了，所以我們三個人點了一杯冰美式和一份阿芙佳朵。我已經吃飽了，所以決定打包一些麵包帶走。我先四處看了看，然後上樓，在二樓找了個位子。這款蘋果醬麵包很好吃，紅豆沙餡的也很美味！如果你說的是大田的聖心堂，哈哈，是不是東大門大學站前的太極堂？蠶室樂天百貨裡的太極堂分店麵包種類不多，但這家總店肯定不一樣，因為是總店。如果你走到一樓的咖啡區，那裡有很多桌子，氣氛和二樓完全不同。那裡有一個巨大的卡斯蒂拉蛋糕——分量十足，非常適合聚會或作為禮物。我看到的遊客和團體顧客比預想的要多。那天是我的生日，朋友們還特地為我準備了一個生日派對，在阿芙佳朵上插上了蠟燭，我非常感激。東大門大學站前的獎忠體育館正好有Road FC的比賽，所以我去車站看了比賽！本來只是想在車站附近找個咖啡館，結果誤打誤撞進太極堂了。如果你剛好在獎忠體育館或東大門大學站附近找咖啡館、麵包店或甜點店，我覺得去太極堂是個不錯的選擇。地址：首爾市中區東湖路24街7號 電話：02-2279-3152 全年營業，上午8點至晚上9點 https://naver.me5EU7o6iA

我要來分享一下在太極堂總店購買的莫納卡冰淇淋套餐的價格。我老公剛從新羅酒店回來，抱怨那裡的蛋糕要11萬韓元太貴，所以就去了太極堂，哈哈。我該慶幸他買的不是豬蹄嗎？太極堂總店：上午8點至晚上9點，全年營業。太極堂是一家始於1946年的傳統糕點店，位於東大站2號出口前，在新羅酒店前的十字路口非常顯眼。我終於有機會嚐到了電視上常出現的莫納卡冰淇淋。說實話，我平常不太喜歡這種風格，但因為是冰淇淋，所以最後還是又吃了一次。至於這款有著80年歷史的傳統最中冰淇淋的價格…想要獲得這樣的保溫包裝，就必須購買套裝！ ！絕對不能單獨購買單品或附加產品；只有套裝才有保溫包裝。所以，我選擇了老公買的最中冰淇淋套裝，而不是花11萬韓元單獨購買，哈哈。我嚐到了三種口味：牛奶最中、巧克力最中、糯米最中。盒子裡裝的就是套裝裡的所有東西，只有套裝才有保溫包裝。請注意，單獨購買單品時絕對不能單獨購買保溫包裝。巧克力最中是60毫升，135千卡；它是冷凍產品。它由新鮮牛奶和濃鬱醇厚的巧克力製成。配料表和材料清單都列在這裡。我們把它切成兩半吧。巧克力冰淇淋長這樣。味道嘛……也就那樣。接下來，我要嚐嚐牛奶最中。 60毫升，118千卡。鮮牛奶配餅乾！這是太極堂的招牌冰淇淋。單價3300韓元，5個一套16500韓元。哦，我居然喜歡這個。牛奶冰淇淋的味道很濃鬱，如果要我吃最中冰淇淋，那一定選這個！我個人最喜歡牛奶巧克力口味。接下來，我嚐了糯米最中！它由鹹香的糯米最中和鮮牛奶冰淇淋組成；60毫升，83千卡，和其他的一樣。雖然用的都是一樣的牛奶，但我還是不懂為什麼這個味道更差哈哈。糯米最中的外殼是這樣的，雖然我本來也沒抱太大期望，但它真的沒什麼特別好吃的。如果讓我選的話，我只會點牛奶口味的莫那卡哈哈。這次嘗試莫那卡冰淇淋取代了新羅酒店的蛋糕。不過，考慮到它是一家歷史悠久的店鋪，我覺得作為禮物送人也不錯。推薦購買太極堂莫那卡冰淇淋套餐。如果你剛好在附近，不妨去嚐嚐。太極堂莫那卡冰淇淋，太極堂總店，小吃，甜點，太極堂莫那卡，小吃推薦 (C)2026.lulu.版權所有。

在南山散步後，我去了太極堂總店，體驗了一場熱鬧的派對，感受春天的氣息。在木妙山房吃過飯後，我沿著南山環路散步。現在樹木都冒出了嫩綠的新芽，我真的可以感受到春天來了。我聽說加龍神社開放，而且還在開放時間內，所以就去了，結果神社本身卻關門了。於是我悠閒地漫步前往獎忠丹公園，沿途在長椅上坐坐，欣賞風景。然而，走到盡頭時，我卻在周六遇到了太極堂總店……簡直人山人海！總而言之，麵包味道確實不錯，但週末這裡就像個市集。接下來，我將分享我個人走過的最佳路線，以及如何在周末避免在太極堂​​找不到座位！南山漫步 & 太極堂攻略 目錄 1. 從木鏡山房到獎忠丹公園： 2. 太極堂週末座位：即使沒有工作人員引導也不要慌張 3. 幾十年來的味道始終如一！復古麵包的濃鬱風味 4. 充分體驗太極堂的最後清單 --- 1. 從纜車到獎忠丹公園：春季漫步路線 春季漫步路線 3.3公里。沿著平坦舒緩的小路漫步。沿途設有長椅，非常適合聊天。特別是經過少棒聯盟棒球場並下坡前往獎忠丹公園的那段路，全程都令人心曠神怡，因為樹木都已抽出新芽。

路段 時長 重點

南山環路：約30-40分鐘 - 視野開闊，欣賞萌芽的嫩芽

少棒聯盟棒球場公園：約15分鐘 - 長忠樂園公園的寧靜氛圍

抵達太極堂：步行5分鐘 - 東大站入口前的巨型麵包聖地

中途總結

這條路線非常輕鬆，我午餐還沒消化完，但既然來了，就決定順道去太極堂看看。看到太極堂裡人山人海，彷彿要把週末的人潮都吸進去似的，一種不安的感覺湧上心頭。

2. 到達太極堂！推開門的那一刻，我寧靜的春日漫步就結束了，我立刻進入了求生模式。店裡擺滿了各種麵包，座位也擠滿了人，卻沒有一個工作人員引導我們。即使是自助式的，也應該有工作人員來安排座位、引導排隊、幫助顧客找到座位。每個人一進去就慌張張地四處亂竄，不知道該先做什麼。從巨大的吊燈到室內裝潢，處處散發著復古氣息。一進門，麵包展示櫃就佔據了很大的空間，讓我們一時有點不知所措。由於這裡實行先到先得的原則，大家都在暗自較勁。我們也四處逛了一會兒，然後分散到二樓找座位；有些人去挑選麵包，有些人則分散到三個不同的地方點飲料。一樓的座位零星分佈，而二樓則只有一張巨大的桌子，靠窗擺放著一排座位…","서울에서 가장 오래된 빵집 태극당.
since 1946",,태극당 장충동,太極堂 長忠洞
HanaHome,HanaHome,갤러리카페,畫廊咖啡廳,오늘 휴무,1,1,서울 중구 장충단로 170 4층 401호 (빨간벽돌 한와담 건물 4층),首爾市中區獎忠丹路170號4樓401室（紅磚韓華丹大樓4樓）,동대입구역 3번 출구에서 85m,距東大邑區站3號出口85米,오늘 휴무 03/27 휴무,,https://nanaland.kr,"무선 인터넷,포장",,"말차 쫀득 쿠키 7500원
누텔라 쫀득 쿠키 7500원
카다이프 쿠키 5600원
말차 화이트 쿠키 4600원
브라우니 5500원
딸기쨈 2200원","抹茶軟曲奇 7,500 韓元

能多益軟曲奇 7,500 韓元

卡達伊夫曲奇 5,600 韓元

抹茶白曲奇 4,600 韓元

布朗尼 5,500 韓元

草莓果醬 2,200 韓元","나나랜드 종로에 위치한 나나랜드는 갤러리카페로, 다양한 두쫀쿠를 선보이는 곳입니다. 서울 중구 장충동1가에 위치해 있어 동대입구역에서 도보로 85m 거리에 있습니다. 이곳의 주 메뉴인 헤이즐넛 두쫀쿠와 말차 두쫀쿠는 매일 구워내는 신선한 쿠키와 함께 제공됩니다. 따뜻한 아메리카노와 함께 즐기면 훨씬 더 맛있다고 할 수 있습니다. 가격대는 두쫀쿠가 각각 7,900원이며, 다양한 음료와 간식도 마련되어 있습니다. 나나랜드의 매력은 단순히 맛있는 디저트뿐만 아니라, 작가의 작업실에서 그림을 그리는 과정을 엿볼 수 있다는 점입니다. 이곳은 예술과 디저트가 어우러진 특별한 경험을 제공하는 공간이니, 방문할 때 그 독특한 분위기를 느껴보는 것도 좋습니다. 영업시간은 오후 12시부터 6시까지로, 여유로운 오후 시간을 보내기에 안성맞춤입니다. 특별한 디저트와 함께 휴식을 취할 수 있는 나나랜드에서 소중한 시간을 가져보세요.","位於鐘路區的Nanaland是一家畫廊咖啡館，主打各式各樣的「杜尊庫」（Dujjonku）。它坐落在首爾市中區獎忠洞1街，距離東大站入口僅85公尺步行路程。招牌菜榛果杜尊庫和抹茶杜尊庫皆搭配每日新鮮烘焙的曲奇餅乾。據說，佐以一杯熱美式咖啡，味道更佳。每份杜尊庫的價格從7,900韓元起，此外還提供各種其他飲料和小吃。 Nanaland的魅力不僅在於其美味的甜點，更在於有機會一窺藝術家的工作室，觀賞繪畫過程。這裡藝術與甜點完美融合，營造出獨特的氛圍，強烈推薦您前來體驗。 Nanaland的營業時間為中午12點至下午6點，是您悠閒度過下午時光的理想去處。不妨抽出一些寶貴的時間，在Nanaland品嚐特色甜點，放鬆身心。","누텔라 두쫀쿠와 말차 두쫀쿠,

날마다 다르게 굽는 맛있는 쿠키와 귀여운 그림들 :)

그림을 그리고 쿠키를 만드는 작가의 작업실로 당신을 초대합니다!

Open hour 12:00 ~ 18:00 PM (Fri - Sat)",,태극당 장충동,太極堂 長忠洞
태극당 인사동점,太極堂仁寺洞分店,"카페,디저트",咖啡館，甜點,영업 전,690,199,"서울 종로구 인사동길 30-1 2,3층",首爾市鐘路區仁寺洞路30-1號2樓及3樓,종로3가역 5번 출구에서 328m,距離鐘路三街站5號出口328米,영업 전 11:00에 영업 시작,0507-1373-1946,https://smartstore.naver.com/tgd_1946,"포장,배달,예약",,"태극당 다과상(소) 250000원
태극당 다과상(중) 500000원
태극당 다과상(대) 1000000원
생과자 선물세트(복, 24개입) 66000원
생과자 선물세트(정, 14개입) 39000원
생과자 선물세트(희, 8개입) 22000원
우유모나카 3300원
초코모나카 3300원
아메리카노 5100원
카페라떼 5600원
쌍화차 6300원
모과차 6000원
오미자차 6300원
버터빵 3100원
찹쌀떡빵 4200원
단팥빵 3000원
콘브레드 3600원
월병 3000원
월병3종세트 37200원
서울김전병 16000원","太極堂茶具（小）250,000韓元

太極堂茶具（中）50萬韓元

太極堂茶具（大）1,000,000韓元

新鮮點心禮盒（小麵包，24個）66,000韓元

新鮮點心禮盒（小甜餅，14個）39,000韓元

新鮮點心禮盒（小甜餅，8個）22,000韓元

牛奶最中 3,300韓元

巧克力最中 3,300韓元

美式咖啡 5,100韓元

拿鐵咖啡 5,600韓元

雙花茶 6,300韓元

榅桲茶 6,000韓元

五味子茶 6,300韓元

奶油麵包3,100 韓元

小麵包 4,200 韓元

紅豆麵包 3,000 韓元

玉米麵包 3,600 韓元

月餅 3,000 韓元

三件套月餅 37,200 韓元

首爾金餅 16,000 韓元","인사동 카페 추천 태극당 쌍화차 단호박라떼 내돈내산 후기 인사동 카페 추천 태극당 월병 쌍화차 단호박라떼 내돈내산 남대문시장에서 배부르게 밥 먹고, 저녁도 먹으려면 소화가 되어야 하니 국립현대미술관에 갈까? 인사동 갈까? 하다가 인사동으로 출발했어요. 인사동을 걷다 보면 꽤 많은 건물에 갤러리가 있어서 그림 구경하는 재미가 있거든요. 모 갤러리 1층의 전시관 마음에 드는 추상화 작품을 유심히 보고 있는데 작가님이 다가오더니 1,000만원, 1,200만원으로 적혀있는 작품을 600만 원에 해준다고... 작품에 대한 얘기보다 일반 아크릴보다 비싼 물감이라며... 에잇! 그냥 달달한 음료나 마시며 쉬고 싶네 인사동 카페 골목으로 향했어요. 인사동 쌍화차 가격 한 잔에 전통차 전문 찻집 기준 9천 원부터 시작! 음.. 잠시 쉬다 가기는 가격이 부담스럽더라고요. 그나마 가성비 좋은 곳이 태극당이라서 다녀왔습니다. 1. 외관, 영업정보 인사동 메인 거리 2, 3층에 위치하고 있어서 걷다가 힘들 때 들리기 좋은 위치. 엘리베이터를 타고 2, 3층으로 이동 가능해서 유모차나 나이 드신 부모님 모시고 가기도 좋아요. 2층에서 주문하고, 3층에서 먹을 수 있기 때문에 3층부터 가서 자리 확보하고 2층에서 주문하는 걸 추천합니다. 영업시간은 매일 11시 20시 2. 인사동 카페 추천 태극당 2층 먼저 인사동 카페 추천하는 태극당 2층부터 보여드릴게요. 과자중의 과자 태극당 1946년부터 장충동에서 영업 중인 노포로 여기저기 매장이 많이 생겼어요. 2층의 과자, 빵, 선물 코너 월병 종류도 있고 과자, 전병, 롤케이크도 있어요. 2층에 야외 테라스 공간이 있는데, 추운 겨울에는 운영 안 하는듯했어요. 3. 메뉴 소개 음료 메뉴 모나카 아이스크림 종류 세트메뉴 전통찻집 쌍화차 먹는 것보다 태극당 세트메뉴가 더 가성비 좋은 느낌이네요. 뭐 먹을까 하다가, 잠시 쉴 공간이 필요해서 간단히 주문했어요. 다음에 가면 세트로 주문해 보렵니다. 단호박라떼 4,800원 쌍화차 6,300원 유자 월병 3,000원 4. 인사동 카페 태극당 3층 이제 인사동 카페 추천하는 태극당 3층 공간을 보여드릴게요. 저 문을 열고 들어가면 인사동을 내려다보는 창가 자리도 있고 벽쪽의 테이블과 가운데에는 마주 보고 앉는 테이블이 있었어요. 학창 시절 딱딱한 걸상 같은 의자라서 편한 의자는 아니었지만, 잠시 쉬고 가기는 좋은 공간이네요. 겨울 시즌 메뉴로 2천 원 할인 중인 단호박라떼와 향긋한 쌍화차 한파의 날씨에 따뜻한 음료 한 모금에 행복감이... 
하루는 인사동에서 점심을 먹고 나름 특별한 카페가 있다해서 태극당 인사동점을 방문해 보았습니다. 사실 태극당은 빵을 파는 역사 깊은 빵집인데요. 빵을 제외하고도 모나카 아이스크림이랑 예쁜 카페 정원?으로도 유명하다고 합니다. 태극당 인사동점은 인사동 중간에 딱 위치하고 있어서 대중교통으로 오실 경우는 종로3가역에서 한 10-15분 정도 걸어오시면 됩니다. 그렇게 걸어서 도착한 태극당! 태극당은 2-3층에 위치하고 있기 때문에 엘베 또는 계단으로 올라가면 됩니다. 그리고 짠 이렇게 2층으로 들어오게 되면 오른편에는 주문하는 곳 빵을 판매하고 있고 왼편으로는 아름다운 정원이 위치하고 있습니다. 사실 정원이라고 부르는게 좀 민망하긴 수준이긴 하지만 그래도 서울 한복판에서 이런 정원? 숲속? 에 들어가있는 카페는 찾는 것이 쉽지 않기에 ㅎㅎ.. 정원 카페라고 불러보았습니다. 음료 같은 경우는 인사동 답게 전통차를 고를 수 있구요 그 외에 다양한 디저트 또한 고르실 수 있습니다. 저는 아메리카노랑 모나카 하나를 시켰구요. 진동벨을 받고 빵 좀 구경했습니다. 아 참고로 모나카는 바로 나와서 먹으면 됩니다. 빵 종류는 다양하기는 했는데 점심 먹고 온 후 였기 때문에 배불러서 딱히 사지는 않았습니다. 가격은 한 3천원 중반대로 요즘 빵값이랑 비슷하긴 합니다. 그리고 다시 밖으로 나와서 사진 여러 컷 찍어주면서 커피 나오기 전에 모나카를 먹었습니다. 우선 모나카 자체는 일반 아이스크림이긴 한데 약간 시중 아이스크림보다는 좀 부드럽고 덜 단 느낌어어서 좋았습니다. 그리고 칼로리도 120kcal 언더여서 너무 좋았구요. 근데 솔직히 말씀드리자면 그렇게 특색있는 맛은 아니었습니다 ㅋ 그냥 평범한 바닐라 아이스크림 모나카 맛.. 그리고 무엇보다도!!! 제가 방문한 시간이 12시 20분쯤이었는데 사람이 많아서 그런지는 모르겠지만.. 25분이 지나도 커피가 안나와서... 결국엔 테이크아웃 잔으로 바꿔서 들고가면서 마셨습니다...ㅋㅋㅋㅋㅋㅋㅋ 이 부분에서는 좀 실망했네요. 뭐 그 외에는 밖의 정원처럼 꾸며놓은 곳도 그렇고 아이스크림도 맛있어서 좋았긴 합니다만..서비스가 조금 실망이었습니다 ㅠㅠ 그래도 다음번에는 빵을 한 번 먹어보고 싶어서 방문해보고 싶긴 하네요. 리뷰 끝
 서울 종로구 인사동길 30-1 2,3층 11:0020:00 0507-1373-1946 포장, 배달, 예약가능 서울에서 가장 오래된 빵집 태극당 Since 1946, 태극당 서울 몇 년전에 친구들이랑 서울 놀러왔을 때도 서울역에서 모나카아이스크림 포장해서 갔었는데 날씨가 더워서 빙수 먹을려고 찾아보다 인사동에 태극당이 있어서 고민하지 않고 방문했다 태극당은 인사동빈티지 건물 23층에 위치하고 있으며 야외실내자리로 나눠져있다 태극당 스테디셀러와 다양한 메뉴들 매장 외부에서 확인 가능했고 모나카아이스크림 외에도 다양한 제품들이 있어서 구경하는 재미가 있었다 2층 내부 2층은 카운터와 야외테라스로 나눠져 있었고 2층 내부에도 테이블은 몇 개 있었다 베이커리 다양한 종류의 선물세트도 준비되어 있어서 부모님 선물용으로 구입하기 좋을듯했고 명절 선물로도 좋을거 같았다 슈크림빵, 단팥빵 등 기본 빵부터 메론빵, 파운드도 다양하게 준비되어 있었다 메뉴 전통차 커피 과일차 음료 허브차 빙수 모나카아이스크림 세트메뉴 태극당 왔으니 모나카는 필수이고 먹고 싶었던 시원한 빙수까지! 우리 주문내역은, 우유 팥빙수 초코 모나카 외부 음식 반입 불가 1인 1메뉴 주문 일회용 컵 사용 불가 태극당 인사동점 매장 이용은 위와 같으니 참고하세요 2층 야외테라스 야외테라스도 너무 분위기 있고 이뻤는데 날씨가 더워서 우린 3층에 자리 잡았다 선선한 가을에 오면 좋을거 같던 3층 내부 3층에 에이컨이 빵빵하게 나오다보니 손님들로 가득했고 바테이블에 앉아있다 자리나서 옮겼다 미니뽕이 고른 초코모나카와 남편과 내가 주문한 우유 팥빙수 곱게 갈린 우유빙수에 적당히 단 단팥과 쫄깃한 떡의 궁합이 좋았고 단팥이 많이 달지 않아서 맛있었다 깊고 진한 맛의 초콜릿과 신선한 우유로 만든 아이스크림으로 아이들이 먹기 딱 좋았고 아이 어른없이 다 좋아할 맛이였다 다양한 베이커리와 시원한 빙수, 아이스크림까지 맛있어서 아이와 함께 방문하기 너무 좋았던 전통을 지키고 있는 오래된 빵집 태극당 추천한다","仁寺洞咖啡館推薦：太極堂雙花茶和南瓜拿鐵－我的親身體驗

在南大門市場飽餐一頓後，我需要在晚餐前消化。我猶豫著要去國立現代美術館還是仁寺洞，最後決定去仁寺洞。漫步在仁寺洞，你會發現很多建築裡都設有畫廊，欣賞藝術作品也別有一番樂趣。當我在一樓一家畫廊裡專注地欣賞一幅心儀的抽象畫時，藝術家走過來，提出以600萬韓元的價格出售一幅標價1000萬或1200萬韓元的作品……他幾乎沒怎麼談論畫作本身，而是喋喋不休地強調顏料比普通丙烯顏料貴……唉！我只想放鬆一下，喝杯甜飲。於是，我前往仁寺洞的咖啡館街。在仁寺洞，雙花茶的價格從9000韓元一杯起，都是在特色傳統茶館品嚐的！嗯……只是進去快速休息一下，價格有點貴。太極堂是最經濟實惠的選擇，所以我去了那裡。 1. 外觀及營業資訊：位於仁寺洞主街的二樓和三樓，地理位置便利，適合走累了就來歇腳。您可以搭乘電梯到達二樓和三樓，方便推嬰兒車或帶著老人前往。由於是在二樓點餐，三樓用餐，我建議您先到三樓找個座位，然後再到二樓點餐。營業時間為每日上午 11:00 至晚上 8:00。

2. 仁寺洞推薦咖啡館：太極堂二樓

首先，讓我帶您參觀仁寺洞推薦咖啡館－太極堂的二樓。太極堂，這家被譽為「零食之王」的老字號，自1946年起便在獎忠洞經營，如今在各地開設了多家分店。二樓的零食、麵包和禮品區擺放著各種月餅，以及餅乾、煎餅（韓國傳統薄脆）和捲餅。二樓還有一個戶外露台，但在寒冷的冬季似乎關閉了。

3. 菜單介紹

飲品菜單

最中茶

冰淇淋種類

套餐
太極堂的套餐比在傳統茶館喝雙花茶更划算。我當時還在猶豫要吃什麼，但因為我需要找個地方休息一會兒，所以就點了些簡單的食物。下次來我打算點套餐。甜南瓜拿鐵 4,800 韓元，雙花茶 6,300 韓元，柚子月餅 3,000 韓元。 4. 仁寺洞太極堂三樓咖啡館。現在，讓我帶您去看看仁寺洞我推薦​​的太極堂咖啡館三樓。推開門進去，可以看到窗邊的座位可以俯瞰仁寺洞，牆邊也有桌子，還有中間的對坐桌。椅子就像我學生時代坐的那種硬凳子，所以坐起來不算舒服，但這裡是個小憩的好地方。南瓜拿鐵現在是冬季特供，優惠2000韓元，再配上香氣撲鼻的雙花茶，在寒冷的冬日里啜飲一口熱飲，真是無比愜意…

有一天，在仁寺洞吃完午餐後，我聽說那裡有一家很特別的咖啡館，於是就去了太極堂仁寺洞分店。其實，太極堂是一家歷史悠久的麵包店。除了麵包，這家店據說還以莫納卡冰淇淋和漂亮的咖啡花園而聞名。太極堂仁寺洞分店位於仁寺洞中心地帶，如果您搭乘大眾運輸工具，從鐘路三街站步行約需10-15分鐘。就這樣，我到達太極堂了！由於店舖位於二樓或三樓，您可以搭乘電梯或走樓梯。瞧！進入二樓後，右側是點餐區和麵包銷售區，左側則是一個美麗的花園。說實話，稱它為花園感覺有點不好意思，但考慮到在首爾市中心很難找到一家像這樣隱匿於花園或森林中的咖啡館，我決定稱它為「花園咖啡館」。正如仁寺洞的特色，您可以選擇傳統的茶飲以及各種甜點。我點了一杯美式咖啡和一份莫納卡冰淇淋。收到震動提醒後，我瀏覽了一下麵包區。對了，最中冰淇淋是可以馬上吃的。麵包種類很多，但我剛吃過午飯，已經很飽了，所以什麼也沒買。價格在3000韓元左右，跟現在的麵包價格差不多。之後我又出去拍了幾張照片，趁咖啡還沒上來，吃了一個最中冰淇淋。首先，最中冰淇淋其實就是普通的冰淇淋，但我很喜歡它比超市買的冰淇淋口感更軟一些，甜度也低一些。而且它的熱量不到120卡路里，這點也很棒。不過說實話，味道並沒有什麼特別之處，哈哈。吃起來就像是普通的香草味最中冰淇淋。最重要的是！ ！ ！我大概中午12點20分左右去的，不知道是不是因為人太多，等了25分鐘咖啡都沒上……最後只好打包帶走邊喝……哈哈哈哈。這一點有點失望。不過，除了這一點，外面花園般的裝潢和美味的冰淇淋都很不錯，就是服務有點讓人失望ㅠㅠ 不過，下次我還是想再去嚐嚐麵包。評論結束

首爾市鐘路區仁寺洞路30-1號2樓和3樓 11:00 - 20:00 0507-1373-1946 提供外帶、送餐和預約服務

太極堂，首爾最古老的麵包店，始於1946年，太極堂首爾店

幾年前和朋友去首爾的時候，我在首爾站也買了Monaka冰淇淋帶走。因為天氣炎熱，我想找個地方吃刨冰，在仁寺洞發現了太極堂，便毫不猶豫地進去了。太極堂位於仁寺洞復古大樓的23層，分為室內和室外座位區。從店外就能看到太極堂的常駐攤位和各種菜單，除了最中冰淇淋之外，還有很多其他商品，逛起來很有意思。

二樓內部

二樓分為吧台和室外露台，室內也擺放著幾張桌子。

烘焙區

這裡有各種各樣的禮盒，感覺很適合買禮物送給父母或作為節日禮物。從泡芙、紅豆包等基礎麵包，到各種蜜瓜麵包、磅蛋糕，應有盡有。菜單上包括傳統茶、咖啡、水果茶、軟飲、花草茶、刨冰和最中冰淇淋。自從來到太極堂，最中（Monaka）就成了必點之選，就連我一直想吃的清爽刨冰也終於嚐到了！我們點了牛奶紅豆刨冰和巧克力最中。請注意太極堂仁寺洞分店的以下店內規則：禁止外帶食物，每人限點一份菜單上的菜品，且不提供一次性杯子。二樓的露台環境也很漂亮，氣氛很好，但因為天氣炎熱，我們選擇了三樓的座位。三樓的內部裝潢感覺很適合涼爽的秋天。由於三樓空調開得很足，所以人很多，我們先坐在吧台，等有空位後才換到三樓。 Minippong點了巧克力最中，我和老公則點了牛奶紅豆刨冰。細膩的牛奶刨冰、甜度適中的紅豆沙和軟糯的年糕搭配在一起，味道真是絕了；紅豆沙甜度適中，味道鮮美。搭配濃鬱醇厚的巧克力和鮮牛奶冰淇淋，既適合孩子，也適合所有年齡層的人。這裡烘焙點心種類豐富，還有清爽的刨冰和美味的冰淇淋，是帶孩子遊玩的好去處。我強烈推薦太極堂，一家秉承傳統的古老烘焙坊。",서울에서 가장 오래된 빵집 태극당. since 1946,,태극당 장충동,太極堂 長忠洞
수연산방,水延山房,차,茶,영업 전,1160,1426,서울 성북구 성북로26길 8 상허 이태준 가옥,首爾特別市城北區城北路26街8號李泰俊住宅,,#VALUE!,영업 전 11:30에 영업 시작,02-764-1736,https://blog.naver.com/sooyeonsanbang1998,"포장,남/녀 화장실 구분,배달,주차","생방송오늘저녁 1412회, 20.10.06.2020년 10월 6일 단호박범벅식객허영만의백반기행 28회, 19.12.06.2019년 12월 6일 단호박범벅수요미식회 180회, 18.08.01.2018년 8월 1일 단호박빙수생방송투데이 2152회, 18.07.30.2018년 7월 30일 단호박빙수파워매거진 261회, 16.04.15.2016년 4월 15일 대추차/녹차/오미자차6시내고향 5940회, 16.01.19.2016년 1월 19일 생생정보통 746회, 13.11.07.2013년 11월 7일 단호박빙수생생정보통 700회, 13.08.08.2013년 8월 8일 단호박빙수굿모닝대한민국 572회, 13.08.06.2013년 8월 6일 블루베리막걸리빙수모닝와이드 5533회, 13.05.17.2013년 5월 17일 굿모닝대한민국 135회, 11.12.02.2011년 12월 2일 대추차/오미자차","대추쌍화차 15500원
쌍화차 13500원
단호박 빙수 16000원
단호박 범벅 16500원
국산 수제 단팥죽 15500원","棗泥雙花茶 15,500 韓元

雙花茶 13,500 韓元

甜南瓜刨冰 16,000 韓元

甜南瓜焗飯 16,500 韓元

國產手工甜紅豆粥 15,500 韓元","북악산 올랐다가 내려오는 길에 쉬어가는 코스로서 전통찻집 수연산방 만한 곳이 또 있을까? 한국 전통 가옥 모습을 그대로 간직하고 있는 수연산방은 상허 이태준 옛 가옥이다. 누마루 수연산방에 여러 번 갔지만 누마루에서 차를 마신 적은 없었다. 이번에는 운 좋게도 마침 손님이 많지 않아서 누마루에 들어가 그 모습을 제대로 볼 수 있었다. 누마루가 시원스럽다. 하지만 뒷 배경으로 나오는 양옥집은 눈에 거슬린다. 마당 쪽으로 돌출되어 있고, 23면이 창으로 트여 바깥이 훤히 보이는 공간을 보통 누마루(마루)라고 부른다. 누마루는 바닥이 마루이고, 경치 감상휴식용 창이나 난간으로 외부 조망이 아주 좋아 사랑채나 별채에 딸린 경우가 흔하다. 누마루는 한옥에서 흔히 볼 수 있는 툇마루, 대청마루와 달리 제법 고급 한옥집에나 있다. 누마루 내부 아무도 없길래 누마루에 뒷짐을 지고 서서 돌쇠나 마당쇠를 불러 보았다. 위치적으로 마당을 훤히 볼 수 있는 장소이고 채광이 좋아 여름에는 글을 읽기에도 좋은 장소였다. 누마루에서 바라본 장독대 겨울에는 쌍화차 쌍화차와 인삼차를 주문하였다. 가격은 각각 13,500원이다. 일반 커피에 비해서 비싼 편이지만 그만큼의 값어치는 있다. 쌍화차 인삼차 다과로서 유과가 곁들어 나왔다 둘러보기 겨울이 한창인 2월 첫날에 아들과 수연산방에 들러 전통차를 마시며 이런저런 이야기를 나누었다. 이태준은 이 집에서 글을 쓰고 사색을 하고 친구 문인들과 토론했을 것이다. 크지도 않고 작지도 않은 멋진 집이다. 딱 알맞은 사이즈의 정원과 마당 가운데 우물 하나, 화려하지 않으면서 기품이 있는 누마루와 별채는 지극히 한국적이다. 별채 툇마루에서 마당에 내려서면 암울한 시대에 나라 잃은 지식인으로서 느꼈을 그분의 고뇌와 쓸쓸함이 느껴진다.
가을이 깊어가던 오후 성북동의 골목을 거닐었습니다. 하늘은 맑고 햇살은 따스한데, 이렇게 또 가을이 가고, 한 해가 흐르고, 나이를 또 먹겠구나 하는 생각에 조금, 약간 쓸쓸해질 때 발견한 수연산방 이렇게 많은 순간들을 한꺼번에 떠올릴 수도 있다니 하는 생각이 들 정도로 와르르르 떠오르는 추억들! 잠시 잊고 있었던, 마음 깊숙한 곳에 넣어 두었던 그. 날. 들... 수연산방은 추억을 길어올리는 곳입니다. 여기 서 있으면 와락 껴안고 싶은 지난 날들이 달려듭니다. 서울 성북구 성북로 26번길 8 수연산방() 문인들이 모이는 산속의 집 오래된 귀한 벼루가 있는 집 이태준이 직접 쓴 현판... 추사 김정희의 글씨를 탁본하여 만들었다고 합니다. 내 호흡 한 자락에 혹시 그 때 그 분들이 읊던 한 구절, 한 단어가 묻어 있을 지도 모르니... 감사한 마음으로 오래 오래 올려다 봤어요. 문학의 향기를 간직한 문인들의 사랑방 수연산방은 1933년 지은 집이라고 합니다. 참 아름답게 늙은 집이지요. 오래된 집이 주는 아름다움은 조금 울컥하게 합니다. 살아남아 주어서 고맙고, 그 시절을 견뎌내고 여기 존재하는 것이 감사해지는 마음입니다. 전면 팔작자붕, 후면 맞배지붕의 본채는 ㄱ자 구조. 대청을 중심으로 왼쪽이 건넌방, 오른쪽이 안방 겸 사랑채로 누마루가 있습니다. 자리가 없어 잠시 대기하다가 대청으로 올라갑니다. 손님들이 가득해서 북적북적한 것도 넘 좋네요. 찾는 이들이 많아야 집도 살아 숨쉴 수 있으니까요. 햇살 가득 쏟아지는 대청마루 창가에 앉아 오랜시간 정성으로 달인 쌍화차 한 잔을 마시면, 시간을 마시는 느낌이 듭니다. 세월을 마신다는 생각을 하게 됩니다. 그래서 더 오래 천천히 음미하면서 마시게 되는 차 한 잔... 성북동, 수연산방 11:30 5시( 토,일 7시까지. 월, 화 휴무) 대추쌍화차, 쌍화차, 단호박범벅과 빙수, 단팥죽 주차공간 매우 좁음. 한성대입구역에서 버스로 10분 거리 수연산방은 1999년부터 찻집으로 개방한 한옥 카페입니다. 서울특별시 민속문화유산 지정되었습니다. 이태준 선생이 많은 문학작품을 집필하던 공간, 문우들과 시와 문을 논하던 공간이 지금은 많은 사람들이 정담을 나누는 카페가 되었습니다. 아담하고 정갈한 정원을 내다보며 나누는 이야기가 어느새 다정해지고, 따스해지는 건 아마도 공간이 주는 힘일지도 모릅니다. 마루엔 흑백 사진, 오래된 가구, 오래된 거울도 있습니다. 시간을 채워 넣은 공간이라서 흑백으로 담아보니 더 짙은 세월의 그림자가 보이는... 
성북동 수연산방 이태준 생가 카페 메뉴 주차 서울 실내 데이트 장소 글사진 에이데이 요즘 너무 춥죠- 그래서 어디를 돌아다니지 못하겠는데요. 그렇다고 몰에 가기는 싫고 해서 찾아보다 따뜻한 온돌방이 있는 한옥카페를 찾아봤는데요. 성북동에 주차도 가능한 한옥카페를 발견해서 다녀왔습니다. 목 차 서울 실내 데이트 성북동 수연산방 위치 주차 메뉴 서울 데이트 장소 성북동 수연상방 메뉴 후기 성북동 수연산방 위치 주차 메뉴 서울 실내 데이트 기본 정보 주소 서울 성북구 성북로26길 8 상허 이태준 가옥 영업시간 수 금 11:30 17:50, 토 일 11:30 19:50 Check point 메뉴에 커피 없음! 네이버 예약 가능 주말이면 저녁 8시, 평일은 오후 6시에 마감을 하는 성북동 카페 수연산방입니다. 들어갈때는 그래도 밝은 낮이었는데 해가 짧으니 나올 때는 이렇게 어두워짐! 서울 데이트 장소로 추천하는 성북동 수연산방은 이렇게 안채와 별당 건물이 있습니다. 여기는 신발을 벗고 들어가야 하고요. 여기는 신발을 신고 들어갈 수 있어요. 난로가 있지만 조금 춥죠! 일단 수연산방에 오면 먼저 이쪽 안채 쪽으로 와서 웨이팅 키오스크에 등록합니다. 그리고 자리 안내를 받으면 돼요. 수연산방은 소설가 이태준이 살던 곳인데요. 1930년대부터 살며 많은 작품을 남긴 곳이라고 해요. 우연히 방문한 곳인데 제가 소설가 이태준의 소설을 좋아해서 너무 반가웠습니다. 성북동 수연상방 메뉴 후기 서울 데이트 장소 날씨가 이날도 무척 추웠는데 다행히 따뜻한 온돌방으로 안내받았어요. 창밖으로 정원 구경을 할 수도 있고! 수연산방 메뉴는 전통찻집이에요. 커피 메뉴가 없습니다. 이 사실을 모르고 갔었어서 무엇을 마실지 한참 조금 고민했어요. 결국 전통차 13,000원과 호박 빙수 16,000원을 주문했어요. 전통찻집인 것 알고 가면 괜찮지만 커피를 기대했다면 실망스. 아주 건강식 느낌의 호박 빙수에요. 호박을 정말 그대로 갈아서 단맛이 자연적이 호박의 단맛입니다. 달달한 것을 좋아하는 저는 처음 위에만 먹을 때는 아오...하는 맛이었는데...아래쪽에 시럽이 있어서 나중에는 잘 비벼서 맛있게 먹었어요. 단맛에 정말 길들여진 저기때문에.... 다른 방의 분위기- 조용한 가야금 음악 같은 것이 흘러나오고- 따뜻한 온돌방이라 일어나기가 너무 귀찮더라구요. 사람이 많을 때는 이용 시간제한도 있었는데, 제가 있었을 때는 사람이 많지 않아서 마감 시간까지 앉아있다 나왔습니다. 추운 겨울 서울 실내 데이트...","在攀登北嶽山的途中，還有比傳統茶館水延山房更適合休憩的地方嗎？水延山房完整地保留了傳統韓屋的風貌，這裡曾是李泰俊尚赫的故居。雖然我曾多次造訪水延山房，卻從未真正品嚐過茶。這次幸運的是，客人不多，我得以進入陽台，好好欣賞美景。陽台寬敞明亮，但遠處那棟西式建築卻顯得有些突兀。這種向庭院延伸、23面都設有窗戶的開放式空間，通常被稱為「みる」（みる）。由於地面鋪設木地板，且透過窗戶或欄桿可以欣賞到絕佳的室外景色，因此它通常與客房（sarangchae）或附屬建築（byeolchae）相連。與韓屋常見的茶壺和大清壺不同，茶壺只在比較高檔的韓屋裡才能見到。因為裡面沒人，我便雙手背在身後，站在那裡，試著喊「石室」或「馬當室」。茶壺的位置視野開闊，可以清楚地看到庭院，而且自然光線極佳，是夏天讀書的好去處。從陽台上可以看到一排排的陶罐。冬天，我們點了雙花茶和人參茶，每杯13500韓元。雖然比普通咖啡貴一些，但物有所值。茶壺也配了湯果當點心。導覽：二月初，正值隆冬時節，我和兒子一起去了水延山房，品嚐傳統茶飲，閒聊家常。李泰俊想必曾在這棟房子裡與他的文友們寫作、沉思、辯論。這是一棟絕妙的房子，不大不小，恰到好處。花園大小適中，庭院中央有一口水井，陽台和附屬建築——雖然不華麗，卻不失莊重——都極具韓國特色。從附屬建築的陽台拾級而下，步入庭院，彷彿能感受到他作為一位在黑暗時代失去祖國的知識分子，曾經經歷的痛苦與孤獨。

秋意漸濃的一個午後，我漫步在城北洞的小巷裡。天空晴朗，陽光溫暖。當我發現水延山房時，心中湧起一絲淡淡的孤獨，想到秋天即將過去，又一年即將逝去，而我又將老去。往事如潮水般湧來，多到讓我懷疑，是否真能同時回憶起這麼多片段！那些我曾短暫遺忘的日子，那些我深藏心底的記憶……水延山房，是一個喚起回憶的地方。站在這裡，往昔歲月如潮水般湧來，讓我想要緊緊擁抱。水延山房，位於首爾市城北區城北路26號街8號。這是一座山中文人雲集的宅邸；一座珍藏著古老硯台的宅邸。招牌上是李泰俊親筆寫的……據說它是拓印秋史金正熙的書法作品而成。或許，當年那些文人墨客吟誦的詞句，也融入了我的一口氣息……於是我懷著感恩之心，仰望著它，久久凝視。水延山房，這座文人墨客的聚集地，至今仍保留著濃鬱的文學氣息，據說建於1933年。它真是一座歷經歲月洗禮，依然美麗的宅邸。老房子的美麗總能讓我熱淚盈眶。我由衷地感激它倖存下來，也感謝它經受住了歲月的洗禮，最終屹立於此。主樓呈L形，前方是坡屋頂，後方是山牆屋頂。以正廳為中心，左側是客房，右側的主廳/客房設有高架陽台。由於沒有座位，我稍作等候後便前往正廳。我喜歡這裡熱鬧的氛圍，賓客盈門，熙熙攘攘。畢竟，只有當賓客眾多時，房子才能真正煥發生機。坐在正廳的窗邊，沐浴著陽光，品嚐著一杯精心沖泡許久的雙花茶，彷彿在品味時光本身。這讓我不禁思考，品嚐時光流逝的意義。所以，一杯需要慢慢品味、細細品味的茶……城北洞，水延山房。上午11:30 - 下午5:00（週六、週日營業至晚上7:00，週一、週二公休）。供應紅棗雙花茶、雙花茶、甜南瓜粥、刨冰和甜紅豆粥。停車位非常有限。從漢城大學車站搭乘巴士約10分鐘即可到達。水延山房是一家韓屋咖啡館，自1999年起作為茶館營業，現已被指定為首爾市民俗文化遺產。這裡曾是李泰俊創作許多文學作品、與文友探討詩歌和文學的地方，如今已成為人們分享真摯對話的咖啡館。或許正是這空間的獨特魅力，讓人欣賞舒適整潔的庭院美景的同時，也能感受到溫馨的氛圍。木地板上擺放著黑白照片、古老的家具和一面老鏡子。因為這是一個充滿時光的空間，用黑白影像捕捉它，更能揭示歲月留下的深邃痕跡…

城北洞水延山房（李泰俊故鄉）咖啡館、菜單、停車、首爾室內約會好去處

文字及圖片：A-Day

最近天氣真冷啊，出門逛街都有些不自在。不過，我不想去商場，所以四處尋找，找到了一家有溫暖地暖的韓屋咖啡館。我在城北洞發現了一家提供停車位的韓屋咖啡館，於是進去體驗了一番。

目錄

首爾室內約會

城北洞水延山房位置、停車、菜單、首爾約會好去處

城北洞水延山房菜單及點評

城北洞水延山房位置、停車、菜單、首爾室內約會

基本訊息

地址：首爾市城北區城北路26街8號，李泰俊故居

營業時間：週三至週五 11:30 - 17:50，週六至週日 11:30 - 19:50

小提醒：菜單上沒有咖啡！可透過Naver預約

水延山房是位於城北洞的咖啡館，週末晚上8點關門，平日晚上6點關門。我進去的時候天還亮著，但因為白天時間短，我離開的時候天已經黑了！位於城北洞的水延山房，是首爾熱門約會地點之一，由主樓和獨立的側樓組成。進入水延山房需要脫鞋，而側樓則可以穿著鞋子進入。雖然有暖氣，但還是有點冷！到達水延山房後，先到主樓一側，在等候亭登記。之後，會有工作人員引導您入座。水延山房是小說家李泰俊的故居。據說他從上世紀30年代起就居住於此，並留下了許多作品。我這次是偶然路過，但因為我是李泰俊小說的粉絲，所以我非常高興能找到這個地方。以下是我對位於城北洞的水延山房菜單的評價，這裡是首爾的熱門約會地點。那天天氣也很冷，但幸運的是，工作人員引導我進入了一間溫暖的地暖房。我還能欣賞窗外的花園景色！水延山房是一家傳統茶館，菜單上沒有咖啡。因為我事先不知道這一點，所以花了好長時間才決定要喝什麼。最後，我點了13000韓元的傳統茶和16000韓元的南瓜刨冰。如果你知道這是一家傳統茶館，那沒問題；但如果你期待的是咖啡，那可能會失望。這南瓜刨冰感覺很健康。他們是把整個南瓜磨碎，所以甜味是南瓜本身的天然甜味。身為一個愛吃甜食的人，我一開始只吃了最上面一層的時候，忍不住「呃…」了一聲…不過底部有糖漿，所以我後來攪拌了一下，味道就很好了。這大概是因為我太習慣甜食了吧……至於隔壁房間的氛圍——播放著舒緩的伽倻琴音樂——而且因為是地暖房，我覺得起身太麻煩了。人多的時候是有時間限制的，但我去的時候人不多，所以我一直待到關門。在寒冷的冬日，在首爾享受室內約會…","수연산방은 전통 한옥에 문을 연 전통 찻집 1호. 성북동에 위치한 수연산방은 문장강화와 무서록을 쓴 상허 이태준의 고택을 손녀가 찻집으로 낸 곳이다. 시간의 흐름에서 벗어나 온전히 쉴 수 있는 여유가 좋은 집. 집의 규모가 작아 많은 손님을 받을 수 없는데 본채에는 사랑방, 안방, 마루까지 해서 차탁 6개 정도가 마련되어 있다. 마당에도 테이블을 놓고, 라일락 나무 아래도 둥그런 벤치와 테이블을 두었다.

가장 인기 있는 자리는 사랑방의 바깥 쪽 자리. 원래 방 높이보다 한단 정도 높게되어 있고 문에는 한지 대신 유리를 끼워 밖이 잘 보이게 했다. 여기 앉아 있으면 담장 너머로 북악산 자락이 건너 보인다. 전통 차와 함께 옛 선인들의 정취를 회상하며 조용한 휴식을 즐길 수 있는 곳.",,카페 수연산방 성북동,茶屋水延山房城北洞
서울서둘째로잘하는집,首爾第二好的房子,차,茶,영업 전,2992,1414,서울 종로구 삼청로 122-1,首爾特別市鐘路區三清路122-1,,#VALUE!,영업 전 11:00에 영업 시작,02-734-5302,,,,"단팥죽 8000원
쌍화차 8000원
수정과 8000원
식혜 7000원
생강대추차 7000원","紅豆粥 8,000韓元

雙花茶 8,000韓元

水精果 8,000韓元

錫克耶 7,000韓元

薑棗茶 7,000韓元","안녕하세요 핫 이슈였던 광화문BTS공연 이 끝나고 지천으로 봄을 알리는 봄꽃 소식이 들리는데요 저는 급 단팥죽이 먹고 싶더라고요 그래서 검색검색으로 알아낸 서울단팥죽맛집 소개할께요 서울미래유산 포장쇼핑백 안에 들어있어요 서울서둘째로잘하는집 주소 서울 종로구 삼청로 122-1 전화번호 02-734-5302 매장 포장으로 주문했어요 포장쇼핑백이고요 단팥죽 보관법및 맛있게 먹는 방법 소개도 있어요 네이버 검색으로 살펴본 메뉴판 인데요 단팥죽과 쌍화탕 수정과 생강대추차 식혜등을 판매하고 있고요 네이버에 올려진 이미지 차림표 수정이 되지 않았더라고요 지금은 이미지 메뉴판 금액과 차이가 있어요 작은 플라스틱 1회용 용기에 가득 담긴 단팥죽인데요 먼제 밤이 보여요 국새산 밤인데 매장에서 직접 삶아서 사용한다고 했어요 밤이 고소하니 맛있어요 종로 삼청동 단팥죽 맛집 서울서둘째로 잘하는집은 서울시로 부터 서울미래유산으로 조정된 곳으로 50년 전통의 맛집이라고 하네요 잣과 통 팥 부드러운 팥물이 걸쭉한데 계피향이 솔솔 나는 맛도리인데요 밤과 잣과 통 팥외 큼직한 새알이라고 하기엔 찰떡같은 느낌의 떡이 있어요 식욕없을때 간단하게 먹을 수 있는 단팥죽 다음엔 매장 방문해서 맛보아야겠어요 서울맛집 서울단팥죽집 서울서둘째로잘하는집 서울미래유산 50년전통단팥죽 종로삼청동카페
삼청동 팥죽 맛집 서울서둘째로잘하는집 팥죽집 지극히 개인적을 일상을 올리고 있는 요즘 입니다. 저는 아이의 박물관 도슨트 수업으로 한달에 한 번 한양길을 떠납니다. 저에게 한양은 참 멀고도 멉니다 하루를 다 잡아 먹습니다 박물관 수업이 진행되는 박물관은 모두 서울에 있기에 가야합니다. 그래도 마음이 잘 맞는 육아동지들과 함께하니 가는 길이 즐겁습니다. 가끔 아이들의 시중(?)을 들때면 현타가 살짝 오지만 ㅋㅋㅋㅋㅋ 그래도 이정도의 멤버구성은 완벽합니다!! 1월 셋째주 박물관 수업 가는날 국립민속박물관으로 향했습니다! 시간에 맞추어서 아이들을 선생님께 토스?하고 잘부탁드립니당 저희에게는 2시간이라는 자유시간이 주어졌습니다 너무 신이난다 신이나 일단 출출해 뭐 좀 먹자하고 엄마셋이서 삼청동으로 슬슬 걸어 갑니다. 민속중앙박물관 앞 횡단보도 하나 건너면 삼청동 입니다. 핫합니다. 젊은이들이 다 멋있어 보입니다. 내가 삼청동을 언제 마지막으로 왔더라... 어머나 대학생때 이후 첨 왔네 인천토박이 서울만 오면 또 신이나요 그냥 지나가다가 뭐라도 찍고 싶어서 찍었던 카페 우리의 목적지는 없어요 그냥 걸어요 그러다가 우리 왕언니가 말합니다 여기 진짜 맛있는 팥죽이 있다고 에엥.. 저는 팥죽을 싫어해요 죽은 아플때만 먹는거잖아요? 근데 또 팥죽? 오케 안땡겨 안땡겨 근데 한참 걷다가 언니가 또 이야기해요 근데 여기 진짜 맛있는 팥죽집이야 일단 가보자 나는 식혜 먹을게 (목말라서 아메리카노 먹고 싶었던 나 ㅋㅋ) 그렇게 도착 했어요 그 유명하다는 팥죽집을 서울서 두번째로 잘하는 집 삼청동 팥죽 추천 이때까지 몰랐어요 여기가 핫한 곳인줄 그냥 한 장 찍어 줬어요 ㅋㅋㅋㅋㅋㅋㅋㅋㅋㅋㅋㅋㅋㅋㅋ 보니까 포장하는곳 먹는곳 따로 줄을 스더라구요? 먹고가자 하고 줄을 섰습니다 바로 들어갔어요 무슨 옛날 다방 같은 의자들이 모여있고 공간들이 협소했어요 오래 앉아서 먹기에는 눈치가 보였는데요 왜냐면 창 밖 웨이팅 줄에 서있는 사람들이 계속 보는 것 같아요 ㅋㅋㅋㅋㅋㅋㅋㅋㅋㅋ 목이 마른 저는 식혜를 주문하고 팥죽 2개를 시켰어요 1인1메뉴 각 하나씩 시키고 바로 나와욧 식혜 밥알이 많이 삭혀있는 많이 달지 않은 느낌? 뭐 그냥 쏘쏘? 건강한 식혜 근데 여긴 반전은 팥죽 ................ 와씨 뭐야 언니가 추천한 이유를 한 입 먹고 깨달았어요 팥죽의 신세계다 직접 찌고 깐 밤과 오동통한 팥..그리고 찹쌀옹심이?같은게 대빵만한게 들어 있고 위에 시나몬 가루가 뿌려져 있는데... 
삼청동 단팥죽 전통차 서울미래유산 서울서둘째로잘하는집 삼청동 단팥죽 전통차 서울미래유산 서울서둘째로잘하는집 다녀왔어요. 인사동 이나 북촌 나들이 갈때마다 근처에 있다며 가자고 했던 단팥죽 맛집인데요 언젠가 가봐야지 했던 곳인데요 말로만 들었던 삼청동 단팥죽 드디어 먹어 보았어요. 친구들과 경복궁 돌담길 따라 걷기 하면서 다녀왔어요. 삼청동단팥죽 삼청동전통차 서울미래유산 서울서둘째로잘하는집 삼청동맛집 단팥죽맛집 서울서둘째로잘하는집 서울 종로구 삼청로 122-1 위치하며, 단팥죽 전통-건강차 가 유명하다고 하네요. 하얀창문과 붉은벽돌의 벽 그리고 현관문이 가정집 현관처럼 웬지 친근한 느낌이 들면서 세월의 흔적이 느껴지는 집 이네요. 서울서둘째로잘하는집, 서울미래유산 이네요. 이용시간 : 매일 11시2030 1976년에 창업하여 지금까지 같은 장소에서 영업을 이어오고 있는 전통찻집 이라고 하며, 쌍화탕을 정성껏 달인다고 하네요. 삼청동 일대의 시대적 풍경과 함께 오랜 세월동안 개업 당시의 모습 그대로 유지하고 있으며, 고유한 맛의 단팥죽, 전통건강차를 대중화하여 식문화사 측면에서 보존가치가 높은 곳이라 하였네요. 단팥죽 4개 주문했어요. 단팥죽이 나왔는데요 곱게 갈은 팥죽에 얇게 저민 삶은밤, 은행, 팥알갱이가 올려져 있는데 코끝으로 스쳐오는 계피향이 이렇게 상큼하고 아름다웠나요? 팥죽속으로 숟가락을 넣어보니 팥알갱이가 올라오네요. 실내가 그리 넓지 않은 편이라 오래 앉아 있지는 못하겠더라구요. 그래서 팥죽만 먹고 잠시 쉬다가 기다리시는 분께 자리 양보 하고 다시 왔던 길을 되짚어 경복궁역으로 걸으니 기분이 좋네요. 찰떡이 들어 있어 인증샷 한장 찍었습니다. 팥을 곱게 갈아서 부드러운데요 그렇게 달지 않으며 살캉살캉 씹히는 팥알갱이 식감이 좋구요. 쫀득한 찰떡이 팥죽과 이렇게 잘 어울렸나요... 친구 4명이 맛있다며 잘 먹네요. 포장도 가능하답니다. 오랜세월의 흔적이 남아있는 집들이라 여기까지 오면서 풍경도 좋았고 단팥죽도 맛있었고 ...암튼 기분 좋네요 삼청동 단팥죽 전통차 서울미래유산 서울서둘째로잘하는집에서 드디어 단팥죽 먹었어요. 개인적으로 기대했던것 보다 맛있었고 경복궁역에서 경복궁 돌담길 따라 걸어가는 풍경도 좋았습니다. 다음에는 쌍화탕도 한번 주문해봐야겠어요. 근처에 삼청공원, 경복궁, 북촌, 인사동 등 먹거리 볼거리 즐길거리 많은 곳이라 서울여행시 가볼만한곳 입니다....","大家好。隨著BTS光化門演唱會的熱度逐漸消退，春花爛漫的消息也預示著春天的到來，我突然很想吃甜甜的紅豆粥。所以，我想介紹一家我在首爾搜到的知名紅豆粥店。這家店的紅豆粥是用一個被指定為首爾未來遺產的購物袋包裝的。地址是“首爾第二名之家”，電話號碼是02-734-5302。我點了外帶。這就是購物袋，裡面還有紅豆粥的儲存和食用說明。這是我在Naver上查到的菜單，他們家有紅豆粥、雙花堂、水正果、薑棗茶和西茶。不過，Naver上的菜單圖片還沒有更新，所以圖片上的價格和現在的實際價格有所不同。這是一碗裝滿甜紅豆粥的小塑膠盒。首先映入眼簾的是栗子。店家說這是本地產的栗子，在店裡新鮮煮熟的。栗子香脆可口。 「首爾紅豆粥店」是鐘路三清洞一家著名的紅豆粥店，已被首爾市政府指定為“首爾未來遺產”，據說已有50年的歷史。這道美味的紅豆粥以整粒紅豆為特色；紅豆湯底濃稠順滑，香氣撲鼻，帶有淡淡的肉桂味。除了栗子、松子和整粒紅豆，還有大塊的年糕，口感更像糯米糕而不是飯糰。這是一款適合胃口不好時食用的甜紅豆粥。下次我一定要去這家店嚐嚐。首爾名店、首爾紅豆粥店、首爾第二美食、首爾未來遺產、50年傳統紅豆粥、鐘路三清洞咖啡館

三清洞紅豆粥店、首爾第二美食、紅豆粥店。最近，我在這裡分享一些非常私人的日常生活。每個月，我都要去漢陽陪孩子上博物館解說員課程。對我來說，漢陽真的很遠，要花掉一整天的時間。因為所有上課的博物館都在首爾，所以我必須去。不過，因為有志同道合的家長同行，這段旅程還是很愉快的。有時候，照顧孩子的時候，我也會有點“崩潰”，哈哈，但這個小組的組成真是太完美了！一月的第三週，也就是博物館課程那天，我們去了韓國國立民俗博物館！ 「請準時把孩子們交給老師好嗎？還有，請好好照顧他們。」我們有兩個小時的自由活動時間，我好興奮！首先，感覺有點餓了，就先去吃點東西吧。於是我們三個媽媽慢慢地往三清洞走去。三清洞就在國立民俗博物館對面的人行橫道旁，那裡好潮啊！年輕人看起來都好酷。我上次來三清洞是什麼時候來過呢……？哦，天哪，這是我大學畢業後第一次來。身為仁川人，每次來首爾我都像往常一樣興奮。路過一家咖啡館，我只是想隨便拍點什麼，就拍了張照片。我們沒有特定的目的地，只是隨意地走著。這時，我們的大姊說：「這裡有很好吃的紅豆粥。」 呃…我討厭紅豆粥。粥這種東西只有生病的時候才會吃，對吧？但是紅豆粥？好吧，我其實不想吃，我真的不想吃。走了一會兒，我妹妹又說：「這家紅豆粥店真的很好吃，我們去吧，我要一份紅豆湯。」（其實我當時渴了，想喝美式咖啡，哈哈）於是我們就到了。那家著名的紅豆粥店——首爾第二好吃的紅豆粥，據說三清洞的紅豆粥很受歡迎。我之前都不知道這家店這麼火爆。我當時就給她拍了張照片。哈哈哈哈。我注意到店裡有外帶和堂食的隊伍。我們決定堂食，就排隊了。我們進去之後，發現裡面擺著老式咖啡館的椅子，空間有點擠。我坐在那裡很久，感覺外面排隊的人一直盯著我們看，有點不好意思。哈哈哈哈。因為渴，我點了一份紅豆湯和兩碗紅豆粥。我們每人點了一道菜，很快就上來了。甜粥裡有很多發酵米粒，感覺不太甜？嗯，也就一般般吧？算是健康甜粥，但這裡的亮點在於紅豆粥……哇，這是什麼？嚐了一口之後，我終於明白我姊姊為什麼推薦它了。這簡直是紅豆粥的新境界。裡面有手工蒸熟去皮的栗子、飽滿的紅豆……還有像糯米糰子一樣的大塊，上面撒著肉桂粉……

我去了三清洞紅豆粥店，這家店被評為首爾未來遺產，也是首爾第二好去處。每次我們去仁寺洞或北村遊玩，都會有人推薦我們去這家紅豆粥店，說它就在附近。我一直想去三清洞，終於有機會品嚐了之前只聞其名的三清洞紅豆粥。我和朋友沿著景福宮的石牆小徑漫步時順道去了那裡。三清洞紅豆粥、三清洞傳統茶、首爾未來遺產、首爾第二名住宅。這家位於三清洞的餐廳是著名的紅豆粥勝地，地址是首爾市鐘路區三清路122-1號。據說這裡以紅豆粥和傳統養生茶聞名。白色的窗戶、紅磚牆和前門，讓整棟房子給人一種親切的感覺，如同私人住宅的入口，同時也展現出歲月的痕跡。它是“首爾第二名住宅”和首爾未來遺產。營業時間：每日11:00-20:30。據說這家茶館創立於1976年，至今仍在原址經營，他們精心熬製雙花醬。據說，茶館自開業以來，一直保持著最初的樣貌，與三清洞一帶的歷史景觀相得益彰，因其推廣獨特的紅豆粥和傳統養生茶，在飲食文化史上具有很高的保存價值。我點了四碗紅豆粥。香甜的紅豆粥端上來，細膩的紅豆粉上鋪著切成薄片的煮栗子、銀杏果和紅豆粒。肉桂的香氣撲鼻而來，清新怡人。舀起一勺，紅豆粒便浮到了粥面上。店內空間不大，所以我沒能久坐。於是，我吃完了粥，休息了一會兒，把座位讓給了等位的人，然後沿著原路走回了景福宮站；感覺真好。粥裡有糯米糕，所以我拍了張照片留作紀念。紅豆磨得很細，口感順滑；甜度適中，紅豆粒的脆脆口感令人愉悅。誰能想到軟糯的糯米糕和紅豆粥竟然如此搭配……我的四個朋友也吃得很開心，紛紛稱讚它美味。這裡還可以外帶。因為這裡的房子都帶有歲月的痕跡，所以沿途的風景很美，甜甜的紅豆粥也非常好吃……總之，我感覺很棒。我終於在三清洞的「首爾第二名之家」——一家專門供應傳統茶飲和甜紅豆粥的首爾未來遺產——吃到了正宗的甜紅豆粥。就我個人而言，味道比我想像的要好，而且從景福宮站沿著景福宮的石牆漫步，景色也很美。下次我想試試雙花醬。附近有很多吃喝玩樂的地方，像是三清公園、景福宮、北村和仁寺洞，所以首爾之旅很值得一去。",씁쓸하고 알싸한 차향이 먼저 반기는 이곳은 단팥죽으로 더 유명한 집입니다. 너무 달지도 않고 알맞은 단팥죽의 맛이 우리네 입맛을 더 돋우게 된다. 화려한 멋도 없고 운치 있는 볼거리가 있진 않지만 소박한 그릇에 내오는 전통차와 단팥죽의 맛은 서울에서 제일이라고 꼽을 수 있을 정도이다. 낡지만 그 만의 멋이 있어 더욱 좋은 곳이기도 하다.,,서울서둘째로잘하는집 삼청동,首爾第二好的餐廳，三清洞
학림,哈克里姆,카페,咖啡店,영업 전,3073,3064,서울 종로구 대학로 119 2층 학림카페,首爾市鐘路區大學路 119 號學林咖啡廳 2 樓,혜화역 3번 출구에서 68m,距惠化站3號出口68米,영업 전 10:00에 영업 시작,02-742-2877,http://hakrimcoffee.kr,,"생방송오늘아침 2287회, 15.07.09.2015년 7월 9일 굿모닝대한민국 835회, 14.09.03.2014년 9월 3일 생생정보통 714회, 13.09.03.2013년 9월 3일 굿모닝대한민국 192회, 12.02.20.2012년 2월 20일 커피","크림 치즈케익 6500원
비엔나커피 6500원
파르페 9000원
아메리카노 6000원
에스프레소 더불 5500원
에스프레소콘파나 6000원
에스프레소마끼아또 6000원","奶油起司蛋糕 6,500 韓元

維也納咖啡 6,500 韓元

芭菲 9,000 韓元

美式咖啡 6,000 韓元

雙份濃縮咖啡 5,500 韓元

濃縮咖啡佐奶油 6,000 韓元

義式瑪奇朵 6,000 韓元","대학로의 상징이자 살아있는 역사인 학림다방은 서울위드팜약국 2층에 위치해 있습니다. 계단을 통해서 올라가면 됩니다. 학림은 아직도 여전히 60년대 언저리의 남루한 모더니즘 혹은 위악적인 낭만주의와 지사적 저항의 70년대쯤 어디선가 서성거리고 있다. 학림은 지금 매끄럽고 반들반들한 현재의 시간 위에 과거를 끊임없이 되살려 붙잡아 매두려는 위태로운 게임을 하고 있다라고 썼다. 하루가 다르게 욕망의 옷을 갈아입는 세속을 굽어보며 우리에겐 아직 지키고 반추해야 할 어떤 것이 있노라고 묵묵히 속삭이는 저 홀로 고고한 섬 속의 왕국처럼 이 초현대, 초거대 메트로폴리탄 서울에서 1970년대 혹은 1960년대로 시간 이동하는 흥미로운 체험을 할 수 있는 데가 몇 군데나 되겠는가? 그것도 한 잔의 커피와 베토벤쯤 곁들여서... -황동일 작가- 이곳은 서울시 선정 서울미래유산입니다. 30년 전이나 지금이나 똑같은 모습입니다. 창가에 앉으면 대학로의 가로수와 사람을 구경하며 차를 마실 수 있습니다. 빼곡히 꽂혀있는 낡은 LP판을 보니 세월의 흔적이 느껴집니다. 최근 레트로가 인기를 끌면서 젊은 사람들이 주로 모였더라고요. 1960년 종로의 낭만, 오늘에 스며들다 1956년에 문을 연 이곳은 70년 가까운 세월 동안 지성과 낭만의 아지트 역할을 해왔습니다. 흑백 속에 담긴 오래된 온기 2층 다락에 앉았는데 아늑하고 좋았습니다. 오래된 목조 인테리어가 마음을 편안하게 했습니다. 대학로라는 지역적 특성에 비하면 비싸지는 않았습니다. 시그니처 메뉴로 부드러운 비엔나커피와 귀여운 모양의 크림 치즈케이크가 가장 유명하며, 직접 로스팅한 수준 높은 블렌딩 커피를 제공하는데요. 저는 한방차를 친구는 유자차를 주문했어요. 시간이 멈춘 듯한 공간에서 따뜻한 차 한잔을 하고 싶다면 혜화역 2층에 위치한 학림다방을 방문해 보세요 서울시 선정 오래가게인 학림 카페 주소: 종로구 대학로 119 2층 대중교통 이용 시 : 혜화역 3번 출구 영업시간: 1023시
대학로하면 생각나는 카페 학림,,! 2022년도에 한 번 방문했었다,,! https:blog.naver.combluebear282222614042573 그리고 거진 4년만에 재방문,,! 1956년부터 시작된 곳,, (우리 아빠랑 동갑이다,,tmi,,) 2022년부터 블루리본을 받고 있다,, 역사가 느껴지는 나무문,, 우리가 8시쯤 들어갔는데 웨이팅이 있었다,,! 우리가 두 번째였는데, 다행히 두 테이블이 나가서 얼마 안 기다리고 앉았다,, 근데 우리 뒤로도 사람들 계속 들어오고 계속 웨이팅있고,, 여기가 11시까지 해서 그런가 우리가 10시쯤 나갔는데, 그 때 들어오는 사람도 있었다,, 예전과 크게 달라지지 않은 듯한 모습,, 메뉴판을 봅니다,, 가격도 별로 안 올랐다,, 4년 전에 비엔나 커피 6,000원이었는데, 지금은 6,500원,, 500원밖에 안 오름,, 학림은 뭐다,,비엔나 커피,,! 역시나 비엔나 커피를 주문합니다,, 아이스 좋아하지만 비엔나는 핫으로,, 같이 간 동생은 아이스로 주문,, 핫이랑 아이스 가격이 다른 메뉴들이 있는데, 비엔나 커피는 가격이 동일함,,! 비엔나 커피 6,500 2 13,000 커피를 갖다주신다,, 나갈 때도 놓고 나가면 된다,, 동생이 시킨 아이스 비엔나 커피,, 내가 시킨 따뜻한 비엔나커피,, 아,,역시 맛있다,, 크림도 진짜 쫀쫀해서 형태가 흐트러지지 않고, 그 형태 그대로 유지된다,, 부드럽고 맛있어,, 저녁 늦게 가면 좀 술 취한 사람들이 오거나 아님 술 마시는 사람들이 와서 자리 잘못 잡으면 시끄러울 수 있음,, 네,,우리 얘기ㅠㅠ 옆테이블 하필 와인 마셔서 목소리 커가지고 귀가 너무 피곤했다고 합니다,ㅠㅠ
서울미래유산으로 남은 대학로의 살아있는 전설을 만났습니다. 대학로 번화가 속에서 시간의 흐름을 잠시 멈춰 세운 듯한 공간이 있습니다. 이번에 소개할 곳은 1956년에 문을 연 이래 오늘날까지 그 이름을 지키고 있는 학림다방()입니다. 지극히 평범한 카페가 아닌 대한민국 현대사의 지성과 예술이 태동했던 이곳은 이제 서울미래유산으로서 그 가치를 더욱 공고히 하고 있어요. 혜화역 3번 출구 기준 12분 거리에 있습니다. 종로구 대학로 119 2층(명륜4가 94-2) 02-742-2877 매일 10:00-23:00 22:00 라스트오더 주차 불가 인근 공영주차장 이용 학림다방 대학로맛집 서울미래유산 혜화카페 역사여행 낙산공원 성곽길산책 LP카페 전통다방 이화동벽화마을 아포의맛집 아포의맛집탐방 붉은 벽돌의 학림 학림다방은 붉은 벽돌 건물의 2층에 자리 잡고 있습니다. 1층의 현대적인 풍경과는 대조적으로 건물 외벽에 걸린 커다란 현수막과 낡은 창틀이 이곳의 역사를 짐작게 합니다. 특히 입구 옆에 설치된 금빛 판에는 학림을 사랑하는 이들의 마음을 대변하는 황동일 작가의 문구가 새겨져 있습니다. 학림은 지금 매끄럽고 반들반들한 현재의 시간 위에 과거를 끊임없이 되살려 붙잡아 매 두려는 위태로운 게임을 하고 있다. 이 문장을 읽으며 좁고 가파른 나무 계단을 오르다 보면 어느덧 수십 년 전의 어느 날로 시간 여행을 떠나는 기분이 듭니다. 복층의 낭만이 있는 학림 좁은 계단을 따라 위로 올라가야 합니다. 계단을 오르는 벽 한편에 붙은 지하철 1호선 포스터와 빛바랜 공연 소식들은 대학로 연극 문화와 함께 호흡해 온 학림의 세월을 보여줍니다. 세월의 흔적이 그대로 묻어나는 문을 열고 안으로 들어가 봅니다. 실내 풍경입니다. 복층 구조로 되어 있어요. 낮은 천장 아래 옹기종기 모여 앉아 담소를 나누는 풍경은 어쩌면 이제 학림에서만 경험할 수 있는 독보적인 정취가 아닐까 싶네요. 벽면을 가득 채운 클래식 거장들의 흑백 사진과 LP 판들은 이곳이 문화 예술은 물론 시대 지성인들의 안식처였음을 증명하는 듯합니다. 메뉴 학림다방은 커피는 물론 다방 시절의 향수를 불러일으키는 메뉴들을 여전히 내놓습니다. 비엔나커피를 비롯 크림 치즈케이크, 전통차와 파르페 등이 있습니다. 우리 일행도 기호에 맞게 음료를 주문했습니다. 커피, 대추, 생강 등등.... 학림다방 이야기 학림()이라는 이름은 당시 서울대학교 문리대 축제인 학림제에서 유래되었다고 하죠. 6070년대 대학생들에게...","位於首爾威斯達姆藥局二樓的Hakrim咖啡館，是大學路的地標，也是一段鮮活的歷史。您可以走樓梯上去。據說，Hakrim咖啡館至今仍保留著上世紀六十年代——一種略顯破敗的現代主義或矯揉造作的浪漫主義——以及七十年代——一個充滿愛國主義反抗精神的時代——的痕跡。文章也指出，Hakrim咖啡館如今正小心翼翼地玩著一場遊戲，不斷地將過去與光滑精緻的現代生活聯繫起來。它就像一座孤島上的王國，靜靜地低語著，提醒我們還有值得守護和反思的東西，同時俯瞰著日漸世俗、慾望外衣不斷變換的世外桃源。在這座高度現代化、龐大的首爾都市裡，又有多少地方能提供如此引人入勝的時光旅行體驗，帶我們回到上世紀六十年代或七十年代呢？再配上一杯咖啡，或許還有貝多芬的音樂……——黃東日——這裡已被首爾市政府選為首爾未來遺產。它如今的模樣與30年前別無二致。坐在窗邊，一邊品茶，一邊欣賞大學路上的樹木和行人。看著擺滿老式黑膠唱片的架子，彷彿能感受到歲月的痕跡。隨著復古風潮的興起，我注意到這裡聚集的大多是年輕人。六十年代鐘路的浪漫氣息依然縈繞於此。這家店於1956年開業，近70年來一直是思想與浪漫的避風港。黑白照片捕捉了昔日的溫暖。我坐在二樓的閣樓裡，感覺舒適愜意。古老的木質內裝讓人心曠神怡。考慮到大學路一帶的物價，這裡的價格不算貴。他們家的招牌菜以口感順滑的維也納咖啡和造型可愛的奶油乳酪蛋糕而聞名，而且他們還提供店內烘焙的高品質拼配咖啡。我點了花草茶，朋友點了檸檬茶。如果你想在一個彷彿時間靜止的地方享用一杯暖茶，那就去惠化站二樓的Hakrim Dabang吧。 Hakrim Cafe是老字號，曾被首爾市政府評選為推薦店。地址：首爾市鐘路區大學路119號2樓。大眾運輸：惠化站3號出口。營業時間：10:00-23:00

說到大學路，Hakrim咖啡館絕對是首選！我2022年去過一次！ https://blog.naver.combluebear282222614042573 時隔近四年，我又去了一次！這家店從1956年就開了（跟我爸同歲……有點不好意思說……）。它從2022年開始榮獲藍絲帶獎。木門散發著歷史的氣息。我們晚上8點左右進去的，居然排起了長隊！我們排在第二位，幸運的是還剩下兩張桌子，所以我們沒等多久就找到了座位。不過，後面的人絡繹不絕，隊伍一直沒斷過。可能是因為他們營業到晚上11點，我們晚上10點左右離開的時候，還有人進來。店裡看起來和以前沒什麼太大變化。我看了看菜單。價格也沒漲多少。四年前，維也納咖啡是6000韓元，現在是6500韓元。只漲了500韓元。 Hakrim是什麼？維也納咖啡！不出所料，我點了維也納咖啡。我喜歡冰飲，但我點的是熱的維也納咖啡。我的弟弟點的是冰的。菜單上的飲品有冷熱兩種，價格不同，但維也納咖啡的價格是一樣的！維也納咖啡 6,500 韓元，熱飲 13,000 韓元。他們會把咖啡送到你的桌上……離開的時候你可以直接放在那裡……這是我弟弟點的冰維也納咖啡……這是我點的熱維也納咖啡……啊……果然好喝……奶油非常濃稠，所以不會變形，保持得很好……口感柔滑，味道也很棒……如果晚上去比較晚，可能會有一些遭遇的人或者吵鬧的人，所以如果坐喝酒的人，所以如果坐喝酒的人，這可能會比較假……我們旁邊那桌剛好在喝葡萄酒，他們的聲音太大了，我的耳朵都快聾了ㅠㅠ

我遇到了一位被列為首爾未來遺產的大學路活著的傳奇人物。在熙熙攘攘的大學路街道中，有一個彷彿時間靜止的空間。這次我要介紹的是自1956年開業以來一直沿用至今的Hakrim Dabang。這裡不僅是一家普通的咖啡館，更是韓國近代史的智慧與藝術的搖籃，如今更被譽為首爾未來遺產。它位於惠化站3號出口步行12分鐘處。地址：首爾市鐘路區大學路119號2樓（明年路4街94-2號），電話：02-742-2877，營業時間：每日10:00-23:00（最後點餐時間為22:00），無停車位，請使用附近的公共停車場。 Hakrim Dabang 大學路餐廳 首爾未來遺產 惠化 咖啡館 歷史之旅 駱山公園 城牆漫步 LP咖啡館 傳統 Dabang 梨花洞壁畫村 Apo's餐廳指南 Apo's餐廳之旅 紅磚Hakrim Hakrim Dabang位於一棟紅磚建築的二樓。與一樓的現代景象形成鮮明對比的是，外牆上懸掛的大幅橫幅和斑駁的窗框，無不訴說著這裡的歷史。尤其值得一提的是，入口旁一塊金色牌匾上錒刻著藝術家黃東日的一句名言，代表著所有熱愛哈克里姆的人們的心聲。哈克里姆如今正小心翼翼地玩著一場遊戲，不斷地將過去與光滑精緻的現代生活交織在一起。讀著這句話，拾級而上，沿著狹窄陡峭的木樓梯，彷彿穿越回了幾十年前的某一天。想要到達哈克里姆——這座充滿浪漫氣息的複式建築——就必須拾級而上。樓梯旁的牆上貼滿了地鐵1號線的海報和褪色的演出通知，訴說著哈克里姆悠久的歷史，它與大學路的戲劇文化共同孕育了這片土地。我推開那扇飽經歲月洗禮的大門，走了進去。這就是哈克里姆的內部景象，它採用的是複式結構。人們擠在低矮的天花板下聊天，這景象彷彿營造出一種獨特的氛圍，或許只有在哈克里姆才能體驗到。牆上掛滿了古典大師的黑白照片和黑膠唱片，似乎在訴說著這裡不僅是文化藝術的聖地，也是當時知識分子的聚集地。至於菜單，哈克里姆大廳至今仍提供咖啡，以及一些讓人懷念傳統茶館時光的點心，例如維也納咖啡、奶油起司蛋糕、傳統茶飲和芭菲。我們一行人也點了各自喜歡的飲品，像是咖啡、紅棗、薑汁等等……哈克里姆大廳的故事是這樣的：據說「哈克里姆」這個名字來自當時首爾大學文理學院舉辦的「哈克里姆節」。對於六、七十年代的大學生…",,,학림다방 대학로,哈克里姆咖啡館，大鶴路
동빙고 본점,東丙溝總店,빙수,刨冰,영업 전,1727,1342,서울 용산구 이촌로 319 현대아파트,首爾特別市龍山區二村路 319 現代公寓,서빙고역 1번 출구에서 874m,距西冰湖站1號出口874米,영업 전 10:30에 영업 시작,02-794-7171,,,"전지적참견시점 17회, 18.08.18.2018년 8월 18일 팥빙수","단팥죽 8500원
팥빙수 9500원
미숫가루팥빙수 10000원
딸기빙수 10000원
단팥죽메밀차 12000원
단팥죽소바차(메밀) 11000원
핫초코 5500원
크림치즈파이 6500원
녹차빙수 10000원
백설빙수 10000원
커피빙수 10500원
로얄밀크티빙수 10500원
유자빙수 10000원
아메리카노 4000원
디카페인 4000원
카페라떼 5000원
카푸치노 5500원
달콤라떼 6000원
로얄밀크티 6000원
레몬진저허브티 5000원
얼그레이티 5000원
바닐라티 5000원
초코라떼 5500원
진저라떼 6500원
수정과 7500원
대추차 8000원
쌍화차 7500원
생강차 7500원
자몽차 6000원
레몬차 5500원","甜紅豆粥 8,500 韓元

紅豆刨冰 9,500 韓元

甜紅豆刨冰 10,000 韓元

草莓刨冰 10,000 韓元

甜紅豆粥蕎麥茶 12,000 韓元

甜紅豆粥蕎麥茶 11,000 韓元

熱巧克力 5,500 韓元

奶油起司派 6,500 韓元

綠茶刨冰 10,000 韓元

白雪刨冰 10,000 韓元

咖啡刨冰 10,500 韓元

皇家奶茶刨冰 10,500 韓元

柚子刨冰 10,000 韓元

美式咖啡 4,000 韓元

無咖啡因4,000 韓元

拿鐵咖啡 5,000 韓元

卡布奇諾 5,500 韓元

甜拿鐵 6,000 韓元

皇家奶茶 6,000 韓元

檸檬薑草茶 5,000 韓元

伯爵茶 5,000 韓元

香草茶 5,000 韓元

巧克力拿鐵 5,500 韓元

薑味拿鐵 6,500 韓元

水正果茶 7,500 韓元

紅棗茶 8,000 韓元

雙花茶 7,500 韓元

薑茶 7,500 韓元

西柚茶 6,000 韓元

檸檬茶 5,500 韓元","용산 이촌동 팥빙수 단팥죽 레전드 맛집 동빙고 내돈내산 솔직 방문 후기 안녕하세요. 쉬운 요리뿐만 아니라 일상의 여유로운 easy 라이프를 꿈꾸는 쉬운요리만하는워킹맘입니다. 오늘은 제가 정말 아끼고 자주 찾는 단골집 한 곳을 소개해 드리려고 해요. 바로 용산 이촌동에서 모르는 사람이 없다는 팥빙수와 단팥죽의 성지, 동빙고입니다. 이곳은 워낙 유명한 곳이라 여름철 성수기에는 기본 한 시간 이상 줄을 서야 맛을 볼 수 있는 진정한 레전드 맛집이지요. 저 역시 이촌동 동빙고에 직접 방문해서 먹기도 하고, 집에서 편하게 배달로도 여러 번 주문해 먹었을 만큼 자타공인 단골이라고 자부한답니다. 날씨가 쌀쌀해진 요즘 같은 계절에도 이곳의 팥 맛이 그리워 다시 발걸음을 하게 되었어요. 동빙고를 찾게 된 특별한 이유 이번 방문은 조금 특별한 계기가 있었어요. 최근 저희 아이에게 전래동화인 팥죽 할머니와 호랑이 이야기를 들려주었거든요. 이야기를 한참 듣던 아이가 팥죽이 도대체 어떤 맛인지 너무 궁금하다고 눈을 반짝이며 묻더라고요. 말로만 설명해 주기보다는 직접 맛을 보여주는 게 제일 좋은 교육이겠다 싶었지요. 마침 저도 간만에 따끈한 팥죽과 시원한 빙수가 생각나서 아이 손을 잡고 즐겁게 다녀왔습니다. 동빙고의 메뉴 구성은 참 정갈해요. 대표 메뉴인 단팥죽과 팥빙수를 시작으로 여러 종류의 빙수가 준비되어 있고요. 어르신들이 좋아하실 만한 대추차나 쌍화차 같은 전통차 종류도 갖춰져 있습니다. 커피 메뉴는 군더더기 없이 아메리카노 한 가지만 있어서 오히려 팥 전문점다운 뚝심이 느껴지기도 해요. 가격은 단팥죽이 8,500원, 팥빙수가 9,500원 선이며 매장에서 드실 때는 1인 1메뉴 주문이 원칙이니 참고해 주세요. 정성이 가득 담긴 단팥죽의 깊은 맛 가장 먼저 나온 단팥죽은 보는 것만으로도 마음까지 따뜻해지는 비주얼이었어요. 정갈한 그릇에 담긴 팥죽 위로 큼지막한 밤 한 톨과 잣, 은행이 예쁘게 고명으로 올라가 있답니다. 무엇보다 향긋한 계피가루가 한 스푼 톡 올라가 있어서 서빙될 때부터 향이 정말 일품이에요. 팥죽 속에는 쫀득쫀득한 찰떡이 숨어 있어서 보물찾기를 하듯 찾아 먹는 재미가 쏠쏠해요. 크기는 일반적인 밥공기보다는 조금 더 넉넉하고 국공기보다는 약간 작은 편이라 한 끼 간식으로 즐기기에 아주 적당한 양입니다. 너무 달지 않으면서도 팥 고유의 진한 풍미가 살아있어서 한 입 먹을 때마다 감탄이 절로 나온답니다. 입안에서 사르르 녹는 팥빙수와 딸기빙수 동빙고의... 
얼마전에 차타고 이동하던 중 팥빙수가 너무 먹고 싶은거예요. ㅎㅎㅎ 그래서 집에 가던 길보다 살짝 길을 더 돌아서 이촌동 동빙고에 전화로 팥빙수를 주문하고 바로 픽업을 받으러 갔답니다. ㅋㅋㅋ 영업시간 매일 10:30 - 22:00 전화번호 02-794-7171 주차장 없어요! 조금 늦은 저녁 시간대에 도착. 전화로 주문했기 때문에 차는 잠깐 길가에 대놓고 후다닥 후다닥 사진찍고 안으로 슝! 내부에 테이블이 많지는 않지만 그래도 앉아서 먹다가 갈 수 있는 공간은 마련되어 있어요. 창가쪽이 격자무늬 통 창이라 사진을 찍고 싶었지만 손님들이 앉이 계셔서 혹시나 불쾌하실까봐 차마 찍진 못했구요. ㅎㅎㅎ 계산대 옆에 메뉴판이 붙어있어요. 여름엔 빙수 손님이 줄을 지어 대기를 잇고 있지만 겨울엔 단팥죽 손님들이 더 많겠죠? 계산하고 미리 전화 주문해둔거라 사장님께서 냉동고에 포장해서 넣어 두셨더라구요. 바로 픽업 가능! 차가 밖에서 비상등켜고 대기중이라 후다닥!!! 아담하고 예쁜 동빙고 본점의 외관! 저는 일단 다시 차에 타고 출발 ㅎㅎㅎ 기본 팥빙수 하나, 미숫가루 팥빙수 하나! 미숫가루 팥빙수에는 겉에 글자로 써두셨어요. 보냉백 안에 빙수. 빙수 위에 작은 얼음팩. 기본 팥빙수 9,500원 우유 빙수에 맛있는 팥이 가득!!! 역시!!! 이 맛이거등요!!! 정말 많은 팥빙수를 먹고 살았지만 동빙고 팥빙수의 팥을 이길 수 있는 곳이 있을까 싶어요. 팥을 좋아하지 않는 저도 팥이 너무 맛있다 하면서 다 퍼먹을 정도로 맛있어요!!! ㅎㅎㅎ 미숫가루 팥빙수 10,000원 우유빙수 안에 팥과 미숫가루와 떡이 들어있어요. 떡도 한입 가득 큼직하구요, 미숫가루 덕에 엄청 고소함이 더해져서 맛있답니다. 문득문득 한번씩 먹고싶단 생각이 드는 동빙고 팥빙수!!! 한겨울에도 맛있게 잘 먹었습니다!!! 동빙고본점동빙고팥빙수동빙고미숫가루팥빙수동빙고겨울팥죽동빙고겨울팥빙수맛있는팥빙수추천
동빙고 본점 운영시간: 10:3021:00 주차정보: 가게 앞 or 공영주차장 전화번호: 02-794-7171 포장 가능 갓길 주차는 지정된 시간만 가능 동빙고 주차는 2가지 방법이 있음 1. 가게 앞에 대기 2. 공영주차장 이용하기(매우 저렴) 첫번째 방법, 가게 바로 앞쪽에 하면 됨 근데 최대 3대까지만 가능할 것 같음 주차 가능 시간 (점심) 11시14시 30분 (저녁) 18시20시 (밤) 21시 이후 토요일, 일요일, 공휴일 주차가능 두번째 방법, 공영주차장 이용 걸어서 5분거리 나는 한시간도 안되게 있었는데 400원 나왔음 전기차라 감액된거 같음 히히 들어가면 수많은 블루리본 ㄷㄷ 메뉴는 빙수 아니면 단팥죽 단팥죽 8,500원(안먹어봄) 팥빙수 9,500원 (먹어봄) 딸기빙수 10,000원(안먹어봄) 매장은 그냥 크지도 작지도 않음 우리는 1인 1빙 우유 얼음 떡 3조각 팥 완전 클래식 쓰까먹는거 안좋아해서 그냥 한입씩 먹음 떡이 진짜 부드럽고 쫄깃해서 좋음,,,ㅠㅠㅠ 떡 추가하고 싶었음 그리고 우유얼음 너무 부드러웠고 달달해서 연유가 따로 필요없음 팥도 부드러워서 혀로도 잘 뭉개짐.. 요즘 나오는 빙수들 솔직히 너무 달고 좀 이것저것 올라간게 많고 오바 심한데 여기는 딱 기본이라 먹어도 안 질리고 너무 달기만 한것도 아니라서 좋았음 그리고 떡이 진짜 말캉함,,ㅠㅠ 아 또 먹고싶다 우리 동네에 비슷한곳 있는데 우유얼음이 맛있긴 하지만 팥이 맛없음 ㅠㅠ.. 조화롭기가 쉽지않은듯.. 아무튼","大家好。我是一位只做簡單菜的職場媽媽，夢想的不僅是簡單的菜餚，還有輕鬆自在的生活方式。今天，我想介紹一家我非常珍惜且經常光顧的餐廳——位於龍山區二村洞的“東冰閣”，這裡是紅豆粥和刨冰的聖地，可謂是家喻戶曉。正因為名氣太大，這家餐廳堪稱傳奇，在夏季高峰期，人們通常需要排隊至少一個小時才能品嚐到它的美味。我也是這家餐廳的忠實顧客，不僅親自到店品嚐過，還多次點外賣，享受在家也能享用的美味。即使在寒冷的季節，我還是會因為想念這裡的紅豆粥而再次光顧。這次去「東冰閣」還有一個特別的原因。最近，我跟孩子說了一個韓國傳統童話故事──《紅豆粥奶奶與老虎》。聽了一會兒故事後，孩子眼睛一亮，迫不及待想知道紅豆粥到底是什麼味道。我想，與其光用語言描述，不如讓他們親口嚐嚐，這樣才能更了解紅豆粥。巧的是，我也好久沒吃過熱乎乎的紅豆粥和清爽的刨冰了，於是便興高采烈地牽著孩子的手去了那裡。東冰閣的菜單簡潔明了，招牌紅豆粥和紅豆刨冰之外，還有各種其他口味的刨冰可供選擇。他們也供應一些老一輩喜歡的傳統茶飲，像是紅棗茶和雙花茶。咖啡單很簡單，只有美式咖啡，這倒也符合一家紅豆專賣店的沉穩氣質。紅豆粥的價格約為8500韓元，紅豆刨冰的價格約為9500韓元；請注意，堂食每人限點一份。紅豆粥味道濃鬱，飽含誠意。最先端上來的紅豆粥，光看就讓人心生溫暖。盛在精緻碗中的紅豆粥上，點綴著一顆飽滿的栗子、松子和銀杏果，最後撒上一匙香噴噴的肉桂粉，一上桌便香氣撲鼻。粥裡還藏著軟糯的年糕，尋找的過程如同尋寶一般充滿樂趣。份量比普通米飯略大，但比湯碗略小，作為小吃享用正合適。它甜度適中，紅豆濃鬱醇厚的風味卻完美呈現，每一口都讓人回味無窮。東冰家的紅豆刨冰和草莓刨冰入口即化…

前陣子開車的時候，我突然特別想吃紅豆刨冰。哈哈。於是，我特意繞了遠路，打電話到位於二村洞的東冰家訂餐，然後直接去拿餐。哈哈。營業時間是每天上午10:30到晚上10:00。電話號碼：02-794-7171。沒有停車場！我晚上到得有點晚。因為是電話訂餐，所以我把車停在路邊，快速拍了幾張照片，就衝了進去！店裡桌子不多，但還是有地方可以坐下來吃的。靠窗的一側是落地格子窗，我想拍照，但因為有顧客坐在那裡，怕他們覺得不自在，就沒敢拍。呵呵。選單貼在收銀台旁。夏天的時候，刨冰要排隊，但我想冬天應該更多的人會來買甜紅豆粥吧？付完錢後，我發現老闆已經把我的訂單打包放進冰櫃了，因為我是提前電話預訂的。可以馬上取餐！我的車已經開著雙閃燈在外面等著了，所以我趕緊過去！東冰谷總店的外觀溫馨又漂亮！我回到車裡，出發了。呵呵。一份普通的紅豆刨冰和一份米菓刨冰！他們甚至還在米菓刨冰外面寫了些什麼。刨冰裝在保溫袋裡。刨冰上面放著一個小冰袋。基礎紅豆刨冰：9,500韓元。牛奶刨冰裡滿滿都是香甜的紅豆！ ！ ！果然名不虛傳！ ！ ！這就是我一直想吃的味道！ ！ ！我這輩子吃過無數紅豆刨冰，但不知道還有哪一個能比得上東冰高家的紅豆刨冰。連我這種不愛吃紅豆的人都覺得太好吃了，一邊吃一邊讚不絕口！ ！ ！哈哈哈。米菓子紅豆刨冰：10,000韓元。牛奶刨冰裡加入了紅豆、米菓子（烤穀物粉）和年糕。年糕個頭很大，一口就能吃飽，米菓子則增添了濃鬱的堅果香氣，味道簡直絕了。東冰高的紅豆刨冰真是我時不時就會想吃的！ ！ ！即使在寒冬臘月，我也吃得津津有味！ ！ ！東冰果總店 東冰果刨冰 東冰果三重刨冰 東冰果冬紅豆粥 東冰果冬刨冰 美味刨冰推薦

東冰果總店營業時間：10:30 - 21:00 停車資訊：店前或公共停車場 電話：02-794-7171 提供外帶服務 路邊停車僅限指定時段 東冰果有兩種停車方式：1. 在店前等候 2. 使用公共停車場（非常便宜） 第一種方法可以直接停在商店前停車。 停車時間：（午餐）11:00 - 14:30 （晚餐）18:00 - 20:00 （宵夜）21:00後 週六、週日及假日提供停車。 第二種方式是使用公共停車場。步行五分鐘就到了。我在那裡待了不到一個小時，停車費才400韓元。我覺得是因為是電動車所以有折扣，哈哈。進去之後，裡面到處都是藍色絲帶，哇！菜單上只有刨冰和甜紅豆粥兩種選擇。甜紅豆粥8500韓元（沒嚐過），紅豆刨冰9500韓元（嚐過），草莓刨冰10000韓元（沒嚐過）。店面大小正合適——不大也不小。我們每人點了一份刨冰：牛奶冰、三塊年糕和紅豆泥——經典搭配。我不喜歡把所有東西混在一起吃，所以就一口一口地吃。年糕軟糯Q彈，味道很棒……我還想再點幾塊年糕呢。而且，這裡的牛奶冰口感順滑香甜，根本不需要額外加煉乳。紅豆沙也很軟糯，用舌頭輕輕一碰就能碎。說實話，現在市面上賣的刨冰都太甜，配料太多，有點過頭了，但這家店的刨冰很樸實，吃起來不會膩，而且甜度也剛剛好，我很喜歡。年糕也超軟糯……啊，真想再吃一次。我家附近也有一家類似的店，牛奶冰很好吃，但是紅豆沙不好吃……看來要做到味道平衡真的很難……算了。",이촌동 동빙고 본점입니다.,,동빙고 본점 이촌로319,二村路 319 號 東兵庫總店
교동한과 롯데백화점 본점,校洞韓華樂天百貨店,"떡,한과",年糕，韓國甜點,,107,4,"서울 중구 을지로 30 , B1층",首爾市中區乙支路30號B1F,을지로입구역 7번 출구에서 185m,,,02-772-3968,,,,,#VALUE!,"올해는 명절 선물도 종류별로 하게 되는 해네요 늘 같은 종류의 것을 많이 사다 보니.. 기분전환이 하고 싶었나봐요. 그래서 가장 클래식한 선물교동 한과 세트를 구매를 해 보았어요.. 결과는 대 만족이였답니다 명절 선물로 한과세트 추천!! 1. 사이즈가 크기 때문에 비싸 보입니다. 2. 자주 먹는 주전부리가 아니라서 특별한 선물이 될수 있어요. 3. 어릴적의 추억이 새록새록 나면서 명절 분위기가 좋아집니다. 4. 의외로 입맛을 확 사로잡는 한과를 만날수 있어요. (저는..정과류 좋아해요.) 5.개별포장에 유통기한이 길어서 부담이 없어요. 한과선물세트는 이렇게 박스가 이뻐서 좋더라구요. 가운데에 그려진 그림은 밥 이랍니다. 상자에 그려져 있는 그림을 보는 즐거움도 있어서 선물을 고르는 재미가 있더라구요. 한과란? 곡무가루에 꿀, 엿, 설탕 등을 넣고 반죽하여 기름에 지지거나 과일, 열매,식물의 뿌리등을 꿀로 조리거나 버무리고 굳혀서 만든 과장랍니다. 상자를 열면이렇게 알록달록한 색상과 아기자기한 크기의 다양한 종류의 한과들이 있답니다. 교동한과의 꽃새댁은 2단으로 구성이 되어 있어요.. 1. 양이 많습니다. (2단으로 되어 있어요.) 2. 맨 윗칸에는 우리가 흔히 접하지 않는 종류의 한과가 있습니다. (골라먹는 재미가 있어요.) 3. 아랫칸에는 우리가 주로 접하는.. 호불호가 많지 않는 한과로 구성이 되어 있습니다. 4. 유과강정약과 정과 고시볼로 구성이 되어 있어요. https:naver.mexTT2XvY1 먼저 내가 좋아하는 한과 종류인 정과랍니다. 이게 한번 먹기 시작을 하면 자꾸자꾸 생각이 나요 너무 달지 않지만.. 입에 착착 감기는 맛이랍니다. 한과는 왠지 차랑 먹어야 할꺼 같고.. 격식을 차려야 할거 같지만.. 의뢰로 커피랑도 잘 어울리고 약과는 들고 다니면서 아이들 간식으로 정말 좋아요. 달달하니 당 충전에 좋습니다. 1. 다식정과(금귤,대추조란)약과 2. 아이들 간식커피와도 잘 어울려요 3. 작은 접시에 놓고 먹어도 분위기가살아난답니다. (열심히 보낸 명절 나에게 상을 주는 느낌의 데코!) 이건 저의 아이들과 남편이 더 좋아하는 한과랍니다.. 씹으면 바삭.. 바스락 하고 부서지면서 입에서 녹는 느낌의 유과라서 유아아이들도 먹기 좋아요... 단..입 천장에 많이 붙는 단점이 있으니 중간중간에 떼어달라고 하더라구요.:: 1. 한들곡식(콩깨..) -고소 고소 해요 2. 유과 (호박백력초녹차쑥 등등) - 알록달록한 색상도 이쁘고 한입크기라서 아이들이 먹기에 좋아요 맛은 많이 차이가 없어요... 
강릉 교동한과는 국산 찹쌀울 발효시킨 순 국산 농산물로 만든 전통과자라고 합니다 6만원짜리 세트도 있는데 저는 덩더쿵 세트(8만원)로 구입했구요 온라인 사이트는 이미 품절입니다 백화점에 사니 서비스도 주셨어요 서비스 서비스로 주신 코코넛 약과입니다 롯데백화점 본점 교동한과는 작년에 어머님께 선물한 한과인데 많이 달지 않고 너무 맛나다고 해서 이번 설날에 재구매하게 되었어요! 온라인 사이트도 한번 구경해보세요!
매년 추석선물을 뭐로 하면 좋을지 고민했었는데 최근에 회사에서 한과를 먹고 선물로 괜찮아보여 검색해보니까 교동한과를 선물 많이 하는 것 같았다 후기들이 좋아서 롯데백화점 본점으로 고고싱-! 추석 전날 구매를 하려 했으나 전날과 당일날 휴무로 영업종료 되기 전에 얼른 가려고 바삐 들렸다 확실히 사람이 많았다ㅠㅠ 교동한과는 지하1층에 있다 화장품 코너를 지나 식품관을 지나면 베이커리디저트 쪽이다 종류는 여러가지가 있어 마음에 드는 구성으로 구매하면 된다 선물세트는 아래 홈페이지에서 확인 가능하다 선물세트마다 이름이 있는데 나는 덩더쿵를 구매했다 예쁘게 보자기 포장도 해주셨다 직원분도 친절하시고 선물세트 구성도 마음에 들고 좋은 추석선물을 할 수 있을 것 같다","今年，我發現自己買了好多節日禮物。因為往年買的都是一樣的東西，所以想換換口味。於是，我決定買最經典的禮物：教洞韓果套裝。結果非常滿意！強烈推薦韓果套裝作為節日禮物！ ！ 1. 大包裝看起來很貴重。 2. 韓果不是日常零食，所以當禮物很特別。 3. 它能喚起美好的童年回憶，增添節慶氣氛。 4. 你可能會發現一些意想不到的韓果，讓你驚喜不已。 （我個人最喜歡正果。）5. 韓果獨立包裝，保存期限長，很方便。我特別喜歡韓果禮盒的包裝盒，中間的圖案是米。看著盒子上的圖案就讓人心情愉悅，挑選禮物也變成了一種樂趣。韓果是什麼呢？韓果是一種用穀物粉與蜂蜜、麥芽糖漿、糖等混合，然後油炸，或與水果、漿果或植物根莖一起用蜂蜜煮沸、使其凝固而成的糕點。打開盒子，你會發現各種顏色鮮豔、大小各異的韓果。教洞韓果的「Kkotsaedae」分為兩層。 1. 數量充足（雙層套裝）。 2. 上層是一些不常見的韓果種類（可以隨意挑選）。 3. 下層是常見的、廣受歡迎的韓果種類。 4. 包括柳果、薑餅、藥果、正果和果糖。 https://naver.mexTT2XvY1 首先是正果，我最喜歡的韓果。一旦開始吃，就讓人念念不忘。它甜度適中，卻令人欲罷不能。你或許會覺得韓果應該要配茶吃，或是需要講究一些禮節，但出乎意料的是，它和咖啡也很搭。藥果也是孩子理想的零食，方便攜帶。它甜美可口，是補充糖分的完美選擇。 1. 大食節（金桔、紅棗）和藥果 2. 適合搭配咖啡的兒童點心 3. 即使盛放在小碟子裡，也能為餐桌增添活力。 （感覺像是對假期辛勤工作的獎勵！）這是我的孩子和丈夫比我還喜歡的韓果……這是一種酥脆的湯果，嚼起來會發出沙沙的響聲，入口即化，所以很適合幼兒食用……不過，它的缺點是容易粘在上顎，所以他們會時不時地讓我把它撕下來。 :: 1. 韓德豆豉（大豆芝麻）－堅果味很濃。 2. 湯果（南瓜、高麗菜、綠茶、艾草等）－色彩鮮豔，外觀漂亮，而且個頭小巧，適合兒童食用。味道差異不大…

據說江陵教洞韓果是用純國產農產品製成的傳統小吃，包括發酵的國產糯米。有6萬韓元的套裝可選，但我買的是東德宮套裝（8萬韓元），網路已經售罄了。因為是在百貨公司買的，他們還送了我一份贈品。這就是他們送的椰子藥果。樂天百貨店的教洞韓果是我去年送給媽媽的韓果；她說甜度適中，非常好吃，所以我決定今年農曆新年再買一份！也去他們的網站看看吧！

每年中秋節我都會為送什麼禮物而苦惱。最近在公司嚐了一些韓國傳統點心，覺得它們很適合當禮物。上網查了一下，發現教洞韓果似乎很受歡迎。看到評價這麼好，我就直奔樂天百貨了！我原本打算在中秋節前一天去買，但因為前一天和中秋節當天都關門，所以我趕緊趕在關門前到了。那裡人真的很多。教洞韓華位於地下一樓（B1樓）。穿過化妝品區和美食廣場，就能在烘焙和甜點區附近找到它。這裡有許多種類的禮盒，你可以依照自己的喜好選擇。你可以在下面的網站上查看禮盒詳情。每個禮盒都有一個名字，我買的是「東德宮」禮盒。他們也用包袱布（韓國傳統包裝布）把它包裝得非常漂亮。店員很友好，我很喜歡禮盒的搭配。我覺得在這裡可以送出一份很棒的中秋禮物。",,,교동한과 종로,校洞朝鮮鐘路
강정이넘치는집,江正新鎮,"떡,한과",年糕，韓國甜點,영업 중,1606,846,서울 강남구 학동로 435 1층,首爾市江南區鶴洞路435號1樓,청담역 8번 출구에서 140m,,영업 중 22:00에 영업 종료,02-2201-0447,http://www.gangjeonghouse.com/,"단체 이용 가능,포장,배달,무선 인터넷,주차,발렛파킹","생방송투데이 2375회, 19.07.23.2019년 7월 23일 옛날팥빙수생방송오늘저녁 775회, 18.01.26.2018년 1월 26일 강정","쑥구리단자 7500원
쑥편 9000원
팥죽 15000원
이북인절미 9000원
흑임자인절미 8000원
쌍화차 13000원
말차 팥 라떼 8500원
공주보늬밤라떼 8000원
레몬 우롱티 8000원
홍차 7000원
블랙 유자티 8000원","糖栗豆餅 7,500 韓元

糖餅 9,000 韓元

紅豆粥 15,000 韓元

白年糕 9,000 韓元

黑芝麻年糕 8,000 韓元

雙花茶 13,000 韓元

抹茶紅豆拿鐵 8,500 韓元

公州栗子拿鐵 8,000 韓元

檸檬烏龍茶 8,000 韓元

紅茶 7,000 韓元

柚子紅茶 8,000 韓元","저는 항상 부모님 생일이나 가족 기념일 때 방문하는 곳이 있습니다. 강남선물세트 맛집으로 유명한 곳입니다. 바로 청담떡집 중 1등이라고 할 수 있는 강정이 넘치는 집입니다. 오늘은 정말 맛있는 단자 답례 세트를 포장하러 총총총 청담떡집 에 들어가자마자 깜짝 놀랐습니다. 저는 이른 시간에 방문했지만 굉장히 많은 분들이 계셨습니다. 저처럼 선물세트를 주문하러 오신 분들, 또는 티타임을 즐기시는 분들까지 다양한 연령층이 찾는 곳이었습니다. TV에도 많이 출연했던 맛집이라고 할 수 있습니다. 그리고 실내는 테이블 자체가 굉장히 매력적이었습니다. 인테리어부터 시작해서 모든 곳이 포토존이라 저도 모르게 사진을 계속 찍었습니다. 그리고 오픈 키친에서는 직원분들이 정말 맛있는 전통 디저트를 실시간으로 만들고 계셨습니다. 아주 행복했습니다. 다양한 음료도 준비되어 있습니다. 하지만 저는 포장을 해야 되기 때문에 단자를 먼저 주문했습니다. Kumquat Danja 금귤 단자 3,500 글루텐 프리 한 번 먹으면 금귤잼의 상큼함이 어우러지는 단자 Chewy rice cake with red bean, sweet kumquat and cheese. Matcha Danja 말차 단자 3,500 말차 함량에 카페인을 낮추고, 크림치즈를 더해 깊고 달지 않은 풍미를 느낄 수 있는 단자 Chewy matcha rice cake with red bean, yuzu and cream cheese. Black Rice Pecan Danja 흑미피칸단자 3,000 흑미 찹쌀에 피칸을 섞고 바삭한 피칸크럼을 올려 고소함이 극대화된 단자 Chewy black rice cake with red bean and crunchy pecan. Yuja Danja 유자 단자 3,000 커피필수템 유자를 넣어 상큼함과 달콤함이 어우러지는 단자 Chewy rice cake with red bean bright yuja citrus. Fig Danja 무화과 단자 4,000 커피와 무화과, 피스타치오를 더하고 와인에 졸인 무화과를 올려 깊은 과일 풍미가 어우러지는 단자 Chewy rice cake with red bean, pistachio and wine-braised fig. 저는 위 단자를 선택해서 6구 단자포장을 했습니다. 벌써부터 선물을 받고 기분좋은 웃음을 보여주실 주인공생각에 저도 기쁜거같습니다. 저는 위 단자를 주문했습니다. 대부분 종류대로 주문했고요. 그리고 하나 더 추가로 어떤 걸 할까 하다가 저희 가족이 피칸을 정말 좋아해서 피칸 단자를 하나 더 추가로 주문해서 총 여섯 개를 포장해 왔습니다. 이렇게 오늘의 주인공에게 보여드리니까 정말 기뻐했습니다. 이게 뭐냐고 하시면서 작년에 드셨던... 
청담 맛집 강정이 넘치는 집 작년 이맘때쯤 명절을 앞두고 청담 맛집을 찾으면서 어떤 선물을 준비하면 좋을지 고민하다가 강정이 넘치는 집에서 예약 오더로 명절 선물을 했던 기억이 있어요. 설 기획세트 1.31일까지 사전예약 바로 근처에 종종 방문하는 병원이 있어 웨이팅 시간에 차 한 잔 마시러 들렀다가 처음 알게 된 곳으로 음료를 주문하면 함께 내어주시는 떡을 맛보고 너무 맛있어서 명절 선물로 좋겠다는 생각이 들더라고요. 그래서 한식 디저트 구성을 둘러보다가 몇 가지를 구입하게 되었고 만족도가 높아 명절이면 소중한 분들께 선물하고 있어요. 이번 명절을 앞두고, 설맞이 강정 선물 세트 청담 맛집으로 소개해도 손색없는 곳이라 올해도 예약 방문하게 되었습니다. 들어선 전경은 이렇습니다. 왼편에는 선물세트와 떡, 강정이 진열된 판매 매대가 있고, 오른편에서는 오픈 키친 형태로 직접 떡과 강정을 만드는 모습을 볼 수 있어요. 오랜만에 방문한 청담 맛집이라 떡과 오미자차를 한 잔 마시고 갈 요량이었는데, 이날은 전 좌석이 꽉 차 있어 아쉽게도 픽업만 진행하게 되었어요. 가격대 별로 다양한 찬합 선물세트 구성 강정이 넘치는 집(한과미의식)이 그동안 런닝맨, 밥블레스유, 생생정보통 등 여러 방송에 소개되었고 스위트 파크 강남 신세계점까지 입점하면서 청담 맛집으로 더 유명세를 치르는 것 같다는 생각이 들었습니다. 선물하기 좋은 전시 매대에는 16구 퓨전 강정, 유밀과, 전통 다과 프리미엄 찬합이 엿보였어요. 저는 이번 시즌 시그니처인 1단 스페셜 선물세트를 예약 구매해 받았는데, 정성스러운 포장 덕분에 받는 저까지 괜히 설레는 기분이 들더라고요. 1단 스페셜 선물세트 단정한 새해 인사에 어울리는 구성으로, 정중한 마음을 한 상자에 담아 전하는 한과 미의식 실속형 선물세트로 공홈에서 사전예약 시 7만 원 6만 3천 원, 10 할인가로 구매하실 수 있답니다. 차콜 색상의 고급 모시 보자기에 붉은 매듭 포인트로 병오년 붉은 말의미를 담은 포장 픽업하자마자 바로 이모 집에 들러 올해의 마음 공로상 선물을 전달했는데요. 올해 제 건강을 가장 많이 걱정해 주셨던 분이라 감사의 마음을 담아 준비한 선물이었습니다. 상자를 열면 글씨가 쓰인 한지가 올려져 있는데 옛것을 두되 새로운 것을 창조() 한다.는 뜻이라고 하네요. 옛날 한식 디저트를 요즘 먹기 좋게 만들었으니 딱 어울리는 사자성어군요. 청담 맛집 이번 1단 스페셜 선물세트는 붉은 말이 상징하는 힘과 생동감에서...","每逢父母生日或家庭紀念日，我都會去一家店。這家店在江南區以禮品套裝聞名，名為“江亭裡年糕店”，堪稱清潭洞第一年糕店。今天，我刻意趕到清潭洞年糕店，想買一份美味的年糕禮盒作為感謝禮物。一進門，我就被眼前的景象驚呆了。雖然我去得早，但店裡已經人潮洶湧。這裡老少咸宜，既有像我一樣訂購禮品套裝的顧客，也有悠閒地享用下午茶的客人。這家店曾多次出現在電視節目中，名氣很大。店內的裝潢，包括桌椅在內，都充滿了魅力。從裝飾到每個角落，都像是一座拍照聖地，不知不覺中，我就不停地拍照。在開放式廚房裡，店員們正在現場製作美味的傳統甜點，讓我感到非常滿足。店內也提供各種飲品。不過，因為我需要打包帶走，所以先點了糯米糕。金桔糯米糕 3,500 韓元（無麩質）。這款糯米糕每一口都完美融合了金桔果醬的清新。軟糯的糯米糕，內餡是紅豆、甜金桔和起司。抹茶糯米糕 3,500 韓元。這款抹茶糯米糕咖啡因含量較低，並添加了奶油芝士，使其味道濃鬱而不甜膩。軟糯的抹茶糯米糕，內餡是紅豆、柚子和奶油起司。

黑米山胡桃糯米糕 3,000 韓元。這款黑米糕內餡是紅豆和香脆的山核桃碎，將黑糯米與山核桃混合，並撒在頂部，最大程度地提升了堅果的香味。軟糯的黑米糕，內餡是紅豆和香脆的山核桃。

柚子糯​​米糕 3,000 韓元。這款紅豆柚子年糕，加入了咖啡必備的柚子，清新甜美，口感軟糯。

無花果丹佳，售價4000韓元。這款紅豆開心果酒燢無花果年糕，加入了咖啡、無花果和開心果，頂部還點綴著酒燜無花果，帶來濃鬱的果香。口感軟糯。

我選擇了上面提到的丹佳，並訂購了一盒六個。想到收禮者收到禮物時臉上洋溢的喜悅，我就感到無比幸福。我訂購了上面展示的丹佳。我幾乎訂購了所有種類的丹佳。我還在想再加點什麼，因為我的家人很喜歡山核桃，所以我又加訂了一個山核桃丹佳，一共六個。當我把這些甜點展示給今天的收禮者時，他們真的非常開心。他們問這是什麼，還提到了去年吃過的…

**清潭洞美食：滿溢江亭的家**

我記得去年這個時候，在春節前夕，我在「滿溢江亭的家」預訂了一份節日禮物。當時我在清潭洞附近尋找一家不錯的餐廳，也在琢磨準備什麼樣的禮物。這家店的春節特餐可以預訂到1月31日。我第一次發現這家店，是在我常去的醫院候診時順便去喝了杯茶。我嚐了嚐茶裡附贈的年糕，覺得味道好極了，覺得很適合作為節日禮物。於是，我瀏覽了一下韓式甜點套餐，最後買了一些。我非常滿意，現在每逢節日都會把它們當作禮物送給我的親朋好友。眼看假期將至，我特意預訂了今年的行程，因為這家店堪稱清潭洞新年薑餅禮盒的首選之地。這是進門後的景象：左側是販賣櫃檯，陳列著禮盒、年糕和薑餅；右側則是開放式廚房，可以觀看年糕和薑餅的製作過程。由於好久沒來這家清潭洞的知名餐廳了，我原本打算品嚐一些年糕和一杯五味子茶，可惜那天座位已滿，只能外帶。各種價位的便當禮盒琳瑯滿目，讓我感覺「韓和美食植」（Gangjeong-i-neun-najip）作為清潭洞的熱門店鋪越來越受歡迎了，它曾出現在《Running Man》、《Bob Bless You》和《生生全家》等多個電視節目中，甚至在新世界江南店的甜品也開設了分店。在擺放在貨架上的精美禮盒中，我看到了16件套裝的融合了江井、湯美果和高級傳統點心的便當盒。我預訂了本季的招牌單層特別禮盒，收到後，包裝精美，讓我倍感驚喜。這款單層特別禮盒的組成簡約大方，非常適合作為新年賀禮；韓和美食植的這款實用禮盒，將一份敬意濃縮於一個盒子之中。若在官網預購，可享7萬韓元或6.3萬韓元的優惠價，相當於九折。包裝採用高品質炭灰色苧麻布，飾以紅色結飾，寓意著平吾年紅馬的吉祥寓意。拿到禮物後，我立刻去姑姑家，把這份「年度愛心獎」送給了她。今年她最關心我的健康，所以我準備了這份禮物來表達我的感謝。打開盒子，裡面有一張韓紙，上面寫著字；據說意思是「傳承經典，創新未來」。這家餐廳將傳統的韓國甜點改良得更符合現代人的口味，這句諺語可謂恰如其分。這家清潭洞餐廳的單層特製禮盒，正是從紅馬象徵的力量和活力中汲取靈感…","[영업시간]
평일 : 7시 ~ 22시 (라스트 오더 : 9시 20분)
주말 : 8시 ~ 22시 (라스트 오더 : 9시 20분)

강정이 넘치는 집은 젊은 전통을 모토로
한과 셰프들이 전통 떡과 한과 디저트를 만드는 공방이자
고객님들이 오셔서 쉬어갈 수 있는 힐링 공간입니다.

2010년부터 꾸준히 성장을 해온 강정이 넘치는 집은
광장동, 대치동 매장을 거쳐 청담동까지 확장 이전을 하였습니다.
2025년 현재, 강정이 넘치는 집을 리브랜딩한
한과미의식 안녕인사동점, 신세계백화점강남점도 함께 운영하고 있습니다.

강정이 넘치는 집은
고객님들께 더욱 맛있고 건강한 전통 디저트를 대접할 수 있도록 늘 노력하겠습니다.

[강정이 넘치는 집이 걸어온 길]
- 일요저널 매거진 비즈니스 청년기업편
- 올리브 매거진 코리아 핸드메이드 식품소개
- 빅이슈 코리아 전통의 힘
- 아모레퍼시픽 서리태 강정 콜라보
- 미래식량 곤충 학교체험
- EBS뉴스 꿈을 잡아라 청년창업소
- SBS 생방송 투데이 창업 프로파일러
- 궁중병과 연구원 이수
- 스타일러 주부생활
- 폭스바겐 코리아 콜라보 하루견과바
- 월간경영 젊은전통
- 월간 식당 강정이넘치는집
- 현대백화점 코엑스 초대전
- MBC 오늘저녁 젊은청년 강정 성공기
- 국민은행 vip 매거진 한과디저트
- 현대백화점 압구정 본점 입점
- 윤현상재 의미더하기 팝업스토어
- 꽃뱅이 에너지바 콜라보
- 바앤다이닝 한과디저트의 현대화
- 도쿄 다이칸야마 츠타야 & 바앤다이닝 초대전
- 코엑스 서울 국제 식품 산업 초대전
- 행복이 가득한 집 맛있는 강정소개
- 코레일 행복한 여행지 청담동
- 한과와 차 어울림 청담차회
- 신세계 백화점 강남점 디저트 팝업스토어
- SBS생방송 투데이 맛칼럼 빙수 디저트
- SWEET SEOUL 파리 뉴욕으로 전하는 한과 디저트
- 신세계, 현대, 롯데 백화점 구정 한과 선물전
- 롯데백화점 정식입점
- JTBC 남희석의 하우스
- 밥블레이스유 강소라 맛집추천
- MBC오늘 아침",,강정이넘치는집 청담,清潭江正街
낙원떡집,樂源年糕店,"떡,한과",年糕，韓國甜點,운영 중,2076,199,서울 종로구 삼일대로 438,首爾特別市鐘路區三一大路 438,종로3가역 5번 출구에서 185m,,영업 중 21:00에 영업 종료,02-732-5579,http://www.낙원떡집.한국,"예약,포장,배달,방문접수/출장,주차","생방송오늘저녁 694회, 17.10.02.2017년 10월 2일 떡수요미식회 102회, 17.01.25.2017년 1월 25일 쑥인절미/모둠떡생생정보통 588회, 13.01.21.2013년 1월 21일 떡","흑임자두텁 4000원
수제두텁 3000원
쑥인절미.현미인절미 2500원
영양찰떡 (모듬.흑미.호박.쑥.약식등 2500원
백설기(기본.딸기.망고.키위.쵸코릿등 2000원
편(1kg) 18000원
영양찰떡,마구설기(1kg) 18000원
약식(1kg) 18000원
콩고물인절미(1kg) 15000원
절편(1kg) 9000원
오색송편(1kg) 15000원
바랑떡(1kg) 15000원
송편(1kg) 13000원","黑芝麻薄餅 4,000 韓元

手工薄餅 3,000 韓元

艾草年糕、糙米年糕 2,500 韓元

營養糯米糕（什錦、黑米、南瓜、艾草、藥材等） 2,500 韓元

百雪糕（原味、草莓、芒果、奇異果、巧克力等） 2,000 韓元

餅（1公斤） 18,000 韓元

營養糯米糕、麥雪糕（1公斤） 18,000 韓元

藥材（1公斤） 18,000 韓元

豆粉年糕（1公斤） 15,000 韓元

餅（1公斤） 9,000 韓元

五彩鬆餅（1公斤）15,000韓元

巴朗特（1公斤）15,000韓元

鬆餅（1公斤）13,000韓元","광화문여행 종로여행 낙원떡집 수요미식회맛집 오랜전통을가진종로떡집 이바지떡집 바람떡 송편 인절미 광화문여행 종로여행 낙원떡집 수요미식회맛집 오랜전통을가진종로떡집 이바지떡집 바람떡 송편 인절미 종로와 낙원상가에는 떡집골목이 있습니다. 정말오래된 떡집들이죠. 제일 오래된 곳이 종로떡집과 낙원떡집으로 알고 있습니다. 종로떡집이 유명해진 것은 결혼하기전 이바지음식 중에 제일 중요한 것이 두텁떡이였습니다. 그 두텁떡을 가지고 사돈댁에 각종 음식,, 기타등등을 보낼때에 꼭 떡은 두텁떡이였습니다. 두텁떡을 맞출때에는 늘상 이곳 종로떡집을 이용했었습니다. 참으로 오랜된 이야기입니다. 다시금 만나게 되니 감회가 새롭습니다. 100년의 전통을 가진 낙원떡집. 이곳에서 임금님의 최애인 바람떡과 인절미,, 또 뭐를 구입했습니다. 오자마자 떡부터 자시는 바람에 사온 떡을 찍지 못했습니다. 여행 후 정리하느라고 바쁜 와중에 참 잘 드시는 임금님입니다. 광화문여행 종로여행 낙원떡집 수요미식회맛집 오랜전통을가진낙원떡집 낙원아구집에서 아구찜을 포장하고 오는 길에 낙원떡집에 들렀다. 아쉽게도 간판사진을 찍지 못했다. 내부로 들어가니 시원하네 ㅋㅋㅋ 떡은 너무 시원해도 너무 따뜻해도 안된다. 적정 온도를 유지해야 쉬지도 않고 단단하게 굳지도 않게 된다. 떡케익도 보인다. 시대에 맞게 만드셨나 보다. 그런데 디자인이....... ㅋㅋㅋㅋ 광화문여행 종로여행 낙원떡집 수요미식회맛집 오랜전통을가진낙원떡집 우와 모둠떡도 있다. 쑥떡 좋아하는데 쑥떡도 있다. 다양한 떡을 만날 수 있지만, 그림의 진짜 떡이다. 떡이나 빵을 먹고 싶어도 소화가 안되어서 잘 먹지를 못한다. 그저,,,,, 눈으로만 볼 뿐이다. 아니 군침만 흘릴 뿐이다. 광화문여행 종로여행 낙원떡집 수요미식회맛집 오랜전통을가진낙원떡집 콩가루를 입힌 쑥떡도 보인다. 정말 찰지고 맛있겠다. 어,, 약과도 있네,,, 광화문여행 종로여행 낙원떡집 수요미식회맛집 오랜전통을가진낙원떡집 인절미와 절편은 떡집의 기본이다. 양식도 그렇고 백설기도 그렇고 영양떡도 그렇다. 밤, 대추가 들어가져 있는 영양떡. 쫄깃하니 얼마나 맛있을까... 개인적으로 인절미와 절편을 좋아하고, 갓나온 가래떡을 정말 좋아한다. 가래떡 어떻게 드시나요? 꿀이 대세겠죠. 전 간장에 찍어 먹습니다. 그게 전 제일 맛있습니다. 아니면 김에 싸서 먹어도 맛있습니다. ㅎㅎㅎ 광화문여행 종로여행 낙원떡집 수요미식회맛집... 
100년 전통 서울3대떡집 쑥인절미로 유명한 곳! 1920년부터 4대를 어우러 100년의 전통을 자랑하는 종로 낙원떡집! 종로떡집으로 유명한 이곳은 이바지떡 답례떡 모듬떡 쑥인절미 로 유명한 곳이랍니다 입구에 전통혼례에서 볼 법한 떡들이 진열되어 있어요. 영업시간 08:00 - 22:00 전화번호 02-732-5579 종로 떡집의 원조인 이 곳은 맞춤떡 말고 개별적으로도 다양한 떡을 구매할 수 있어요! 종로 사는 분들께서는 동네 떡집처럼 이용하는 곳. 90년 전통 떡 전수자 이광순 명인이 만드는 서울 떡집! 한국 국제요리경연 대회에서 수상하신 이력이 있으셔요! 곳곳에 명패가 많더라고요!:) 명절 전후에는 화과자 및 한과 선물용 세트 주문이 많을 것 같아요. 저는 어제 미리 떡을 주문하고 찾으러 왔어요! 개업 떡 주문 구성 흔히, 개업 떡을 맞춘다 하면 시루떡 패키지를 생각하는데 요즘은 개별 포장으로 시루떡 포함 두세 종류의 떡을 선호한대요. 트렌드가 많이 바뀌었습니다 그래서 고민하다가 3 종류 패키지 구성이 제일 알차 보여 세 번째 패키지로 선택! 쑥인절미 영양찰떡 단호박 시루 구성으로 쾅쾅쾅! 그리고 어제 제가 시식해 볼 겸 구성해 놓은 패키지 한 팩을 먼저 먹어봤어요! 사장님께서 자부심 있게 말씀해 주시길, 방부제 No! 설탕 대신 호박의 단맛으로 맛을 낸 시루이다! 라고 하셨거든요?! 진짜입니다 설탕 단맛이 아니에요. 은은한 단맛이 올라와 물리지 않고 계속 들어갑니다. 식사 대용으로 좋을 것 같아요. 가지고 와서 박스 개봉 박두! 열어보니 떡의 온기가 아직 남아있어요. 따끈따끈 하구나:) 떡 빛깔이 영롱합니다 클로즈업 샷! 상자에 투명 랩으로 한 번 감싸져 있어요. 박스마다 낙원떡집의 명함이 박혀있어요!:) 종로에서 가장 유명한 떡집에서 맞춘 이유입니다. 최고급 떡으로 주변 사람들에게 개업 떡을 나눠드리고 싶었거든요 아침 일찍부터 떡에 로고 스티커 붙이기 작업 완료! 이제 떡 돌리러 갑니다","光化門旅行社、鐘路旅行社、樂園年糕店，餐廳曾出現在「週三美食談話」節目中，鐘路還有一家歷史悠久的年糕店，專營嫁妝年糕、巴藍年糕、鬆餅、年糕。鐘路和樂園商場有一條年糕街。這些都是非常古老的年糕店。據我所知，最古老的要數鐘路年糕店和樂園年糕店了。鐘路年糕店之所以有名，是因為在婚前，最重要的嫁妝就是豆腐年糕。送給婆家各種食物和其他物品時，年糕必須是豆腐年糕。我以前每次點豆腐年糕，都會選擇這家鐘路年糕點店。這真是一個古老的故事。再次見到它，讓我想起了美好的回憶。擁有百年歷史的樂園年糕店。在這裡，我買了國王最愛的巴藍年糕和年糕，以及其他一些年糕。我買的年糕一到店裡，他就迫不及待地吃了起來，所以我來不及拍照。他真是個吃貨，即使我忙著收拾行李，他也吃得津津有味。光化門之旅、鐘路之旅，樂園年糕店，這家店曾在“週三美食談”節目中出現過，是一家歷史悠久的老店。我在樂園年糕店買了外帶阿古吉姆之後，回程的路上順便去了樂園年糕店。可惜的是，我沒能拍到招牌的照片。店裡感覺很涼爽，哈哈。年糕不能太冷也不能太熱，需要保持適當的溫度，否則容易變質或變硬。我還看到了其他年糕，看來他們是根據時令製作的。但這設計……哈哈。光化門之旅、鐘路之旅、樂園年糕店，在「週三美食談話」節目中推薦過的餐廳，一家歷史悠久的老店。哇，這裡還有各式各樣的年糕。我喜歡艾草年糕，他們也有。你能找到各種各樣的年糕，但它們都是貨真價實的年糕，看起來就像在看著你一樣。雖然我很想吃年糕或麵包，但我不能真的吃，因為它們很難消化。我只能……用眼睛看著它們。不，我只能流口水了。光化門之旅、鐘路之旅、樂園年糕店，在「週三美食談話」節目中推薦過的餐廳，一家歷史悠久的樂園年糕店。我看到裹著豆粉的艾草年糕。它們看起來真的很有嚼勁，很好吃。哦，還有藥果呢……光化門旅遊、鐘路旅遊、樂園年糕店，這家店曾在《週三美食談話》節目中出現過，樂園年糕店歷史悠久。年糕和年糕店是年糕店的招牌。西式年糕、白雪糕和營養年糕也是如此。營養年糕裡加了栗子和紅棗，想必口感一定很棒，味道也一定很好……我個人喜歡年糕和年糕餅，也特別愛吃現做的糖餅。糖餅怎麼吃呢？沾蜂蜜吃好像很流行。我喜歡沾醬油吃，我覺得這是最美味的吃法。或是用海苔包著吃也很好吃。哈哈哈。光化門旅遊、鐘路旅遊、樂園年糕店，這家餐廳曾出現在「週三美食訪談」節目中…

百年傳承，首爾三大年糕店之一，以艾草年糕聞名！鐘路樂園年糕店自1920年起傳承四代，至今已有百年歷史！作為鐘路著名的年糕店，這裡以伊巴吉年糕、達普里年糕、什錦年糕和艾草年糕而聞名。店門口擺放著讓人聯想到傳統婚禮上年糕的精緻糕點。營業時間：08:00 - 22:00。電話：02-732-5579。作為鐘路年糕店的鼻祖，除了可以訂製年糕外，您還可以購買各種現成的年糕！這裡就像是鐘路居民常去的街坊年糕店。這是首爾一家由李光善師傅經營的年糕店，他繼承了90年的傳統！他曾在韓國國際烹飪大賽上多次獲獎！店裡到處都掛著他的名牌！ :) 預計節日期間花果和韓果的禮盒訂單會很多。我昨天預訂了年糕，今天來取貨了！開業年糕訂單構成：人們通常為開業訂購年糕時，會想到蒸年糕套餐。然而，現在人們更喜歡包含兩到三種年糕的獨立包裝套餐，其中也包括蒸年糕。潮流變化很大。所以，經過一番考慮，我選擇了第三種套餐，因為三種口味的看起來最豐盛！我選了艾草年糕、營養糯米糕和甜南瓜蒸年糕的組合！昨天，我還品嚐了一包自己搭配好的樣品。店主自豪地告訴我：「不含防腐劑！這款蒸年糕是用南瓜的天然甜味調味，而不是用糖！」確實如此！它的甜度不是那種糖的甜膩，而是一種淡淡的甜味，讓人百吃不厭。我覺得它很適合當代餐。我把它帶回家，打開了盒子！打開的時候，年糕還溫熱著，熱氣騰騰的 :) 年糕的顏色也十分誘人。近距離特寫！盒子外面還包了一層透明塑膠膜。每個盒子上都印著「Nakwon Tteokjip」的名片！ :) 這就是我為什麼選擇從鐘路最有名的年糕店訂購的原因。我想用最好的年糕作為開齋禮物送給身邊的人。今天一大早就把logo貼紙貼好了！現在我要去把它們分發出去。","매장에 진열해 놓은 떡들의 예쁜 색깔과 모양을 보는 것만으로도 행복한 미소를 짓게 하는 원조낙원떡집입니다. 궁중의 비법을 3대째 이어온 것으로 TV에도 소개되었던 곳이에요. 두텁떡과 무지개떡이 인기 메뉴이고 질시루, 오색경단, 화전을 찾는 손님도 많답니다. 맞춤 떡과 선물용 포장이 가능해 더욱 유명해졌어요.

원조낙원떡집, 낙원떡집.한국 서울, 종로구, 낙원동, 떡, 행사떡, 이바지, 폐백, 영양떡, 쑥인절미. 선물용떡.3대째 떡집",,원조낙원떡집 종로3가,原創樂園年糕店鐘路三街
원조낙원떡집공장,原味天堂米糕工廠,"떡,한과",年糕，韓國甜點,,115,13,서울 종로구 삼일대로 444-1,首爾特別市鐘路區三一大路 444-1,종로3가역 5번 출구에서 237m,,,02-741-6691,,,,,#VALUE!,"인사동 떡집 원조낙원떡집 안녕하세요, 꿈나예요 :) 이웃님들,,,오늘도 행복한 오후 보내세요 꿈나가 빵 못지 않게 좋아하는 간식은 떡!!! 고로 빵순이, 떡순이ㅋㅋㅋ 작년 11월에 포스팅 했던 낙원상가 원조소문난집국밥전문 가기전 도보로 2분도 안걸리는 가까운 곳에 수요미식회 떡 편에 나온 떡집이 있길래 잠시 들렀어요 오며가며 자주 봤던 떡집인데 하도 원조가 많으니 이집인 줄 몰랐ㅋㅋㅋ 인사동 떡집 원조낙원떡집 100년 전통 쑥인절미 두텁떡 출발합니다,,,부릉부릉!!! 입구에 진열된 맛있는 한과선물세트 꿈나는 수요미식회에 나왔다길래 들렀지만 그 이전부터 원조낙원떡집은 서울미래유산!!! 상상했던 떡집의 모습이 아니고 좀 휑한 느낌??? 수요미식회 떡 편에 나왔던 모둠떡과 쑥인절미가 보이고요!!! 아래 사진은 사이즈가 선물용인 듯 떡 포장하고 국밥 먹으러 갔다가 합석하신 할아버지께 쑥인절미 몇 개 드려서 오는길에 떡집에 다시 들린 건 안비밀ㅋㅋㅋ 인사동에서 집으로 순간 이동 뿅!!! 인사동 떡집 원조낙원떡집 100년 전통 쑥인절미 두텁떡 쑥인절미(개당) 1,000원 꿈나 손이 작은편이 아닌데도 1천원짜리 떡 치고는 큼직하더라고요!!! 이때가 초겨울 날씨라 오는길에 떡이 약간 굳었는데 막상 먹으려고 꺼내니 세상 말랑말랑 하게 변했더라고요ㅋㅋㅋ 진한 쑥색깔에 비해 맛, 냄새는 미미해서 누구나 부담없이 맛있게 먹을 수 있을 쑥인절미였어요!!! 쫄깃한 식감은 물론이고 먹다보면 폭신한 느낌까지 들었던 1천원에 이정도 퀄리티면 빵 안먹죠ㅋㅋㅋ 수요미식회 떡으로 전혀 손색이 없었던 쑥인절미!!! 인사동 떡집 원조낙원떡집 100년 전통 쑥인절미 두텁떡 두텁떡 3,000원 수요미식회에는 쑥인절미와 모둠떡이 나왔지만 꿈나는 처음 보는 두텁떡으로 선택!!! 어찌나 떡이 말랑말랑 하던지 살짝만 잡았는데도 푹 들어가는ㅋㅋㅋ 속에 앙금이 꽉차게 들어 있던 두텁떡!!! 앙금은 과하게 달지 않았고 견과류가 씹혀서 말랑거리는 식감에서 반전을 한박스만 사온 걸 한이틀 후회했던 맛있는 두텁떡이었어요!!! 1920년 개업, 100년의 역사와 전통이 살아 숨쉬는 인사동 떡집 원조낙원떡집 어딜가나 원조가 많으니 가끔 봤던 떡집인데도 수요미식회 떡 편에 나왔던 집인 줄 몰랐는데요ㅋㅋㅋ 쑥인절미, 두텁떡 두가지 모두 정말 맛있게 먹어서 다음에 인사동 갈 때 모둠떡 몇 팩 사오려고요 서울시 종로구 낙원동 1 공이) 칠삼이 - 오오칠구 영업시간 08... 
아 원조는 다르네요!!!! 아빠 심부름으로 낙원동 악기상가에 갔는데 남편이 떡순이라면 원조 떡집에 가야하지 않겠나며 데려가준 낙원떡집 최고로 맛있었어요!! 수요미식회에 나온 낙원1동에 있는 진짜 낙원떡집 방문후기입니닷 원조 낙원떡집 주소는 종로구 낙원동 1(삼일대로 444-1)이에용! 그냥 낙원떡집으로 검색하면 일반 대명사처럼 이런저런 가게가 다 나오더라구여ㅋㅋㅋ 제가 찾아간 곳은 1920년부터 영업한 원조 낙원떡집 수요미식회에 나온 떡집 바로 그 집! 네 그럼 안으로 들어가야죵. 총총 토요일 이른 오전에 방문해서 그런지 저 같은 방문 손님은 거의 없고 폐백, 이바지, 돌상 이런 잔치 떡들이 잔뜩 나가더라구요 이 떡집 진작 와봤으면 저도 폐백했을지돜ㅋㅋㅋㅋㅋ 이거 먹으려고ㅋㅋㅋㅋ 여튼 저같은 천원짜리 손님에겐 큰 관심이 없었던 상황 알아서 떡 구경하고 뭔지 묻고 골랐습니당 원조 낙원떡집은 선물용 박스포장, 유과와 떡 세트가 메인인 것 같았어요 일반 떡집처럼 3-5천원짜리 소포장도 있으니 예약없이 그냥 방문해서 사도 된답니당 종류가 꽤나 다양해서 고민이 되더군요 솔직히 지난번에 소문듣고 찾아간 압구정 공주떡집의 떡맛이 그 소문정도로 스페셜한 건 아니여서 낙원떡집도 큰 기대를 안했어요 그래서 이것저것 맛이나 보자 싶어서 다양한 구성으로 구매했죠 카드결제 가능하구 비닐봉지에 담아줍니당 다시 말하자면 친절한 가게는 아니여유ㅋㅋㅋ 아쉬운 사람이 숙이고 들어가는게 세상의 이치이니, 떡순이는 얌전히 받아나왔읍네다 단품 가격을 확인 안 했는데 아마도 1500원인거 같아요 제가 원래 팥시루떡을 제일 좋아해서 가장 기대한 시루떡!! 낙원동 낙원떡집에서 가장 유명한게 쑥인절미라고 하더라구요(사장님 오피셜) 그걸 활용한 느낌이였어요 저는 달콤한듯 심심한 팥의 맛을 좋아해서 시루떡을 고른건데... 이건 좀 취향에 안 맞았고요 단품 사진을 못 찍었는데, 호박설기도 별로였어욤.. 하루 반나절 지나니 겉이 말라서 그런걸지도?!!! 사자마자 냉동해놓고 먹기 전날 밤에 해동해야할듯 ㅠㅠ 아끼다 똥됐으... 손바닥사이즈 쑥인절미, 1천원! 그 유명한 쑥인절미도 한덩이 사봤지요 몰캉몰캉 귀여운 비주얼인데요, 반전인게 쭈욱 늘어나는 그런 스타일아니에요. 뚝뚝 끊어짐! 근데 찰기가 없거나 말라서 맛없이 끊어지는게 아니라 더 맛있으라고 일부러 그렇게 만든 느낌? 쑥향도 은은해서, 쑥떡 평소에 안 좋아하더라도 꼭 한번은 먹어보시라고 권하고 싶어요 부담없이 (가격도... 
인사동 나들이를 갔다가, 생각지도 않게 우연히 발견한 수요미식회 떡집. 종로 낙원떡집은 인사동에도 있었는데, 알고 보니, 낙원상가 근처에 있는 게 본점이고 인사동 사거리에 있는 건 분점이라고 해요. 우린 인사동 사거리에서 눈팅만 하고, 열심히 서칭해본 결과, 종로 낙원떡집 본점으로 고고. 수요미식회 떡집 서울 미래 유산으로 지정된 종로 원조 낙원떡집 인사동에서 낙원상가 쪽으로 걸어가는 길. 수요미식회에 나온 낙원떡집이 길 건너에 있어서 쉽게 발견할 수 있었어요. 전통 한복을 입은 어르신이 횡단보도에 서 계시니, 뭔가 인사동에 온 느낌이 물씬. 보통 수요미식회에 나온 집들을 보면, 창문에 크게 현수막이 붙어있는데 독특하게 낙원떡집엔 그런 게 없었어요. 제대로 찾아온 게 맞나, 재 검색! 제대로 찾아온 게 맞네요 인사동에 있던 분점보다는 훨씬 더 큰 규모의 떡집입니다. 그런데, 검색하지 않았다면 그냥 지나쳤을 그런 떡집 이미지. 이바지 떡도 하시는지, 곱게 수놓은 장신구와 떡들의 샘플도 볼 수 있고. 서울시로부터, 서울 미래유산이라는 간판도 선사받은 곳입니다. 식신 우수 레스토랑이라는 간판도! 엄청 유쾌하셨던 직원분들. 사진 찍어도 되냐는 요청에, 잘 찍어달라며 작은 농담 한마디 건네주시고... ㅎ 사장님도 친근하고 엄청 친절하셨어요. 3대에 걸쳐서 운영하는 전통 떡집이라고 들었는데, 오래되어 보이는 사진도 참 정겹네요 외할머니와 어머니, 딸에 이어서 60년을 이어나간다는 신문 기사를 봤는데, 저 신문도 족히 20년은 넘어 보이는 듯. 가게 안에도 서울 미래 유산 팻말이 똭! 가게 한편에는 떡의 가격들과 제조일이 적혀있는데, 당일 만든 떡들만 판매하신다고 해요. 워낙 유명한 곳이라 그런지 저녁시간이라 떡이 많이 빠진 상태라고. 더 많은 떡을 즐기고 싶으시다면, 낮 시간에 가보시는것도 추천합니다! 그래도 인사동 지점보다는 다양한 떡이 있었어요. 일본에 있는 베프에게 보내주려고 몇 개 구입했는데, 워낙 떡이 무게감이 있어서 많이 구입하진 못했어요. 카톡으로 사진 보여주며, 먹고 싶은 떡은 골라보라고...ㅎㅎ 다음날 이 떡들은, 냉동이 된 채로 일본으로 배송됩니다. ㅎㅎ 떡뿐만 아니라, 한과와 약과도 함께 판매하고 계셨어요 선물용 떡 포장도 예뻐서, 명절에 선물하기도 참 좋을 것 같아요! 수요미식회에 나온 간판이 있기에, 밖에 걸어놓으시지 그랬냐고 말씀드리니 안 걸어놔도 다들 알아!라고. 낙원떡집의 대표 메뉴. 수요미식회에선 쑥 인절미가 맛있다고 나왔는데, 배가...","仁寺洞年糕店，正宗樂園年糕店。大家好，我是Kkumna :) 鄰居……希望你們今天下午過得愉快。年糕是Kkumna最愛的零食之一，和麵包一樣喜歡！ ！ ！所以，我既愛麵包又愛年糕，哈哈。在去樂園商場的正宗小物家湯飯專賣店（我去年11月發過帖子）之前，我順道去了這家年糕店，因為在*週三美食談話*的年糕特輯裡，這家店就在不到兩分鐘的步行路程內。我經過這家店的時候經常看到它，但是因為很多店都自稱是“正宗”，所以我一直沒認出來，哈哈。仁寺洞年糕店，正宗樂園年糕店，百年傳承的艾草年糕和豆餅。出發啦……嗚嗚嗚！ ！ ！門口擺放著美味的傳統韓式甜點禮盒。我經過是因為聽說它在《週三美食漫談》節目裡出現過，但沒想到“原味樂園年糕店”早在節目播出前就已經是首爾未來遺產了！ ！ ！它看起來和我想像中的年糕店不太一樣，感覺有點空蕩蕩的？ ？ ？我看到了《週三美食漫談》節目裡出現的什錦年糕和艾草年糕！ ！ ！照片裡的大小看起來像是送人的。我打包了一些年糕，去吃了湯飯，還送了幾塊艾草年糕給一位碰巧和我拼桌的老先生，回來的路上又順便去了趟年糕店，哈哈。感覺就像從仁寺洞瞬間回到了家一樣，沒錯！ ！ ！仁寺洞年糕店，原味樂園年糕店，百年傳承的艾草年糕，杜特年糕。艾草年糕（每塊）1000韓元。雖然我的手不算小，但1000韓元的年糕也太大了！因為是初冬，年糕在路上有點硬，但拿出來吃的時候，卻變得無比柔軟，哈哈。與濃鬱的艾草色相比，味道和香氣都很清淡，任何人都能輕鬆享用，不會覺得味道過於濃烈！口感不僅有嚼勁，入口蓬鬆。 1000韓元就能吃到這麼好的年糕，我都不想吃麵包了，哈哈。這款艾草年糕簡直完美，完全可以上「週三美食訪談」節目！仁寺洞的樂園年糕店，百年老店，主打艾草年糕和豆餅。豆餅：3000韓元。雖然《週三美食談話》節目介紹了艾草年糕和各種年糕，但我還是選擇了以前從未見過的豆餅！這年糕超軟，輕輕一碰就陷進去了，哈哈。餡料也很緊實！餡料甜度適中，堅果的酥脆口感為軟糯的口感增添了一絲驚喜。豆餅太好吃了，我後悔只買了一盒！位於仁寺洞的「原味樂園年糕店」創立於1920年，是一家擁有百年歷史和傳統的年糕店。因為到處都是「原味」年糕店，我偶爾會看到這家店，但沒想到它竟然出現在《週三美食談話》的年糕特輯裡，哈哈。我非常喜歡艾草年糕和豆瓣年糕，所以下次去仁寺洞的時候打算買幾包什錦年糕。地址：首爾市鐘路區樂園洞1號 (02) 732 - 5579 營業時間：08:00...

啊，正宗的味道真不一樣！ ！ ！ ！我幫爸爸去樂園洞的樂器市場辦事，老公帶我去樂園年糕店，說如果我是年糕愛好者，就一定要去正宗的店。真的太好吃了！ ！這是我在樂園洞1號的正宗樂園年糕店的探店體驗，這家店也出現在了*週三美食分享*節目中。正宗樂園年糕店的地址是：首爾市鍾路區樂園洞1號（三一大路444-1）！如果你直接搜尋“樂園年糕”，會彈出各種各樣的店鋪，感覺就像這是個通用詞條一樣，哈哈。我去的這家是正宗的樂園年糕店，從1920年就開始營業了──就是《週三美食漫談》裡介紹的那家！好了，我們進去看看。可能是因為我星期六一大早就去了，所以像我這樣的散客很少；店員們都在忙著賣婚禮用的年糕，比如派白、伊巴吉和石參。如果我早點去，說不定也會點一份派白，哈哈，就為了吃這些！不過，既然他們似乎不太在意我這種只花了1000韓元的顧客，我想我可以隨便看看，問問我想要什麼，然後自己挑選。這家正宗的樂園年糕店好像專營禮盒包裝和年糕套裝。他們也像普通店一樣，提供3000到5000韓元的小包裝，所以你可以直接進去購買，無需預約。種類很多，讓我難以抉擇。說實話，上次聽說狎鷗亭公州年糕店的年糕很好吃，我去嚐了一口，結果發現味道並沒有傳說中那麼驚艷，所以這次對樂園年糕店也沒抱太大期望。我只是想每樣都嚐嚐，所以就買了好幾種。他們接受刷卡，所有東西都用塑膠袋包裝。再說一遍，這家店的服務態度不太友好，哈哈。不過，正所謂“欲壑難填”，這位年糕愛好者默默地收下了我的訂單，然後就離開了。我沒有單獨看價格，但估計大概是1500韓元左右吧。因為我本來最喜歡紅豆年糕，所以這個是我最期待的！ ！聽說樂園洞樂園年糕店最有名的是艾草年糕（老闆親口說的），感覺他們用了艾草年糕。我選年糕是因為喜歡紅豆那種甜而不膩的味道……但是這個年糕不太合我的口味。沒辦法單獨拍照，南瓜雪糕也不怎麼樣……可能是因為放了一天半外面都乾了吧？ ！ ！我應該買回來就冷凍，吃之前一晚再解凍ㅠㅠ 我真是浪費時間了…手掌大小的艾草年糕，1000韓元！我還買了一塊那個有名的艾草年糕。它外型可愛又軟糯，但特別之處在於它不是那種可以拉筋的米糕，很容易掰斷！不過，它掰斷後不會因為不夠黏或太乾而失去口感；感覺像是刻意做成這樣的，為了讓它更美味？艾草的香味很淡，所以即使你平常不喜歡艾草米糕，我也強烈建議你至少嘗試一次。價格實惠（而且價格…）

在仁寺洞閒逛時，我意外地發現了一家在《週三美食漫談》節目中介紹過的年糕店。鐘路樂園年糕在仁寺洞也有分店，但原來樂園商場附近的那家是總店，仁寺洞路口那家是分店。我們在仁寺洞路口附近轉了一圈，仔細尋找後，最後找到了鐘路樂園年糕的總店。這家年糕店就是《週三美食漫談》節目中介紹過的鐘路樂園年糕，它已被指定為首爾未來遺產。我們從仁寺洞往樂園商場方向走。由於《週三美食漫談》節目中介紹過的樂園年糕店就在街對面，我們很容易就找到了。看到一位穿著傳統韓服的老人站在人行道上，真的讓我感覺彷彿置身於仁寺洞。通常，在「週三美食漫談」節目中出現的店鋪都會在櫥窗上掛著大橫幅，但這家「樂園年糕店」卻很特別，什麼都沒有。我是不是找錯地方了？我又仔細找了一次！沒錯，我沒找錯。這家年糕店比仁寺洞那家分店大得多。不過，它看起來就像一家普通的店鋪，如果不是特意尋找，我可能就會錯過它。也許他們也製作婚宴年糕，因為我看到了精美的刺繡裝飾和年糕樣品。這家店被首爾市政府授予「首爾未來遺產」的稱號，也被Siksin評為「優秀餐廳」！店員們都非常熱情友善。當我問是否可以拍照時，他們還開玩笑地要我好好拍一張……哈哈。店主店主非常友善熱情。聽說這是一家三代傳承的傳統年糕店，店裡的老照片讓人倍感溫馨。我看到一篇報紙文章，說這家店已經經營了60年，從祖母傳給母親，再傳給女兒，那份報紙看起來至少有20多年歷史了。 「首爾未來遺產」的標誌也醒目地掛在店裡！價格和生產日期都列在店面的一側，他們說只賣當天製作的年糕。也許是因為這家店太有名了，晚上去的時候很多年糕都已經賣完了。如果我想吃到更多種類的年糕，我建議白天去。強烈推薦！不過，這家店的年糕種類比仁寺洞那家要多。我買了一些寄給我在日本的好朋友，但是因為年糕很重，所以沒買太多。我透過KakaoTalk給她看了照片，讓她自己挑選自己喜歡的…哈哈。第二天，這些年糕……冷凍後運往日本。哈哈。他們不僅賣年糕，還賣韓果和藥果。年糕的禮盒包裝很漂亮，我覺得很適合當節日禮物！因為店門口掛著他們上過《週三美食談話》的牌子，我就問他們為什麼不掛在外面，他們回答說：「不用掛牌大家都知道！」這是樂園年糕店的招牌菜。 《週三美食談話》節目提到艾草年糕很好吃，但我的胃…",,,원조낙원떡집 종로3가,原創樂園年糕店鐘路三街
종로떡집,鐘路年糕店,"떡,한과",年糕，韓國甜點,영업 중,1169,30,서울 종로구 삼일대로 437 건국빌딩,首爾特別市鐘路區三一大路 437 建國大樓,종로3가역 5번 출구에서 231m,,영업 중 20:00에 영업 종료,02-730-8829,,,"생방송투데이 1542회, 16.01.01.2016년 1월 1일 ",,#VALUE!,"출근하자마자 눈 도장 찍자마자 종로복떡방의 메뉴를 찾는 대표님... 오늘이 화이트데이라며 여직원들에게 떡을 선물해 주고 싶다는 대표님... 속으로 요즘 아이들은 떡을 안좋아해요... 그냥 기프트콘 주세요 하고 싶지만.... 이미 답정남 이시기도 하고 기프트콘 이런거 안좋아하시는 스타일이라 그냥 그대로 go go 오전 급한 업무 처리하고 종로 낙원동 떡집으로 달려가서 다양한 세트 상품들 중에 2만원대의 상품을 선택 6가지 맛의 떡중에 3개는 약밥 3개는 약밥대신 영양떡으로 주문 즉석에서 떡 담아서 세팅해 주심.. 근데... 약밥과 영양떡 말고는 냉동떡들이다 냉동고에서 모찌랑 찰떡들 꺼내서 선물용 상자에 담주심 아침에 만든 말랑말랑한 떡들 담아 주시는게 아니였다.... 10만원 이상 결재 하면 서비스떡 2개 골라서 가져가라고 하신다. 떡맛은 모르겠고 사전예약 없이 다양한 떡을 선물용으로 구입할수 있다는 장점이 있고 내맘대로 구성품을 매장에 있는 떡으로 골라 원하는 가격대로 세팅 할수 있다는점 단점이라면 모든 떡이 당일 아침에 만든게 아니고 냉동떡도 혼합 된다는점 화이트데이선물 떡선물 낙원떡 종로떡집
안녕하세요 모두 아침식사 맛있게들 하셨나요?! 월요일 아침이라 정신도 없고 분주하고 해서 끼니를 거르시는 분들이 많으신데 아무래도 아침은 에너지를 내기 위해서 꼭 챙겨 드시는 게 좋죠 저는 요새 남편과 아침으로 솜씨명인 떡주문해서 먹고 있는데 아침식사 대용으로 딱 좋아서 너무 맛있게 먹고 있어요 :) 아쉽게도 저희 동네에는 떡가게가 정말 멀어요ㅠ 게다가 맛있는지도 잘 모르겠고 해서 100 국산 찹쌀을 사용해서 가족들이랑 믿고 먹기 좋은 솜씨명인에서 인터넷 주문해서 떡 먹어봤는데 꼭 추천드려보고 싶네요 솜씨명인에는 정말 다양한 떡 종류가 있는데요 그중에서 저는 꿀떡, 백설기, 바림떡, 떡국떡, 떡볶이떡 영양떡주문 해봤어요 떡이다 보니 어떻게 배송되나 궁금하시죠?! 떡 종류별로 하나씩 개별 포장돼서 아이스팩과 함께 아이스박스에 담겨오는 덕에 차갑게 받아볼 수 있어 좋았어요 친절하게 어떻게 먹어야 꿀떡 백설기 바림떡 영양떡 등을 맛있게 아침 대용으로 더 맛있게 먹을 수 있는지 안내해 주셔서 그대로 따라 먹었어요 가족들과 바로 먹을 떡을 제외하고는 배송받자마자 바로 냉동실에 넣어 보관했어요 냉동실에 보관했다가 먹고 싶을 때마다 양을 조절해서 꺼내 바로 먹을 수 있으니 넘 편해요 떡꾹떡과 떡볶이떡을 비롯해서 꿀떡, 백설기, 바림떡, 영양떡주문하니 냉동실도 제 마음도 든든해지는 기분! 솜씨명인 떡은 바쁜 아침에 든든하게 한 끼 식사 대용으로 먹기 참 괜찮아요 또는 출출할 때 어른 아이 가리지 않고 간식으로 먹기 참 좋은 떡이라서 저도 간식으로 자주 먹고 있어요 솜씨명인 떡이 참 마음에 드는 게 판매를 위한 유통기한을 늘리기 위해서 산미료나 주정을 포함한 인공색소, 방부제 등 화학 첨가물을 사용하지 않아 가족들과 함께 먹기 좋다는 거예요 가족이 함께 먹는 떡인 만큼 첨가물이 없는 떡이라서 건강하게 믿고 먹기 좋은 전통 떡이랍니다 또 국내산 햅쌀로 제조돼서 떡 맛이 고소하면서도 담백해 씹으면 씹을수록 쫀득하고 맛있는데요 떡 전문가이신 숙련된 장인이 꿀떡, 백설기, 바림떡, 영양떡, 떡국떡 등 다양한 떡 종류에 들어가는 원재료를 엄격하게 선별하세 정성스럽게 만드신다고 하니 더욱더 믿음이 가죠 냉동으로 도착한 떡은 어떻게 먹어야 할지 궁금하시죠?! 아이스박스에 아이스팩과 함께 차갑게 얼려서 배송 오기 때문에 도착하자마자 언박싱해서 바로 냉동실에 넣어 보관해 주시고 바람떡이나 꿀떡같은 경우는 상온이나 냉장실에서 1시간에서 2시간 장도... 
얼마 전에 인사동에 갔었는데 인사동만의 특유의 분위기를 느끼며 골목길을 거닐다 보니 출출해져서 들리게 된 종로떡집! 그곳에서 팥앙금절편과 찹쌀떡을 포장해 온 후기를 소개하겠습니다. 종로떡집 위치: 서울 종로구 삼일대로 437 건국빌딩 영업시간: 매일 04:00 20:00 02-730-8829 인사동 산책 후 종로떡집 인사동 하면 전통문화거리가 떠오르죠. 인사동 골목길을 천천히 걸어 다니다 보면, 군데군데 골동품점, 화랑, 공예품점, 지필방, 전통찻집, 한식당 등이 있고 관광 온 외국인들도 많이 보입니다. 인사동 산책 후 지나가던 길에 만난 종로떡집! 딱 봐도 한자리를 오래 지켜온 떡집 분위가 나네요. 입구 진열대에는 미니 약과, 강정, 유과 등이 보이고 떡은 안에 있다는 안내대로 들어가 봤습니다. 벽을 보니 TV에도 많이 나온 떡집이더라고요! 여기저기 세월의 흔적이 느껴졌고, 주변 시장에서 보는 친근한 떡집 분위기 그대로였어요. 참고로, 주차는 건물 뒤편 건국주차장에 30분 무료라고 합니다. 매장 안에는 포장이 되어 있는 다양한 떡들이 보입니다. 약밥, 인절미, 바람떡, 경단 선물용으로 좋아 보이는 포장된 떡도 있습니다. 팥앙금절편 저는 평소에 팥을 좋아해서 팥앙금이 들어간 절편을 골랐습니다. 쑥절편과 흰 절편이 반반 들어가 있네요. 절편안에 팥이 들어가 떡이 볼록해 보이는데, 떡이 더 먹음직스럽습니다. 식감은 말랑말랑하면서도 쫀득쫀득! 팥앙금은 많이 달지 않아 부담 없이 먹을 수 있습니다. 흰색 절편은 부드럽고 담백한 맛이고, 반면 쑥절편은 쑥의 향이 은은하게 나면서도, 떡의 쫄깃함이 살아 있어요. 두 가지 절편을 함께 먹으면, 한 끼 식사 대용도 됩니다. 쑥절편은 건강식으로 인기가 있고, 떡 안에 들어간 팥소는 달콤해서, 아이들부터 어른들까지 모두 좋아합니다. 찹쌀떡 다음은 하얗고 동글동글해서 맛있어 보여 선택한 찹쌀떡! 개별 포장되어 있어 하나씩 먹기에 좋았어요. 찹쌀떡은 말 그대로 찹쌀로 만든 떡으로, 부드럽고 쫄깃한 식감이었어요. 종로떡집의 찹쌀떡은 하얀색의 부드러운 떡에 팥앙금이 들어가, 달달하면서도 고소한 맛입니다. 커피나 차와 함께 먹으면 잘 어울립니다. 아이들 간식으로도 좋고, 어른들의 간식으로도 인기가 많아요. 마무리 인사동 산책 후 종로떡집을 방문해 떡을 포장해 보는 것도 좋은 코스였습니다. 팥앙금절편, 찹쌀떡, 모두 맛있었고 인사동의 고즈넉한 분위기와 종로떡집의 정겨움이 어우러져 기억에 남는 하루였습니다. 인사동 근처에서 떡집을...","CEO一到公司，露面之後就開始在鐘路炒年糕店找菜單……他說今天是白色情人節，想給女員工們送年糕……我當時真想對自己說：“現在的年輕人都不愛吃年糕……給我張禮券就行了。”但是……他是個鐵了心了。處理完早上緊急的工作後，我趕緊去了鐘路洛園洞的年糕店，從各種套餐裡選了一份兩萬韓元左右的。六種口味的年糕，我最後點了三份肉飯和三份營養年糕。他們當場就把年糕打包好，擺好……但是……除了肉飯和營養年糕，其他的都是冷凍的。他們從冷凍櫃裡拿出麻糬糯米糕，裝進禮盒裡。他們沒有裝早上新鮮出爐的軟糯米糕……他們告訴我，如果消費超過10萬韓元，可以免費帶兩個米糕回家。我不太清楚這些米糕的味道，但好處是可以不用預約就能買到各種各樣的米糕作為禮物，而且可以根據店內現有的米糕來定制搭配，設定自己想要的預算。缺點是並非所有米糕都是當天早上做的，裡面混雜著冷凍米糕。白色情人節禮物，米糕禮物，樂園米糕，鐘路米糕店

大家好！你們都吃過美味的早餐嗎？ ！因為是星期一早上，很多人都很忙，所以常常會錯過早餐。但是，吃早餐補充能量真的非常重要。最近，我和老公經常從「Somssi Myeongin」訂購年糕當早餐，味道真的很好，完全可以代替正餐。可惜的是，我們家附近的年糕店太遠了。而且，我也不確定他們家的年糕到底好吃不好吃，所以就嘗試在「Somssi Myeongin」官網訂購。他們家用的是100%國產糯米，品質可靠，值得信賴，我真心推薦。 Somssi Myeongin的年糕種類很多，我點了蜜汁年糕、白雪糕、巴林年糕、年糕湯年糕和營養年糕。既然是年糕，你一定很好奇他們是怎麼配送的吧？我很喜歡他們把年糕依種類單獨包裝，放在保溫箱裡，裡面還放了冰袋，所以收到的時候還是冰涼的。他們貼心地提供了蜂蜜年糕、白年糕、巴林年糕和營養年糕的食用說明，讓它們作為早餐替代品更加美味，所以我嚴格按照說明操作。除了打算馬上和家人一起吃的年糕外，我收到後立刻把剩下的都放進了冰箱冷凍。能夠把它們冷凍起來，想吃的時候隨時取出適量，真是太方便了。這次訂購了年糕湯料、炒年糕以及蜂蜜年糕、白年糕、巴林年糕和營養年糕，讓我的冰箱和心裡都充滿了滿足感！ Somssi Myeongin年糕是忙碌早晨的理想代餐選擇，營養豐富，美味可口。當你有點餓的時候，它們也是大人和小孩都喜歡的美味零食，所以我自己也常吃。我最喜歡Somssi Myeongin年糕的一點是，它們不添加任何化學添加劑——例如酸度調節劑、酒精、人工色素或防腐劑——這些添加劑通常用於延長保質期，因此非常適合全家享用。既然是全家一起吃的，不含添加劑就更使其成為健康可靠的傳統年糕。此外，以國產新米製作，口感清淡，帶有淡淡的堅果香；越嚼越有嚼勁，味道也越香。我知道，技藝精湛的年糕師傅們——他們是年糕製作的專家——會嚴格挑選各種年糕（例如蜜汁年糕、白年糕、巴林年糕、營養年糕和湯年糕）的原材料，並如此用心製作，這讓我更加放心。你可能在想，這些冷凍的年糕該怎麼吃吧？ ！由於產品是用裝有冰袋的保溫箱冷凍配送的，請您收到後立即拆箱並放入冰箱冷凍室保存。像巴拉姆年糕或蜂蜜年糕這類產品，請在室溫或冰箱冷藏1-2小時後再食用…

我最近去了仁寺洞。漫步在小巷中，感受著仁寺洞獨特的氛圍，我感覺有點餓了，於是就去了鐘路年糕店！我會分享一下我在那裡買的紅豆年糕和糯米糕的評價。鐘路年糕店 地址：首爾市鐘路區三一大路437號建國大廈 營業時間：每日 04:00 - 20:00 電話：02-730-8829 仁寺洞漫步之後 提到仁寺洞，人們首先想到的就是這條充滿傳統文化氣息的街道。漫步在仁寺洞的巷弄間，你會發現古董店、畫廊、工藝品店、文具店、傳統茶館和韓式餐廳隨處可見，還能看到不少外國遊客。鐘路年糕店是我在仁寺洞散步後路過時偶然發現的！光看店面就能感受到它是一家老字號年糕店的氛圍。入口處的展示架上擺放著迷你藥果、薑餅和柳果，我循著指示牌走了進去。環顧四周，我發現這家店上過不少電視節目！店內處處都散發著歲月的痕跡，氛圍和附近市場裡的年糕店一樣親切友善。對了，店後方的建國停車場提供30分鐘免費停車。店內擺放著各種包裝好的年糕。市面上有許多包裝精美的年糕，很適合送禮，例如肉飯、年糕、巴南年糕和慶團。至於紅豆餡的年糕，因為我平常就喜歡紅豆，所以我就選了這款紅豆餡的。它一半是艾草餡的，一半是白餡的。因為裡面有紅豆餡，所以年糕看起來飽滿多汁，更誘人。口感軟糯有嚼勁！紅豆餡甜度適中，吃起來不會覺得膩。白餡口感清淡柔和，而艾草餡則保留了淡淡的艾草香氣，同時又保持了嚼勁。兩種餡一起吃，剛好可以代替一頓正餐。艾草餡的年糕本身就是一種很受歡迎的健康食品，而香甜的紅豆餡更是讓它成為老少皆宜的美食。接下來是糯米糕，我選它是因為它看起來很美味——白白的，圓圓的！它是獨立包裝的，方便一個一個地吃。顧名思義，糯米糕是用糯米做的，口感軟糯有嚼勁。鐘路年糕店的糯米糕是軟糯的白米糕，裡麵包裹著紅豆沙，味道香甜，還帶著淡淡的堅果香。它很適合搭配咖啡或茶。老少咸宜，是很好的零食選擇。在仁寺洞漫步之後，去鐘路年糕店買些年糕，真是個很棒的行程安排。紅豆沙年糕和糯米糕都很好吃，仁寺洞的寧靜氛圍與鐘路年糕店的溫馨氛圍交織在一起，讓這一天變得格外難忘。仁寺洞附近還有一家年糕店…",,,원조낙원떡집 종로3가,原創樂園年糕店鐘路三街
태극당,太極堂,베이커리,麵包店,영업 중,22725,4857,서울 중구 동호로24길 7,首爾特別市中區東湖路24街7,동대입구역 2번 출구에서 56m,,영업 중 21:00에 영업 종료,02-2279-3152,https://smartstore.naver.com/tgd_1946,"포장,배달","전현무계획 48회, 25.09.26.2025년 9월 26일 버터빵/모나카아이스크림/단팥빵밥블레스유 39회, 19.04.04.2019년 4월 4일 카스텔라생방송아침이좋다 30회, 16.06.03.2016년 6월 3일 팥빙수/모나카굿모닝대한민국 873회, 14.10.27.2014년 10월 27일 카스테라인절미생생정보통 850회, 14.04.11.2014년 4월 11일 카스테라인절미","생과자 선물세트(복, 24개입) 66000원
생과자 선물세트(정, 14개입) 39000원
생과자 선물세트(희, 8개입) 22000원
우유 모나카 3300원
초코 모나카 3300원
버터빵 3100원
단팥빵 3000원
슈크림빵 3200원
소보로빵 2900원
콘브레드 3600원
아메리카노 4600원
카페라떼 5300원
바닐라라떼 5800원
로루케익 28000원
후르츠파운드 25000원
월병3종세트 37200원","新鮮點心禮盒（Bok，24件）66,000韓元

新鮮點心禮盒（Jeong，14件）39,000韓元

新鮮點心禮盒（Hee，8件）22,000韓元

牛奶最中 3,300韓元

巧克力最中 3,300韓元

奶油麵包 3,100韓元

紅豆麵包 3,000韓元

奶油泡芙麵包 3,200韓元

小麵包 2,900韓元

玉米麵包 3,600韓元

美式咖啡 4,600韓元

拿鐵咖啡 5,300韓元

香草拿鐵 5,800韓元

卷蛋糕 28,000韓元

水果磅蛋糕 25,000韓元

3件套月餅套餐 37,200 韓元","동대입구역 앞 장충체육관에 일정이 있어서 갔다가 들리게 된 태극당 본점이겠지 이곳이?ㅋㅋㅋ 어마어마한 크기의 건물하나를 다쓰고 있었던 태극당 !!! 뭔가 할머니들이 많을 거 같은 비쥬얼인데 전혀 아니었다. 자리도 많고 팔고있는 베이커리 종류와 음료 종류도 많고 해서 방문했다. 옆에 프릳츠커피 장충을 갔었는데 자리가 없고 너무 복잡해서 옆에 있던 태극당으로 이동! 근데 생각보다 커피도 맛있고 디저트도 맛있어서 좋았다. 언니 뒷모습이 찍혔군 ㅋㅋㅋ 백년가게인 태극당 역사가 깊다. 친구가 상하이 여행다녀오면서 던져주고간 선물도 열어보고 ㅋㅋ 매장이 넓어서 좀 편하게 쉴 수 있는 곳이었다. 2층에는 여자 화장실도 있고 매우큰 테이블이 가운데에 있어서 여유있게 디저트와 음료를 즐길 수 있었다. 본점이라 그런지 확실히 빵종류도 어마어마했다. 우리는 동대역 앞에서 점심식사를 하고 왔기때문에 3명이서 아이스 아메리카노와 아포카토 하나를 주문했다. 배불러서 나가면서 빵을 포장해가기로 하고 우선 구경후 올라가서 2층에 자리를 잡았다. 사과쨈이들어있는 이빵도 맛있고 앙금이 안에 들어있는데 이빵들도 맛있다는! 대전에 성심당이라면 ㅋㅋ 동대역 앞은 태극당인가? 잠실 롯데백화점 안에 있는 태극당 매장은 빵종류가 많이 없는데 확실히 본점이라 다르긴하다. 1층 카페쪽으로 가면 테이블도 많고 2층과 다른 분위기라고 보면 된다. 대형 카스테라 어마어마한 양의 카스테라 파티 또는 선물하기에 좋은 사이즈 카스테라였다. 관광객이랑 단체 손님도 생각보다 많이 보였다. 생일이었어서 친구들이 아포카토에 초를 꽂아서 파티까지 해줬는데 너무 고마웠다. 동대역 앞에 장충체육관에서 로드 FC 경기가 있었는데 이날 경기를 보기 위해 동대역 방문! 동대역 카페 찾다가 들어온 태극당. 혹시 장충체육관 또는 동대역 앞 카페나 베이커리, 디저트를 찾는다면 태극당을 방문해 보는 것도 좋을 거 같다. 서울 중구 동호로24길 7 전화번호 02-2279-3152 연중무휴 오전 8시에서 오후 9시 운영 https:naver.me5EU7o6iA
태극당 본점에서 구매한 모나카 아이스크림 세트 가격 후기 올려봐요 아니 신라호텔 갔다온 남편이 케이크가 11만원이라고 비싸다고 태극당을 다녀온거 있죠 ㅋㅋ 족발 아닌걸 다행이라고 해야할까요 태극당 본점 08시-21시 연중무휴 태극당은 1946년부터 이어온 전통의 베이커리로, 동대입구역 2번 출구 앞에 위치하고 신라호텔 앞 네거리에 크게 보인답니다 방송에도 많이 나온 모나카 아이스크림 드디어 먹어보네요 사실 이런 스타일 안좋아하는데 아이스크림이라니 또 먹게됐어요 80년 전통의 모나카는 가격 요렇게 보냉팩을 받고싶으면 무조건 세트구매만!! 단품이나 따로 추가구매 절대 안되고 무조건 세트만 보냉포장이 된답니다 그리하여 남편이 11만원대신 사온 ㅋㅋ 모나카 아이스크림 세트 먹어봅니다 우유모나카 , 초코모나카, 찹쌀모나카, 요렇게 세가지를 먹어보게 됐어요 박스에 들어있는게 세트이고 요것만 보냉팩 포장이 가능해요 낱개구매시 보냉팩만 따로 추가구매 절대안된다고 하니 참고하세요 초코모나카 60ml , 135kcal 냉동제품이에요 깊고 진한 맛의 초콜릿과 신선한 우유로 만든 아이스크림이 들어갔죠 성분은 요렇게, 재료도 요렇게 들어갔어요 반 갈라볼께요 초코아이스크림이 요렇게 맛은 그냥.. Soso였어요 이번에는 우유모나카를 먹어보겠습니다 60ml 118kcal 신선한 우유에 과자가 같이! 태극당 대표 아이스크림이죠 개당 3,300원 5개입 세트 16,500원이에요 오 전 이건 맛있더라고요 우유아이스크림 맛 진하고 모나카 아이스크림 먹는다면 전 이거요! 개인적으로 우유 초코였어요 그리고 이어서 먹어본 찹쌀 모나카! 고소한 찹쌀 모나카와 신선한 우유로 만든 아이스크림 동일하게 60ml 83kcal랍니다 같은 우유라도 이게 왜 더 별로지 ㅋ 찹쌀 모나카 겉 과자도 그렇고 제 입에는 좀 별로 기대를 안했는데도 크게 맛있는 않더라고요 저는 굳이 먹겠다면 우유 모나카만 먹겠습니다 ㅎㅎ 신라호텔 케이크 대신 먹어본 후기 그래도 오래된 전통이 있는 매장이라 선물하기에도 나쁘지 않은 것 같아요 태극당 모나카 아이스크림 세트 구매하기 한번 근처 들린다면 사보세요 태극당 모나카아이스크림 태극당본점 간식 디저트 태극당모나카 간식추천 (C)2026.lulu.All right reserved.
남산 산책 후 태극당 본점, 봄기운 만끽하다 대환장 파티 맛본 솔직 후기 목멱산방에서 식사후 남산 순환로 산책. 이제 제법 나무들에 연두색 새순이 돋아나서 진짜 봄이 오는 게 실감 나더라구요. 와룡묘가 열려있고 관람시간이라고 해서 올라가보니 정작 묘는 닫혀 있더군요. 소소하게 여기 저기 의자에도 앉고 풍경도 바라보며 장충단 공원까지 이어지는 산책을 즐겼어요. 하지만 그 끝에 마주한 태극당 본점의 토요일 풍경은... 말 그대로 인산인해! 결론부터 말하면, 빵맛은 좋지만 주말은 시장통. 직접 걸어본 최적의 동선과 주말 태극당에서 자리 뺏기지 않는 법, 지금 바로 공개할게요! 남산 산책 태극당 공략 목차 1 목멱산방에서 장충단 공원까지: 2 태극당 주말 좌석, 안내 직원이 없어도 당황하지 마세요 3 수십 년 전 그 맛 그대로! 레트로 빵의 진한 풍미 4 태극당 100 즐기기 위한 마지막 체크리스트 --- 1. 케이블카에서 장충단 공원까지: 봄맞이 산책 코스 봄맞이 산책 코스 3.3KM. 거의 평지고 완만한 길 걷기. 중간 중간 벤치가 있어서 수다 떨기 좋아요. 특히 리틀야구장을 지나 장충단 공원으로 내려오는 길은 나무들이 새순을 틔우고 있어서 걷는 내내 기분이 너무 좋았어요. 구간 소요 시간 핵심 포인트 남산 순환로 약 3040분 탁 트인 전망과 돋아나는 새순 구경 리틀야구장공원 약 15분 장충단 공원의 고즈넉한 분위기 태극당 도착 도보 5분 동대입구역 앞 거대한 빵의 성지 중간 요약 너무 쉬운 길이라 점심 먹은 음식이 소화되지도 않았지만 온 김에 태극당 들어가봤어요. 주말 이 근처 인파를 빨아들이듯 태극당으로 사람들이 들어가는 것을 보니 불안이 엄습. 2. 태극당 도착! 태극당 문을 여는 순간, 평화롭던 봄 산책은 끝이 나고 생존 모드로 변신 빵 매대도 많고 좌석이 꽉꽉 차 있는데, 안내해 주는 직원이 한 명도 없었어요. 아무리 셀프서비스지만 좌석을 정리하거나 줄 서는 것, 좌석 잡는 것을 안내해주는 직원이 필요한데 말이죠. 들어오면 다들 뭐부터 해야할지 우왕좌왕. 커다란 샹들리에부터 실내 분위기는 레트로 그 자체. 들어가자 마자 빵 매대가 넓게 차지하고 있어서 1차 혼란. 여긴 시스템이 먼저 앉는 사람이 임자인 구조라, 다들 눈치 작전. 우리도 방황하다가 역할을 나눠 2층에 자리 잡으러 가고 일부는 빵 고르고, 일부는 음료 주문하러 3곳으로 흩어졌어요. 좌석은 1층 여러 곳에 있고 2층에는 거대하고 긴 테이블 하나에 창가에 일렬 좌석....","我本來約了東大站入口前的獎忠體育館，結果就順道去了太極堂總店。我想這就是總店吧？哈哈。太極堂居然佔據了一整棟大樓！看起來像是老太太們常去的地方，但其實完全不是。店裡有很多座位，烘焙點心和飲品的種類也很豐富，所以我就決定進去看看。我本來想去隔壁的Fritz Coffee獎忠店，但人太多沒座位，所以就去了隔壁的太極堂！沒想到咖啡和甜點都很好喝，真是太開心了。哈哈，我妹妹的背影也被拍進去了。太極堂是一家百年老店，歷史悠久。我還打開了朋友從上海回來時送我的禮物。店裡很寬敞，感覺很舒服，可以好好放鬆。二樓有女洗手間，中央擺著一張很大的桌子，讓我們能悠閒地享用甜點和飲品。或許是因為這是總店，麵包的種類真的非常豐富。因為我們已經在東大門站前吃過午餐了，所以我們三個人點了一杯冰美式和一份阿芙佳朵。我已經吃飽了，所以決定打包一些麵包帶走。我先四處看了看，然後上樓，在二樓找了個位子。這款蘋果醬麵包很好吃，紅豆沙餡的也很美味！如果你說的是大田的聖心堂，哈哈，是不是東大門大學站前的太極堂？蠶室樂天百貨裡的太極堂分店麵包種類不多，但這家總店肯定不一樣，因為是總店。如果你走到一樓的咖啡區，那裡有很多桌子，氣氛和二樓完全不同。那裡有一個巨大的卡斯蒂拉蛋糕——分量十足，非常適合聚會或作為禮物。我看到的遊客和團體顧客比預想的要多。那天是我的生日，朋友們還特地為我準備了一個生日派對，在阿芙佳朵上插上了蠟燭，我非常感激。東大門大學站前的獎忠體育館正好有Road FC的比賽，所以我去車站看了比賽！本來只是想在車站附近找個咖啡館，結果誤打誤撞進太極堂了。如果你剛好在獎忠體育館或東大門大學站附近找咖啡館、麵包店或甜點店，我覺得去太極堂是個不錯的選擇。地址：首爾市中區東湖路24街7號 電話：02-2279-3152 全年營業，上午8點至晚上9點 https://naver.me5EU7o6iA

我要來分享一下在太極堂總店購買的莫納卡冰淇淋套餐的價格。我老公剛從新羅酒店回來，抱怨那裡的蛋糕要11萬韓元太貴，所以就去了太極堂，哈哈。我該慶幸他買的不是豬蹄嗎？太極堂總店：上午8點至晚上9點，全年營業。太極堂是一家始於1946年的傳統糕點店，位於東大站2號出口前，在新羅酒店前的十字路口非常顯眼。我終於有機會嚐到了電視上常出現的莫納卡冰淇淋。說實話，我平常不太喜歡這種風格，但因為是冰淇淋，所以最後還是又吃了一次。至於這款有著80年歷史的傳統最中冰淇淋的價格…想要獲得這樣的保溫包裝，就必須購買套裝！ ！絕對不能單獨購買單品或附加產品；只有套裝才有保溫包裝。所以，我選擇了老公買的最中冰淇淋套裝，而不是花11萬韓元單獨購買，哈哈。我嚐到了三種口味：牛奶最中、巧克力最中、糯米最中。盒子裡裝的就是套裝裡的所有東西，只有套裝才有保溫包裝。請注意，單獨購買單品時絕對不能單獨購買保溫包裝。巧克力最中是60毫升，135千卡；它是冷凍產品。它由新鮮牛奶和濃鬱醇厚的巧克力製成。配料表和材料清單都列在這裡。我們把它切成兩半吧。巧克力冰淇淋長這樣。味道嘛……也就那樣。接下來，我要嚐嚐牛奶最中。 60毫升，118千卡。鮮牛奶配餅乾！這是太極堂的招牌冰淇淋。單價3300韓元，5個一套16500韓元。哦，我居然喜歡這個。牛奶冰淇淋的味道很濃鬱，如果要我吃最中冰淇淋，那一定選這個！我個人最喜歡牛奶巧克力口味。接下來，我嚐了糯米最中！它由鹹香的糯米最中和鮮牛奶冰淇淋組成；60毫升，83千卡，和其他的一樣。雖然用的都是一樣的牛奶，但我還是不懂為什麼這個味道更差哈哈。糯米最中的外殼是這樣的，雖然我本來也沒抱太大期望，但它真的沒什麼特別好吃的。如果讓我選的話，我只會點牛奶口味的莫那卡哈哈。這次嘗試莫那卡冰淇淋取代了新羅酒店的蛋糕。不過，考慮到它是一家歷史悠久的店鋪，我覺得作為禮物送人也不錯。推薦購買太極堂莫那卡冰淇淋套餐。如果你剛好在附近，不妨去嚐嚐。太極堂莫那卡冰淇淋，太極堂總店，小吃，甜點，太極堂莫那卡，小吃推薦 (C)2026.lulu.版權所有。

在南山散步後，我去了太極堂總店，體驗了一場熱鬧的派對，感受春天的氣息。在木妙山房吃過飯後，我沿著南山環路散步。現在樹木都冒出了嫩綠的新芽，我真的可以感受到春天來了。我聽說加龍神社開放，而且還在開放時間內，所以就去了，結果神社本身卻關門了。於是我悠閒地漫步前往獎忠丹公園，沿途在長椅上坐坐，欣賞風景。然而，走到盡頭時，我卻在周六遇到了太極堂總店……簡直人山人海！總而言之，麵包味道確實不錯，但週末這裡就像個市集。接下來，我將分享我個人走過的最佳路線，以及如何在周末避免在太極堂​​找不到座位！南山漫步 & 太極堂攻略 目錄 1. 從木鏡山房到獎忠丹公園： 2. 太極堂週末座位：即使沒有工作人員引導也不要慌張 3. 幾十年來的味道始終如一！復古麵包的濃鬱風味 4. 充分體驗太極堂的最後清單 --- 1. 從纜車到獎忠丹公園：春季漫步路線 春季漫步路線 3.3公里。沿著平坦舒緩的小路漫步。沿途設有長椅，非常適合聊天。特別是經過少棒聯盟棒球場並下坡前往獎忠丹公園的那段路，全程都令人心曠神怡，因為樹木都已抽出新芽。

路段 時長 重點

南山環路：約30-40分鐘 - 視野開闊，欣賞萌芽的嫩芽

少棒聯盟棒球場公園：約15分鐘 - 長忠樂園公園的寧靜氛圍

抵達太極堂：步行5分鐘 - 東大站入口前的巨型麵包聖地

中途總結

這條路線非常輕鬆，我午餐還沒消化完，但既然來了，就決定順道去太極堂看看。看到太極堂裡人山人海，彷彿要把週末的人潮都吸進去似的，一種不安的感覺湧上心頭。

2. 到達太極堂！推開門的那一刻，我寧靜的春日漫步就結束了，我立刻進入了求生模式。店裡擺滿了各種麵包，座位也擠滿了人，卻沒有一個工作人員引導我們。即使是自助式的，也應該有工作人員來安排座位、引導排隊、幫助顧客找到座位。每個人一進去就慌張張地四處亂竄，不知道該先做什麼。從巨大的吊燈到室內裝潢，處處散發著復古氣息。一進門，麵包展示櫃就佔據了很大的空間，讓我們一時有點不知所措。由於這裡實行先到先得的原則，大家都在暗自較勁。我們也四處逛了一會兒，然後分散到二樓找座位；有些人去挑選麵包，有些人則分散到三個不同的地方點飲料。一樓的座位零星分佈，而二樓則只有一張巨大的桌子，靠窗擺放著一排座位…","서울에서 가장 오래된 빵집 태극당.
since 1946",,태극당 장충동,太極堂 長忠洞
HanaHome,HanaHome,갤러리카페,畫廊咖啡廳,오늘 휴무,1,1,서울 중구 장충단로 170 4층 401호 (빨간벽돌 한와담 건물 4층),首爾市中區獎忠丹路170號4樓401室（紅磚韓華丹大樓4樓）,동대입구역 3번 출구에서 85m,,오늘 휴무 03/27 휴무,,https://nanaland.kr,"무선 인터넷,포장",,"말차 쫀득 쿠키 7500원
누텔라 쫀득 쿠키 7500원
카다이프 쿠키 5600원
말차 화이트 쿠키 4600원
브라우니 5500원
딸기쨈 2200원","抹茶軟曲奇 7,500 韓元

能多益軟曲奇 7,500 韓元

卡達伊夫曲奇 5,600 韓元

抹茶白曲奇 4,600 韓元

布朗尼 5,500 韓元

草莓果醬 2,200 韓元","나나랜드 종로에 위치한 나나랜드는 갤러리카페로, 다양한 두쫀쿠를 선보이는 곳입니다. 서울 중구 장충동1가에 위치해 있어 동대입구역에서 도보로 85m 거리에 있습니다. 이곳의 주 메뉴인 헤이즐넛 두쫀쿠와 말차 두쫀쿠는 매일 구워내는 신선한 쿠키와 함께 제공됩니다. 따뜻한 아메리카노와 함께 즐기면 훨씬 더 맛있다고 할 수 있습니다. 가격대는 두쫀쿠가 각각 7,900원이며, 다양한 음료와 간식도 마련되어 있습니다. 나나랜드의 매력은 단순히 맛있는 디저트뿐만 아니라, 작가의 작업실에서 그림을 그리는 과정을 엿볼 수 있다는 점입니다. 이곳은 예술과 디저트가 어우러진 특별한 경험을 제공하는 공간이니, 방문할 때 그 독특한 분위기를 느껴보는 것도 좋습니다. 영업시간은 오후 12시부터 6시까지로, 여유로운 오후 시간을 보내기에 안성맞춤입니다. 특별한 디저트와 함께 휴식을 취할 수 있는 나나랜드에서 소중한 시간을 가져보세요.","位於鐘路區的Nanaland是一家畫廊咖啡館，主打各式各樣的「杜尊庫」（Dujjonku）。它坐落在首爾市中區獎忠洞1街，距離東大站入口僅85公尺步行路程。招牌菜榛果杜尊庫和抹茶杜尊庫皆搭配每日新鮮烘焙的曲奇餅乾。據說，佐以一杯熱美式咖啡，味道更佳。每份杜尊庫的價格從7,900韓元起，此外還提供各種其他飲料和小吃。 Nanaland的魅力不僅在於其美味的甜點，更在於有機會一窺藝術家的工作室，觀賞繪畫過程。這裡藝術與甜點完美融合，營造出獨特的氛圍，強烈推薦您前來體驗。 Nanaland的營業時間為中午12點至下午6點，是您悠閒度過下午時光的理想去處。不妨抽出一些寶貴的時間，在Nanaland品嚐特色甜點，放鬆身心。","누텔라 두쫀쿠와 말차 두쫀쿠,

날마다 다르게 굽는 맛있는 쿠키와 귀여운 그림들 :)

그림을 그리고 쿠키를 만드는 작가의 작업실로 당신을 초대합니다!

Open hour 12:00 ~ 18:00 PM (Fri - Sat)",,태극당 장충동,太極堂 長忠洞
태극당 인사동점,太極堂仁寺洞分店,"카페,디저트",咖啡館，甜點,영업 전,690,199,"서울 종로구 인사동길 30-1 2,3층",首爾市鐘路區仁寺洞路30-1號2樓及3樓,종로3가역 5번 출구에서 328m,,영업 전 11:00에 영업 시작,0507-1373-1946,https://smartstore.naver.com/tgd_1946,"포장,배달,예약",,"태극당 다과상(소) 250000원
태극당 다과상(중) 500000원
태극당 다과상(대) 1000000원
생과자 선물세트(복, 24개입) 66000원
생과자 선물세트(정, 14개입) 39000원
생과자 선물세트(희, 8개입) 22000원
우유모나카 3300원
초코모나카 3300원
아메리카노 5100원
카페라떼 5600원
쌍화차 6300원
모과차 6000원
오미자차 6300원
버터빵 3100원
찹쌀떡빵 4200원
단팥빵 3000원
콘브레드 3600원
월병 3000원
월병3종세트 37200원
서울김전병 16000원","太極堂茶具（小）250,000韓元

太極堂茶具（中）50萬韓元

太極堂茶具（大）1,000,000韓元

新鮮點心禮盒（小麵包，24個）66,000韓元

新鮮點心禮盒（小甜餅，14個）39,000韓元

新鮮點心禮盒（小甜餅，8個）22,000韓元

牛奶最中 3,300韓元

巧克力最中 3,300韓元

美式咖啡 5,100韓元

拿鐵咖啡 5,600韓元

雙花茶 6,300韓元

榅桲茶 6,000韓元

五味子茶 6,300韓元

奶油麵包3,100 韓元

小麵包 4,200 韓元

紅豆麵包 3,000 韓元

玉米麵包 3,600 韓元

月餅 3,000 韓元

三件套月餅 37,200 韓元

首爾金餅 16,000 韓元","인사동 카페 추천 태극당 쌍화차 단호박라떼 내돈내산 후기 인사동 카페 추천 태극당 월병 쌍화차 단호박라떼 내돈내산 남대문시장에서 배부르게 밥 먹고, 저녁도 먹으려면 소화가 되어야 하니 국립현대미술관에 갈까? 인사동 갈까? 하다가 인사동으로 출발했어요. 인사동을 걷다 보면 꽤 많은 건물에 갤러리가 있어서 그림 구경하는 재미가 있거든요. 모 갤러리 1층의 전시관 마음에 드는 추상화 작품을 유심히 보고 있는데 작가님이 다가오더니 1,000만원, 1,200만원으로 적혀있는 작품을 600만 원에 해준다고... 작품에 대한 얘기보다 일반 아크릴보다 비싼 물감이라며... 에잇! 그냥 달달한 음료나 마시며 쉬고 싶네 인사동 카페 골목으로 향했어요. 인사동 쌍화차 가격 한 잔에 전통차 전문 찻집 기준 9천 원부터 시작! 음.. 잠시 쉬다 가기는 가격이 부담스럽더라고요. 그나마 가성비 좋은 곳이 태극당이라서 다녀왔습니다. 1. 외관, 영업정보 인사동 메인 거리 2, 3층에 위치하고 있어서 걷다가 힘들 때 들리기 좋은 위치. 엘리베이터를 타고 2, 3층으로 이동 가능해서 유모차나 나이 드신 부모님 모시고 가기도 좋아요. 2층에서 주문하고, 3층에서 먹을 수 있기 때문에 3층부터 가서 자리 확보하고 2층에서 주문하는 걸 추천합니다. 영업시간은 매일 11시 20시 2. 인사동 카페 추천 태극당 2층 먼저 인사동 카페 추천하는 태극당 2층부터 보여드릴게요. 과자중의 과자 태극당 1946년부터 장충동에서 영업 중인 노포로 여기저기 매장이 많이 생겼어요. 2층의 과자, 빵, 선물 코너 월병 종류도 있고 과자, 전병, 롤케이크도 있어요. 2층에 야외 테라스 공간이 있는데, 추운 겨울에는 운영 안 하는듯했어요. 3. 메뉴 소개 음료 메뉴 모나카 아이스크림 종류 세트메뉴 전통찻집 쌍화차 먹는 것보다 태극당 세트메뉴가 더 가성비 좋은 느낌이네요. 뭐 먹을까 하다가, 잠시 쉴 공간이 필요해서 간단히 주문했어요. 다음에 가면 세트로 주문해 보렵니다. 단호박라떼 4,800원 쌍화차 6,300원 유자 월병 3,000원 4. 인사동 카페 태극당 3층 이제 인사동 카페 추천하는 태극당 3층 공간을 보여드릴게요. 저 문을 열고 들어가면 인사동을 내려다보는 창가 자리도 있고 벽쪽의 테이블과 가운데에는 마주 보고 앉는 테이블이 있었어요. 학창 시절 딱딱한 걸상 같은 의자라서 편한 의자는 아니었지만, 잠시 쉬고 가기는 좋은 공간이네요. 겨울 시즌 메뉴로 2천 원 할인 중인 단호박라떼와 향긋한 쌍화차 한파의 날씨에 따뜻한 음료 한 모금에 행복감이... 
하루는 인사동에서 점심을 먹고 나름 특별한 카페가 있다해서 태극당 인사동점을 방문해 보았습니다. 사실 태극당은 빵을 파는 역사 깊은 빵집인데요. 빵을 제외하고도 모나카 아이스크림이랑 예쁜 카페 정원?으로도 유명하다고 합니다. 태극당 인사동점은 인사동 중간에 딱 위치하고 있어서 대중교통으로 오실 경우는 종로3가역에서 한 10-15분 정도 걸어오시면 됩니다. 그렇게 걸어서 도착한 태극당! 태극당은 2-3층에 위치하고 있기 때문에 엘베 또는 계단으로 올라가면 됩니다. 그리고 짠 이렇게 2층으로 들어오게 되면 오른편에는 주문하는 곳 빵을 판매하고 있고 왼편으로는 아름다운 정원이 위치하고 있습니다. 사실 정원이라고 부르는게 좀 민망하긴 수준이긴 하지만 그래도 서울 한복판에서 이런 정원? 숲속? 에 들어가있는 카페는 찾는 것이 쉽지 않기에 ㅎㅎ.. 정원 카페라고 불러보았습니다. 음료 같은 경우는 인사동 답게 전통차를 고를 수 있구요 그 외에 다양한 디저트 또한 고르실 수 있습니다. 저는 아메리카노랑 모나카 하나를 시켰구요. 진동벨을 받고 빵 좀 구경했습니다. 아 참고로 모나카는 바로 나와서 먹으면 됩니다. 빵 종류는 다양하기는 했는데 점심 먹고 온 후 였기 때문에 배불러서 딱히 사지는 않았습니다. 가격은 한 3천원 중반대로 요즘 빵값이랑 비슷하긴 합니다. 그리고 다시 밖으로 나와서 사진 여러 컷 찍어주면서 커피 나오기 전에 모나카를 먹었습니다. 우선 모나카 자체는 일반 아이스크림이긴 한데 약간 시중 아이스크림보다는 좀 부드럽고 덜 단 느낌어어서 좋았습니다. 그리고 칼로리도 120kcal 언더여서 너무 좋았구요. 근데 솔직히 말씀드리자면 그렇게 특색있는 맛은 아니었습니다 ㅋ 그냥 평범한 바닐라 아이스크림 모나카 맛.. 그리고 무엇보다도!!! 제가 방문한 시간이 12시 20분쯤이었는데 사람이 많아서 그런지는 모르겠지만.. 25분이 지나도 커피가 안나와서... 결국엔 테이크아웃 잔으로 바꿔서 들고가면서 마셨습니다...ㅋㅋㅋㅋㅋㅋㅋ 이 부분에서는 좀 실망했네요. 뭐 그 외에는 밖의 정원처럼 꾸며놓은 곳도 그렇고 아이스크림도 맛있어서 좋았긴 합니다만..서비스가 조금 실망이었습니다 ㅠㅠ 그래도 다음번에는 빵을 한 번 먹어보고 싶어서 방문해보고 싶긴 하네요. 리뷰 끝
 서울 종로구 인사동길 30-1 2,3층 11:0020:00 0507-1373-1946 포장, 배달, 예약가능 서울에서 가장 오래된 빵집 태극당 Since 1946, 태극당 서울 몇 년전에 친구들이랑 서울 놀러왔을 때도 서울역에서 모나카아이스크림 포장해서 갔었는데 날씨가 더워서 빙수 먹을려고 찾아보다 인사동에 태극당이 있어서 고민하지 않고 방문했다 태극당은 인사동빈티지 건물 23층에 위치하고 있으며 야외실내자리로 나눠져있다 태극당 스테디셀러와 다양한 메뉴들 매장 외부에서 확인 가능했고 모나카아이스크림 외에도 다양한 제품들이 있어서 구경하는 재미가 있었다 2층 내부 2층은 카운터와 야외테라스로 나눠져 있었고 2층 내부에도 테이블은 몇 개 있었다 베이커리 다양한 종류의 선물세트도 준비되어 있어서 부모님 선물용으로 구입하기 좋을듯했고 명절 선물로도 좋을거 같았다 슈크림빵, 단팥빵 등 기본 빵부터 메론빵, 파운드도 다양하게 준비되어 있었다 메뉴 전통차 커피 과일차 음료 허브차 빙수 모나카아이스크림 세트메뉴 태극당 왔으니 모나카는 필수이고 먹고 싶었던 시원한 빙수까지! 우리 주문내역은, 우유 팥빙수 초코 모나카 외부 음식 반입 불가 1인 1메뉴 주문 일회용 컵 사용 불가 태극당 인사동점 매장 이용은 위와 같으니 참고하세요 2층 야외테라스 야외테라스도 너무 분위기 있고 이뻤는데 날씨가 더워서 우린 3층에 자리 잡았다 선선한 가을에 오면 좋을거 같던 3층 내부 3층에 에이컨이 빵빵하게 나오다보니 손님들로 가득했고 바테이블에 앉아있다 자리나서 옮겼다 미니뽕이 고른 초코모나카와 남편과 내가 주문한 우유 팥빙수 곱게 갈린 우유빙수에 적당히 단 단팥과 쫄깃한 떡의 궁합이 좋았고 단팥이 많이 달지 않아서 맛있었다 깊고 진한 맛의 초콜릿과 신선한 우유로 만든 아이스크림으로 아이들이 먹기 딱 좋았고 아이 어른없이 다 좋아할 맛이였다 다양한 베이커리와 시원한 빙수, 아이스크림까지 맛있어서 아이와 함께 방문하기 너무 좋았던 전통을 지키고 있는 오래된 빵집 태극당 추천한다","仁寺洞咖啡館推薦：太極堂雙花茶和南瓜拿鐵－我的親身體驗

在南大門市場飽餐一頓後，我需要在晚餐前消化。我猶豫著要去國立現代美術館還是仁寺洞，最後決定去仁寺洞。漫步在仁寺洞，你會發現很多建築裡都設有畫廊，欣賞藝術作品也別有一番樂趣。當我在一樓一家畫廊裡專注地欣賞一幅心儀的抽象畫時，藝術家走過來，提出以600萬韓元的價格出售一幅標價1000萬或1200萬韓元的作品……他幾乎沒怎麼談論畫作本身，而是喋喋不休地強調顏料比普通丙烯顏料貴……唉！我只想放鬆一下，喝杯甜飲。於是，我前往仁寺洞的咖啡館街。在仁寺洞，雙花茶的價格從9000韓元一杯起，都是在特色傳統茶館品嚐的！嗯……只是進去快速休息一下，價格有點貴。太極堂是最經濟實惠的選擇，所以我去了那裡。 1. 外觀及營業資訊：位於仁寺洞主街的二樓和三樓，地理位置便利，適合走累了就來歇腳。您可以搭乘電梯到達二樓和三樓，方便推嬰兒車或帶著老人前往。由於是在二樓點餐，三樓用餐，我建議您先到三樓找個座位，然後再到二樓點餐。營業時間為每日上午 11:00 至晚上 8:00。

2. 仁寺洞推薦咖啡館：太極堂二樓

首先，讓我帶您參觀仁寺洞推薦咖啡館－太極堂的二樓。太極堂，這家被譽為「零食之王」的老字號，自1946年起便在獎忠洞經營，如今在各地開設了多家分店。二樓的零食、麵包和禮品區擺放著各種月餅，以及餅乾、煎餅（韓國傳統薄脆）和捲餅。二樓還有一個戶外露台，但在寒冷的冬季似乎關閉了。

3. 菜單介紹

飲品菜單

最中茶

冰淇淋種類

套餐
太極堂的套餐比在傳統茶館喝雙花茶更划算。我當時還在猶豫要吃什麼，但因為我需要找個地方休息一會兒，所以就點了些簡單的食物。下次來我打算點套餐。甜南瓜拿鐵 4,800 韓元，雙花茶 6,300 韓元，柚子月餅 3,000 韓元。 4. 仁寺洞太極堂三樓咖啡館。現在，讓我帶您去看看仁寺洞我推薦​​的太極堂咖啡館三樓。推開門進去，可以看到窗邊的座位可以俯瞰仁寺洞，牆邊也有桌子，還有中間的對坐桌。椅子就像我學生時代坐的那種硬凳子，所以坐起來不算舒服，但這裡是個小憩的好地方。南瓜拿鐵現在是冬季特供，優惠2000韓元，再配上香氣撲鼻的雙花茶，在寒冷的冬日里啜飲一口熱飲，真是無比愜意…

有一天，在仁寺洞吃完午餐後，我聽說那裡有一家很特別的咖啡館，於是就去了太極堂仁寺洞分店。其實，太極堂是一家歷史悠久的麵包店。除了麵包，這家店據說還以莫納卡冰淇淋和漂亮的咖啡花園而聞名。太極堂仁寺洞分店位於仁寺洞中心地帶，如果您搭乘大眾運輸工具，從鐘路三街站步行約需10-15分鐘。就這樣，我到達太極堂了！由於店舖位於二樓或三樓，您可以搭乘電梯或走樓梯。瞧！進入二樓後，右側是點餐區和麵包銷售區，左側則是一個美麗的花園。說實話，稱它為花園感覺有點不好意思，但考慮到在首爾市中心很難找到一家像這樣隱匿於花園或森林中的咖啡館，我決定稱它為「花園咖啡館」。正如仁寺洞的特色，您可以選擇傳統的茶飲以及各種甜點。我點了一杯美式咖啡和一份莫納卡冰淇淋。收到震動提醒後，我瀏覽了一下麵包區。對了，最中冰淇淋是可以馬上吃的。麵包種類很多，但我剛吃過午飯，已經很飽了，所以什麼也沒買。價格在3000韓元左右，跟現在的麵包價格差不多。之後我又出去拍了幾張照片，趁咖啡還沒上來，吃了一個最中冰淇淋。首先，最中冰淇淋其實就是普通的冰淇淋，但我很喜歡它比超市買的冰淇淋口感更軟一些，甜度也低一些。而且它的熱量不到120卡路里，這點也很棒。不過說實話，味道並沒有什麼特別之處，哈哈。吃起來就像是普通的香草味最中冰淇淋。最重要的是！ ！ ！我大概中午12點20分左右去的，不知道是不是因為人太多，等了25分鐘咖啡都沒上……最後只好打包帶走邊喝……哈哈哈哈。這一點有點失望。不過，除了這一點，外面花園般的裝潢和美味的冰淇淋都很不錯，就是服務有點讓人失望ㅠㅠ 不過，下次我還是想再去嚐嚐麵包。評論結束

首爾市鐘路區仁寺洞路30-1號2樓和3樓 11:00 - 20:00 0507-1373-1946 提供外帶、送餐和預約服務

太極堂，首爾最古老的麵包店，始於1946年，太極堂首爾店

幾年前和朋友去首爾的時候，我在首爾站也買了Monaka冰淇淋帶走。因為天氣炎熱，我想找個地方吃刨冰，在仁寺洞發現了太極堂，便毫不猶豫地進去了。太極堂位於仁寺洞復古大樓的23層，分為室內和室外座位區。從店外就能看到太極堂的常駐攤位和各種菜單，除了最中冰淇淋之外，還有很多其他商品，逛起來很有意思。

二樓內部

二樓分為吧台和室外露台，室內也擺放著幾張桌子。

烘焙區

這裡有各種各樣的禮盒，感覺很適合買禮物送給父母或作為節日禮物。從泡芙、紅豆包等基礎麵包，到各種蜜瓜麵包、磅蛋糕，應有盡有。菜單上包括傳統茶、咖啡、水果茶、軟飲、花草茶、刨冰和最中冰淇淋。自從來到太極堂，最中（Monaka）就成了必點之選，就連我一直想吃的清爽刨冰也終於嚐到了！我們點了牛奶紅豆刨冰和巧克力最中。請注意太極堂仁寺洞分店的以下店內規則：禁止外帶食物，每人限點一份菜單上的菜品，且不提供一次性杯子。二樓的露台環境也很漂亮，氣氛很好，但因為天氣炎熱，我們選擇了三樓的座位。三樓的內部裝潢感覺很適合涼爽的秋天。由於三樓空調開得很足，所以人很多，我們先坐在吧台，等有空位後才換到三樓。 Minippong點了巧克力最中，我和老公則點了牛奶紅豆刨冰。細膩的牛奶刨冰、甜度適中的紅豆沙和軟糯的年糕搭配在一起，味道真是絕了；紅豆沙甜度適中，味道鮮美。搭配濃鬱醇厚的巧克力和鮮牛奶冰淇淋，既適合孩子，也適合所有年齡層的人。這裡烘焙點心種類豐富，還有清爽的刨冰和美味的冰淇淋，是帶孩子遊玩的好去處。我強烈推薦太極堂，一家秉承傳統的古老烘焙坊。",서울에서 가장 오래된 빵집 태극당. since 1946,,태극당 장충동,太極堂 長忠洞
온당디저트,翁當甜點,케이크전문,蛋糕特色,영업 중,1,33,서울 강남구 역삼로64길 18 1층 101호,,선릉역 1번 출구에서 695m,,영업 중 17:00에 라스트오더,0507-1403-3263,,"예약,포장,주차",,"떡케이크3호 75000
떡케이크2호 68000
떡케이크 1호 55000
쌀생크림케이크 1호 44000
바람떡 (5구) 16000
개성주악(오리지널) 1개 2300
초코인절미 (4알) 3300
땅콩인절미 (4알) 3300
단호박인절미 (4알) 3300.0
흑임자인절미(4알) 3300.0
두바이쫀득쿠키(4개세트) 22900.0","3號年糕 75,000

2號年糕 68,000

1號年糕 55,000

1號鮮奶油米糕 44,000

巴南年糕（5個） 16,000

開城餅（原味） 1個 2,300

巧克力年糕（4個） 3,300

花生年糕（4個） 3,300

甜南瓜年糕（4個） 3,300

黑芝麻年糕（4個） 3,300

杜拜軟曲奇（4塊） 22,900","강남 주문제작케이크 떡케이크주문 온당디저트 추천추천드림당 강남 주문제작케이크 온당디저트 추천하는 이유! 1. 맛있음 디저트 덕후지만 떡은 그냥저냥? 맛있는 떡 아니면 절대 안먹는 ㅋㅋㅋ 까탈왕인데 온당디저트 떡케이크 진짜 맛있더라구여 위에 올라간게 앙금이라 앙금떡케이크인데 생각보다 늠 맛도리라서 놀라따 2. 예쁨 주문제작케이크 의의가 모겟음까? 이쁘면 일단 반은 먹고 드루가잔하용?? 벚꽃시즌이라고 벚꽃디저트 만들어버리심 넘 예뻐서 먹기 아까웠당 디자인 넘모 감각적이라 특별한 날 특별한 용도로 사용할 강남 주문제작케이크 온당디저트 추천해용 3. 가격도 합리적 주문제작케이크 가격 터무니없이 비싼 경우도 많은뎅 요기는 가격도 합리적이구 이쁘구 맛도 앙금떡케이크 좋아하실 분들은 짱 좋아하실거가태용 가게에 배관?? 뭐 그런거땜시롱 픽업은 사장님댁 근첰ㅋㅋㅋㅋ 에서 햇지만ㅋㅋㅋㅋ 떡케이크 사진은 진짜 열시미 찍엇다...... 제가 픽업했던 때가 진짜 딱 벚꽃휘날리던 때여가지구 (지금은 비도오고 그래서 벚꽃엔딩이다) 아 이러케 이쁜 떡케이크 심지어 벚꽃 그려진 떡케이크 ㅠㅠ 벚꽃배경으로 찍어야지ㅠㅜㅠ 하고서 회사 근처에 벚꽃 핀 곳은 다 찾아다님ㅋ ㅠㅠㅠㅠㅋㅋㅋ 쫜 뒤로 살짝 보이는 벚꽃 어떵가요 안에 슬쩍 보면 요로하여요 넘 이쁘죵 벚꽃잎 하나하나 표현한게 넘 사랑스러운데 저게 다 앙금이더라고여 백설기 위에 앙금 얹은 앙금떡케이크라 달달하였다! 칼이랑 양초도 같이 주신당 저는 1호 사이즈였구여 당근 가게로 가는 줄 알구 카메라까지 챙겨갔는뎈ㅋㅋㅋ 너무 케이크만 덜렁 픽업하게대서 상당히 당황하여따 ㅋㅋㅋㅋ 사실 가게 사진을 더 마니 찍고싶엇눈데..!ㅋㅋ 하... 이러케댄이상 회사 근처 벚꽃투어다... 뒤로 살짝 보이는 벚꽃 보이시려나효 안대겟다 이걸로 약하다 발레학원근처로 간다 ㅋㅋㅋㅋㅋㅋ나만알던 벚꽃명소 총출동댐 쫜 여러케보니까 이뿌져 바닥에 떨어진 벚꽃이랑 떡케이크 디자인이랑 늠 잘어울리는 거 이걸로 충분하지 않아.. 한곳 더 들림.. 가즈아.. 그리고 이러면안대지마는 벚꽃도 줍줍해서 얹어봄 하 점심시간에ㅔ 돌아다니기 개빡셋다 벚꽃구경다햇네 삼실에 돌아와서 까보긔 넘이쁘다 자세히 들여다보니 더 이쁘다 예쁜 떡케이크 찾으시나여 여기 어떠세용 참 이뿌져 어디꺼냐구여 온당디저트 떡케이크입니다료 강남 주문제작케이크 필요하시면 떡케이크 업어가셔라 아까 줍줍해온 벚꽃이랑 놓고보니 색감이 진짜 존똑... 조카가 어린이집을 졸업했다. 3월부터 유딩이라니!!! 어린이집 졸업 축하 겸 유치원 입학축하로 주문제작 케이크를 준비했다. 강남 주문제작케이크 찾는다면 여기! 선릉 케이크 온당 이다. 선릉 케이크 살 때 가기 좋은 온당은 떡케이크 전문점이다. 카카오톡채널 온당 통해 사장님과 케이크 디자인 등을 논의하고 주문 하면 된다. 디자인이 고민되면 ondangricecake 에서 실제 사진을 참고하면 된다! 선릉 케이크, 강남 주문제작케이크 온당 위치 : 선릉역 도보 10분 역삼 아이파크 206동 402호 영업 : 10시-18시 일요일 휴무 0507-1403-3263 배달 : 네이버 스마트스토어 온당디저트 주문 가능 내가 원한 디자인은 요렇게였다. 우리 조카가 래브라도 경장을 너무너무 좋아해서, 래브라도 경장과 도베르만으로 구성된 이미지로 만들어달라 요청했다. 그리고 그렇게 나온 결과는?? 짜잔!! 너무 예쁘게 디자인된 조카 졸업 케이크!! 열어보기도 전에 원하던 디자인 그대로 나와서 좋았다. 나는 직접 가서 수령이었고, 문앞에서 따뜻하게 전달주셨다. 봤자마자 디자인을 볼 수 있는 패키지라서 아주 좋았다. 바로 보자마자 감탄.. 와 너무 마음에 들잖아? 아이 졸업 케이크나 입학 케이크 같이 강남 주문제작케이크를 찾으면 여기 온당이 최고다! 인스타에서 본 상어 케이크들도 너무 예뻤는데, 우리 조카 케이크 래브라도 경장도 너무너무 ! 선명한 색감이 백설기랑 어우러지면서 더 예쁘다. 우리조카.. 래브라도 경장 케이크 보자마자 얼른 뜯어서 먹으려고 분주하게 움직였다. 파티도 전에 위에 깔린 앙금을 찍어먹어버렸다. 맛있다고 좋아했다. 졸업 기념 노래도 부르고 초도 불러야지! 했더니 급하게 후 부는 우리 조카! 그러고 스윽스윽 잘라서 맛나게 먹었다. 위에 앙금이 너무 맛있다고 좋아했다. 아빠도 드시더니 떡이 맛있다고!! 케이크를 잘 안먹어서 떡케이크로 한건데, 정말 잘한 선택이었다. 디자인도 예쁘고, 맛도있고! 강남 주문제작케이크 찾는다면 온당 케이크! 여기 스마트스토어에서 배달주문도 가능하다. 우리 조카 어린이집 졸업 축하행!!! 담에 유치원 졸업때도 이모가 케이크 선물해줄게!! 포스팅 끝! 온당 선릉케이크 선릉떡케이크 강남주문제작케이크 역삼케이크 역삼떡케이크 떡케이크 강남떡케이크 온당 주소 : 서울 강남구 역삼로 307 206-402 영업시간 : 월토 10:00 - 18:00 매주 일요일 정기휴무 전화 : 0507-1403-3263 12월은 연말이라 약속도 많고, 크리스마스가 있어서 바쁜 달인데요 :) 하나뿐인 남동생(이라 쓰고 웬수라 읽는...ㅋㅋㅋㅋ) 생일이라 뭔가 특별한 케이크를 선물해주고 싶었어요! 자타공인 떡돌이라 예쁜 생일 떡케이크를 알아보던 중 강남 주문제작케이크로 평이 좋은 온당에서 아주 예쁜 케이크를 만들어주셨답니다 :) 주문제작 케이크 받자마자 정말 깜짝놀랐어요!!!! 너무너무 예쁘죠? ㅎㅎㅎㅎ 케이크 상자도 앞 쪽은 투명해서 바로 내부가 보여서 더 좋더라구요 :) 크리스마스 분위기까지 나도록 포인세티아 꽃으로 장식해주셨는데, 꽃은 앙금이더라구요! 설기 케이크랑 같이 먹으니 보기에만 예쁜 게 아니라 맛까지 좋더라구요 ㅎㅎㅎㅎ 저는 하루 전 날 저녁에 픽업해와서 다음 날 점심에 생일파티했답니다 :) 떡으로 어쩜 이런 예쁜 퀄리티의 케이크가 가능한거죠?? 신기신기!!!!! 초 꼽기 전 열심히 사진도 찍어봅니다 ㅎㅎㅎㅎ 오늘 아빠가 선물로 가져오신 식탁보와 케이크의 조합이 완전 크리스마스 그 자체더라구요 ㅎㅎㅎ 강남 주문제작케이크 온당은 케이크 주문 시 기본으로 제공되는 초가 아래 사진처럼 예쁘더라구요! 따로 구매하지 않아도, 초까지 예뻐서 감동이었어요 ㅠㅠ! 서른이 넘어가니 케이크 할 때 항상 초 하나만 꼽고있는데...ㅋㅋㅋㅋ센스있게 물결초 서비스 최고! 노래 부르기 전에 모두를 감동시킨 떡케이크 비주얼을 영상으로도 자세히 담아봅니다 :) 동생 부부와 고양이까지 케이크에 담아 주셨는데, 너무 좋아해서 뿌듯하더라구요 :) 다같이 신나서 노래부릅니다 ㅎㅎㅎㅎ 그리고 케이크 잘라야하는데.... 대문자 F인 저는 차마 잘려지는 모습을 볼 수가 없더라구요 ㅠㅠㅋㅋㅋㅋㅋ 작품같은 그림이 다칠세라 살살 잘라줍니다 ㅎㅎㅎ 케이크 자르는데 조심하라며, 얼굴 잘린다며 소리지르고 난리가 났었네요 ㅋㅋㅋㅋㅋ 힝.... 잘라서 먹지 않고 그냥 보관하고싶어요 ㅠㅠㅋㅋㅋ 떡케이크 맛나게 먹어야하니 잘라야하는 하는데 뭔가 작품 훼손하는 느낌 ㅠㅋㅋㅋㅋ 꿀설기 케이크라서 포슬포슬 정말 맛있더라구요! 백설기를 안 좋아하기는 힘드니까요 ㅋㅋㅋㅋ 윗부분도 크림인 줄 알았는데 앙금이더라구요!!! 아래쪽 설기와 같이 먹으니 더더 꿀맛!!!! 얼굴 부분은 아까워서 마지막까지 못 먹겠다며 ㅋㅋㅋㅋ 얼굴만 남겨두고 먹다가 가장 마지막에 먹었답니다 :) 그리고 온당 사장님이...",我強烈推薦江南區的Ondang Dessert訂製年糕！以下是我推薦Ondang Dessert訂製蛋糕的理由：1. 真的很好吃。雖然我是個甜點愛好者，但對年糕卻一直不太感冒。我是個很挑剔的食客，除非年糕真的很美味，否則我絕對不會吃的，哈哈。但是Ondang Dessert的年糕真的超級好吃。雖然上面鋪著紅豆沙，是紅豆年糕，但它的味道真的讓我驚喜。 2. 很漂亮。訂製蛋糕的意義何在？如果蛋糕漂亮，那就成功了一半，對吧？現在正是櫻花季，他們家做了櫻花主題的甜點。這些甜點太漂亮了，我都捨不得吃了。設計非常時尚，所以我推薦大家在特殊場合選擇Ondang Dessert訂製蛋糕。 3. 價格合理。訂製蛋糕通常貴得離譜，但這家店價格合理，顏值高，味道也棒極了。我覺得喜歡紅豆年糕的人一定會愛上它。店裡有水管嗎？ ？ ？嗯，就因為這個原因，我特意去老闆家附近取的哈哈，不過為了拍出這麼好看的年糕照片，我真的費了不少功夫……我取蛋糕的時候正好是櫻花盛開的時候（現在下雨了，櫻花季也快結束了），所以我就想，“啊，這麼漂亮的年糕，上面還畫著櫻花ㅠㅠ，一定要拍張櫻花背景的照片ㅠㅠ”，然後我就在辦公室附近到處找櫻花盛開的地方哈哈。鏘鏘！背景裡隱約可見的櫻花怎麼樣？如果往裡面看，就是這個樣子。是不是很漂亮？他們把每一片櫻花花瓣都畫得好漂亮，結果發現裡面全是紅豆沙。因為是紅豆沙餡的白年糕，所以很甜！他們還送了我一把刀和一支蠟燭。我的是1號的。當然，我以為是要去店裡，所以還帶了相機哈哈。結果最後我竟然沒帶相機就直接拿了蛋糕，真是有點慌哈哈。其實，我還想多拍幾張店裡的照片！哈哈。唉……既然事情發展成這樣了，那就去辦公室附近賞櫻吧……你們看到背景裡隱約可見的櫻花了嗎？不能就這麼算了，這還不夠。我要去芭蕾舞學院附近哈哈。所有隻有我知道的賞櫻地點都出現了。鏘鏘！從各個角度看都很美，對吧？散落在地上的櫻花和年糕的造型真是絕配。這還不夠……我還要再去一個地方……走吧……雖然不應該，但我還是摘了一些櫻花放在上面。唉，午休時間到處走走真是太累了。賞櫻結束了。回辦公室拆箱。真漂亮。仔細看，更漂亮。你在找漂亮的年糕嗎？看看這個怎麼樣？真的很漂亮，對吧？你問是哪裡的？ Ondang Dessert。是年糕！如果你在江南需要訂製蛋糕，就選這個年糕。我把它和之前摘的櫻花放在一起，顏色簡直一模一樣……我姪女從幼稚園畢業了。想想她三月就要上幼稚園了！ ！ ！我做了一個客製化蛋糕，慶祝她幼兒園畢業和入學。如果你在江南需要訂製蛋糕，就來這家吧！這是雪陵蛋糕溫堂。溫堂是雪陵購買蛋糕的好去處，是專營年糕的店家。您可以與店主討論蛋糕設計和其他細節，並透過溫堂的KakaoTalk頻道下訂單。如果您難以決定設計，可以參考ondangricecake網站上的實體照片！雪陵蛋糕，江南訂製溫堂，地址：驛三工業園206號樓402室（雪陵站步行10分鐘），營業時間：上午10:00至下午6:00，週日休息，電話：0507-1403-3263，可透過Naver Smart Store「溫堂甜點」訂購。這就是我想要的設計。我的姪子非常喜歡拉布拉多騎士，所以我要求設計一個同時包含拉布拉多騎士和杜賓犬的蛋糕。結果如何？鏘鏘！為我侄子訂製的畢業蛋糕太漂亮了！ ！還沒打開包裝就驚喜萬分，因為它完全符合我的預期。我親自去拿的，他們熱情地送到了我家門口。包裝的設計讓我一眼就能看到蛋糕的造型，我非常喜歡。看到蛋糕的那一刻，我簡直驚呆了……哇，我太喜歡了！如果你想在江南區為孩子的畢業典禮或入學儀式訂製蛋糕，Ondang絕對是最佳選擇！我在Instagram上看到的鯊魚蛋糕很漂亮，但我侄子的拉布拉多騎士蛋糕更是美味無比！鮮豔的色彩與白色的年糕完美融合，讓它更加賞心悅目。我姪子一看到拉布拉多騎士蛋糕，就迫不及待地撕開包裝，迫不及待地吃了起來。他沾著上面的紅豆沙，在派對開始前就吃光了。他說蛋糕太好吃了，非常喜歡。我告訴他我們要唱畢業歌、吹蠟燭，他立刻就吹熄了！然後他迅速切開蛋糕，津津有味地吃了起來。他們都很喜歡，說上面的紅豆餡特別好吃。爸爸也嚐了一口，說年糕很好吃！因為他們平常不怎麼吃蛋糕，所以我特地選了年糕，真是個明智的選擇。蛋糕造型漂亮，味道也很棒！如果你想在江南區訂製蛋糕，就去Ondang Cake吧！他們家的Smart Store也提供外送服務。祝賀我侄子幼兒園畢業！下次幼稚園畢業的時候，阿姨也幫你做一個蛋糕！就寫到這裡啦！ Ondang 雪嶺蛋糕 雪嶺年糕 江南訂製蛋糕 驛三蛋糕 驛三年糕 年糕 江南年糕 Ondang 地址：首爾市江南區驛三路307號206-402 營業時間：週一至週六 10:00 - 18:00 聖誕節休息 305 月:) 因為這是我唯一的弟弟（其實是我的死對頭…哈哈）的生日，我想送他一個特別的蛋糕作為禮物！作為一個自稱的年糕愛好者，我一直在尋找漂亮的生日年糕，這時，江南區一家評價很高的定制蛋糕店 Ondang 為我做了一個非常漂亮的蛋糕 :) 當我收到定制蛋糕的那一刻，我真的非常驚喜！ ！ ！ ！是不是超漂亮？嘿嘿嘿。我也很喜歡蛋糕盒正面是透明的，可以一眼看到裡面的蛋糕 :) 他們用一品紅裝飾，營造聖誕氣氛，結果發現那些花竟然是用豆沙做的！配上雪姬蛋糕一起吃，不僅好看，味道也超棒。嘿嘿嘿。我前一天晚上取的蛋糕，隔天中午就用來慶祝生日了 :) 用年糕做成這麼漂亮的蛋糕，簡直太神奇了！太不可思議了！ ！ ！插蠟燭之前我拍了很多照片。嘿嘿嘿。爸爸今天帶來的桌巾和蛋糕搭配起來，簡直就是聖誕氛圍的完美詮釋。嘿嘿嘿。在江南區的Ondang訂餐時預設提供的蠟燭也很漂亮，就像下圖這樣！連蠟燭都這麼漂亮，不用單獨購買，真的讓我很感動。現在我都三十多歲了，通常蛋糕上只插一根蠟燭……哈哈哈。貼心的「波浪蠟燭」服務真是太棒了！在大家唱歌之前，我把那塊感動到所有人的年糕拍了下來，還錄了視頻 :) 他們甚至把我的弟弟妹妹、弟妹夫還有貓都畫在了年糕上，看到他們那麼喜歡，我真的好驕傲 :) 我們一起興奮地唱著歌，嘿嘿嘿。然後就到了切蛋糕的時候……但我真是個慫包，實在不忍心看它被切開ㅠㅠ哈哈。我小心翼翼地切，怕破壞了這幅藝術品般的畫面，嘿嘿。切的時候還鬧了一陣，大家都在喊著要小心，說會把臉切掉，哈哈。唉…我只想把它留下來，不切開吃ㅠㅠ哈哈。我知道要吃年糕就得切開，但感覺就像在破壞一件藝術品ㅠ哈哈。因為是蜂蜜年糕，所以口感蓬鬆，真的很好吃！白年糕真的很難讓人不喜歡哈哈哈哈。我一開始以為上面的是奶油，結果竟然是紅豆沙！ ！ ！和下面的年糕一起吃味道更棒了！ ！ ！ ！我實在捨不得吃掉臉的部分，直到最後才吃，感覺好浪費哈哈哈哈。所以我把剩下的都吃光了，只留下臉，最後才吃掉它 :) 還有，Ondang 的老闆…,"떡케이크전문, 라이스 디저트 카페
@ondang_ricecake
*케이크 디자인 문의 또는 궁금한 사항은
 카카오채널: 온당 으로 주세요",,온당디저트 강남구,
시에나블루,赭石藍,케이크전문,蛋糕特色,영업 중,192,103,서울 강동구 천호대로 991 1층 시에나블루 케이크,,천호역 1번 출구에서 57m,,영업 중 16:00에 영업 종료,0507-1400-7913,https://www.instagram.com/sienna.blue_?igsh=eW5qcW1wMnE1MGFk&utm_source=qr,주차,,"한식디저트 선물 50000~100000
상차림떡 100000~120000
바람떡 45000~60000
쌀구움과자 답례품 9000~30000
개성주악 선물 40000~50000
앙금플라워떡케이크 60000~200000","韓式甜點禮盒 50,000~100,000韓元

餐桌擺設年糕 100,000~120,000韓元

巴南年糕 45,000~60,000韓元

烤米餅（回禮） 9,000~30,000韓元

蓋城糕禮盒 40,000~50,000韓元

豆沙花糕 60,000~200,000韓元","개성주악 찹쌀가루에 멥쌀가루나 밀가루를 섞은 후, 막걸리나 소주를 넣고 익반죽하여 둥글게 빚은 것을 기름에 지진 뒤 조청, 꿀 등을 이용해 약과처럼 집청해서 만든 한과의 일종. 개성 향토 음식으로 정월 초나 잔치 등의 행사 때 해 먹는다. 나무위키. https:namu.wikiw개성주악 요즘 한과 디저트를 곳곳에서 찾아볼 수 있는데요. 신세계 백화점 식품관에도 한과 디저트 매장이 있더라고요. 백화점 식품관은 요즘 유행하는 상품을 판매하니, 한과 디저트도 요즘 유행이라는 의미죠? 오늘은 지인 추천 디저트 카페인 시에나블루 케이크 방문 후기를 남길게요. 작년 여름에 처음 방문 했는데 그 후에도 나들이 갈때 종종 들른답니다. 내돈내산 후기 개성주악, 정말 맛있고 새로운 느낌의 디저트 였어요. 맛은 약과였지만, 겉은 바삭, 속은 쫀득하고 부드러운 디저트. 사진의 과일 아랫부분이 개성주악이예요. 사진의 디저트는 모두 딸기주악인데, 왼쪽은 딸기, 오른쪽은 산딸기가 개성주악에 올라간 디저트예요. 크기는 엄지와 검지를 맞대고 동글게 만들었을때 크기 정도니까 직경 5cm 정도? 아담했답니다. 딸기주악 외에도 시에나블루 케이크는 금귤, 고구마 등이 올라간 주악도 판매했는데 하나씩 맛보니 어찌나 맛있던지 주악 외에 커피도 맛있었어요. 비오던날 들렀던 곳이라 운전에 집중하기위해 아아 커피도 주문했는데, 첫 모금에 와 커피 맛이 주악과 절묘하게 어울리는 느낌이다! 라는 느낌이었어요. 산미는 적고 볼드(bold)함이 강해서 대체로 스타벅스 커피 맛이었는데요. 다양한 로스팅의 커피를 모두 좋아하는 (그렇지만 물에 많이 희석된 어메리카노는 불호하는) 제겐 잘 맞았어요. 음료 메뉴는 아래 참고해 주세요. 주인장께 문의해보니, 이곳에서 오랫동안 (5년?) 자리잡고 계셨다는 데 그간 온라인 판매만 하다가 최근 오프라인 매장을 열었다고 하네요. 시에나블루 케이크는 케익 주문 제작도 하더라고요. 매장 인테리어도 아기자기하고, 젊은 분들이 매장 이용을 많이해서 그런지 활기찬 느낌이었어요. (사진은 잠깐 사람이 자리를 비웠을 때 재빠르게 찍었지요.) 커피와 5개 주악을 샀는데 포장도 귀엽네요. 며칠 뒤 다시 들렀을 땐 매장에서 즐기고 갔는데요. 너무 맛있어 보이죠? 시에나블루 케이크 매장은 천호 문구거리에 위치해 있으니, 추억의 문구점 구경해도 좋을 것 같아요. 개성주악 디저트 디저트카페 시에나블루케이크 천호동 친한 언니의 추천으로 가 본 시에나블루케이크 요즘 유행한다는 개성주악이 할머니 입맛에 잘 맞을듯 하여 하나 사다드리고자 퇴근 후 들렀다. 적당한 넓이에 예쁜 인테리어를 가지고 있어서 볕이 좋은 날 먹고 가도 좋겠다 싶다. 하얀색과 나무가 주는 편안함 사이로 긴 소파 아래에 있는 독특한 패턴이 눈에 들어온다. 시에나블루케이크의 메뉴는 개성주악 뿐 아니라 여러 음료도 함께 있다. 개성주악이 목적이라면 빨리 오는 것을 추천한다. 영업 종료 직전에 갔더니 두 종류밖에 남아있지 않았다. 가장 기본과 금귤이 올라간 것으로 세개씩 담아 집으로 가져가는 길. 버스정류장에 비치는 햇살을 받은 모습이 예쁘다. 집에 가져가 나눠 먹으니 다들 좋아했다. 쫀득한 찹쌀도넛에 조청으로 바삭함을 더한 느낌이라 나눠먹으려 자를 때 소리가 너무 기분 좋더라. 맛도 좋아서 다음에는 종류별로 사가볼까 한다 :) 드디어 긴장되고 떨렸던 상견례 첫인사 자리가 끝났습니다..!!! 상견례 선물 준비한 이유 상견례 선물 준비할까말까 고민을 엄청 많이 했는데요.. 처음에 만났을 때 어색한 분위기를 풀어 줄 아이스브레이킹하기 좋음 상견례가 끝나고도 두고두고 좋은 인상을 줄 수 있음 사진 찍으며 기념할 수 있음 요런 이유로 상견례 선물을 준비하기로 결정했습니다. 제가 주문한 바람떡 사진인데요 제가 주문했던 곳은 시에나블루로 선택했던 이유는 상견례 선물 전문 연한 핑크연한 파랑의 예쁜 식감 신랑신부를 상징하는 색 전날에도 주문 가능! 퀵배송으로 상견례 장소까지 편하게 받을 수 있음 문구카드 작성 가능 요런 장점들이 많아 시에나 블루를 선택하게 되었습니다. 상견례 선물 가격 가격 바람떡 꽃송편 45,000원2 실크보자기인사문구택노리개쇼핑백 16,000원 퀵 배송비 16,000원 총 122,000원 결제 주문방법은 1) 네이버를 통해 주문 시 퀵을 선택 옵션에서 퀵배송 픽업일시 작성 2) 배송지는 상견례 장소로 설정 3) 결제 4) 문자를 통해 퀵 요금 입금 요청이 오면 입금 5) 문자 통해 작성 문구 발송 참고로 저는 시에나블루(천호역) - 상견례장소(광화문역) 거리에 16,000원 퀵 요금이 나왔고, 비슷한 거리의 종로구, 성북구, 동작구, 영등포구도 퀵 비용은 비슷한 16,000원으로 예상됩니다. 좀 더 가까운 용산구, 강남구, 동대문구는 퀵 비용이 좀 더 저렴할 것 같네요. 상견례 문구 추천 상견례 카드 상견례 선물은 핑크 파랑의 보자기에 예쁘게 싸져 왔습니다. 저희가 작성했던 문구는 소중한 인연으로 두 가정이 만나게 되어 기쁩니다. 앞으로 좋은 인연으로 함께하길 바랍니다. 입니다. 그 외에 저희가 후보로 추렸던 문구는 아래와 같습니다. 사랑으로 키워주신 은혜 진심으로 감사드립니다. 서로 아끼고 행복하게 살겠습니다. 두 가정의 소중한 인연이 시작되는 날 기쁜 마음을 담아 작은 정성을 준비했습니다. 앞으로 잘 부탁드립니다. 너무 이쁘죠.. 서로에게 선물을 준다는 의미로 여자쪽 집은 파란색, 남자쪽 집은 핑크색으로 나누어 가졌습니다. 상견례 바람떡 맛 왼쪽에 하나는 누가 먼저 먹어버려서.. 감안하고 봐주세욥ㅎㅎ 화이트연파랑 색의 조합이 너무 예쁘죠 모양도 송편꽃모양잎사귀까지 같이...","開城餅是一種韓式甜點，做法是將糯米粉與糯米粉或小麥粉混合，加入馬格利酒或燒酒揉成麵團，搓成球狀，油炸至金黃，最後裹上糖漿（如氤氳糖漿或蜂蜜），類似於藥果。它是開城的特產，通常在農曆新年或宴會等場合食用。 Namu Wiki. https://namu.wikiw 開城餅。如今，韓式甜點隨處可見。我甚至在新世界百貨的美食廣場也發現了一家韓國甜點店。既然百貨公司的美食廣場銷售潮流商品，那麼韓式甜點現在也很流行，對吧？今天，我將分享一家名為「Sienna Blue Cake」的甜點店的評論，這家店是一位熟人推薦的。我去年夏天第一次去，之後每次外出都會光顧。我的真實評價：開城餅（Gaeseong Juak）是一款非常美味的甜點，口感清新。它的味道有點像藥果，但外皮酥脆，內裡軟糯Q彈。照片底部的水果就是開城餅。照片中的甜點都是草莓餅；左邊的餅上放的是草莓，右邊的餅上放的是野生草莓。它的大小大約相當於拇指和食指併攏形成的圓圈，直徑約5厘米，非常小巧。除了草莓餅，Sienna Blue Cake還出售金桔餅和地瓜餅；每種都美味無比，而且咖啡也很不錯。因為我是在一個下雨天去的，所以點了一杯冰美式咖啡，以便開車時集中註意力。第一口下去，我就覺得咖啡的味道和餅的味道簡直是絕配！這款咖啡酸度低，口感濃鬱，整體味道和星巴克咖啡很像。我很喜歡，因為各種烘焙程度的咖啡我都愛喝（雖然我不喜歡加水太多的美式咖啡）。請參考下面的飲品單。我問了店主，他們說這家店已經開了很久（大概五年了？），之前只做線上銷售，最近才開了實體店。我還了解到Sienna Blue Cake也接受蛋糕訂製。店裡的裝潢很別緻，可能因為常有年輕人光顧，所以感覺很熱鬧。 （趁有人短暫離開的時候，我趕快拍了張照片。）我買了咖啡和五塊Juwak，包裝很可愛。幾天後我又去了一次，就在店裡享用了。看起來是不是很美味？ Sienna Blue Cake位於天湖文具街，所以逛逛那些充滿懷舊氣息的文具店也很不錯。開城竹糕甜點店 Sienna Blue Cake 位於天湖洞。我是經過一位好友推薦才去的 Sienna Blue Cake。下班後，我順道去給奶奶買了一個，因為我覺得這種時髦的開城竹糕很合她的口味。店面大小適中，裝潢也很漂亮，我覺得在陽光明媚的日子去那裡吃應該很愜意。店內以白色和木質色調為主，營造出舒適的氛圍，而長沙發下方獨特的圖案則格外引人注目。 Sienna Blue Cake 的菜單上不僅有開城竹糕，還有各種飲料。如果你的目標是開城竹糕，我建議你早點去。我去的時候快到關門時間了，所以只剩下兩種口味了。我每種都買了三個——最基本的口味和加了金桔的口味——然後就回家了。陽光灑在公車站上，看起來格外誘人。回家後，大家都讚不絕口。口感像糯米甜甜圈，裹上米糖漿後又酥脆可口，切開分享時發出的聲音真是令人滿足。味道好極了，下次我打算把所有口味都買一遍 :) 終於，令人緊張的兩家人第一次見面結束了…！ ！ ！我準備禮物參加家庭聚會的原因：我糾結了很久要不要準備禮物……最終決定準備，原因如下：禮物有助於打破僵局，緩解初次見面時的尷尬氣氛；即使聚會結束後，也能留下美好的印象；而且還可以拍照留念。這是我訂的巴南年糕的照片。我選擇Sienna Blue是因為他們專門做家庭聚會禮物，而且年糕質地漂亮，顏色是淺粉紅色和淺藍色，這兩種顏色分別象徵著新郎新娘。甚至可以提前一天預訂！我選擇Sienna Blue是因為它有很多優點，例如可以透過快速遞送服務在會議地點接收包裹，以及可以寫留言卡。會議禮品價格：風糕和花餅 45,000 韓元；絲綢包裝布（含賀卡）、織錦和購物袋 16,000 韓元；快速遞送費 16,000 韓元。總計：122,000 韓元。訂購流程如下：1）透過Naver訂購時，選擇“快速遞送”，並在選項中輸入快速遞送的取件日期和時間；2）將送貨地址設置為會議地點；3）付款；4）根據短信提示支付快速遞送費；5）通過短信發送留言卡。作為參考，從Sienna Blue（天湖站）到會面地點（光化門站）的快速配送費用為16,000韓元，鐘路區、城北區、銅雀區和永登浦區類似距離的快速配送費用預計也在16,000韓元左右。龍山區、江南區和東大門區等距離較近的地區，快速配送費用似乎會便宜一些。我們為兩個家庭見面準備的祝福語、見面卡和禮物都用粉紅色和藍色的包裝布精美地包裝好了。我們寫的祝福語是：「我們很高興兩個家庭透過這份珍貴的緣分走到了一起。希望未來我們能保持良好的關係。」我們入選的其他祝福語如下：「衷心感謝您用愛養育我們。我們將彼此珍惜，幸福地生活在一起。值此兩家締結珍貴姻緣之際，我們滿懷喜悅地準備了一份小小的禮物，以表達我們的兩真心想為了象徵互贈禮物，新娘家收到了藍色的禮物，新郎家收到了粉紅色的禮物。這是兩家相聚時品嚐的巴南年糕（風糕）。有人先吃了左邊的那個…所以請記住這一點，哈哈。白色和淺藍色的搭配真好看，不是嗎？形狀也很可愛，還有鬆餅上花朵形狀的葉子…","강동구 떡케이크 전문 공방 시에나블루입니다
앙금플라워 주문 제작, 생일, 환갑, 칠순, 팔순 떡케이크와 다양한 한식 디저트를 전문으로합니다",,시에나블루 강동구,
서울버터샌드,首爾奶油三明治,"카페,디저트",咖啡館，甜點,영업 중,672,264,서울 관악구 조원로10길 28 101호 서울버터샌드,,구로디지털단지역 6번 출구에서 532m,,영업 중 21:00에 영업 종료,,https://www.instagram.com/seoul_butter_sand_/,"포장,예약","생방송투데이 3125회, 22.08.30.2022년 8월 30일 버터바","서울 소금 버터떡 4개 전화예약 10000
(설날선물)개성주악10구세트
원조 두바이쫀득 개성주악 6구셋트
원조두바이쫀득 개성주악 5700
오리지널 개성주악 2800
산딸기 개성주악 4500
밤 개성주악 4500
피넛버터 개성주악 4500
수제 서울오리지널버터바 7300.0
수제 단짠황치즈 버터바 7800.0
수제 얼그레이 버터바 7800.0
수제 피스타치오 초코 버터바 8500
미니약과 개성주악 4500.0
피스타치오슈페너(ice) 6800
버터슈페너 (ice) 6500
생딸기 수제우유생크림 컵케익
수제 서울흑임자버터바 7800.0
누텔라 개성주악 4000
무화과 크림치즈 개성주악 4500
고구마 개성주악 4000.0
크림치즈 개성주악 4000.0
수제 제주말차버터바 7800.0
수제 서울레몬버터바 7800.0
수제 서울초코버터바 8200.0
수제 시나몬 버터바 7800.0
아메리카노 4000.0","首爾鹽味奶油年糕（4塊）電話預訂 10,000韓元

（農曆新年禮物）開城餅 10塊裝

原味杜拜軟糯開城餅 6塊裝

原味杜拜軟糯開城餅 5,700韓元

原味開城餅 2,800韓元

野草莓開城餅 4,500韓元

栗子開城餅 4,500韓元

花生醬開城餅 4,500韓元

手工首爾原味奶油條 7,300韓元

手工甜鹹切達起司奶油條 7,800韓元

手工伯爵茶黃油條 7,800韓元

手工開心果巧克力奶油條 8,500韓元

迷你藥果開城餅4,500.0

開心果舒普納（冰）6,800

奶油舒普納（冰）6,500

新鮮草莓手工牛奶奶油紙杯蛋糕

首爾手工黑芝麻黃油條 7,800.0

榛果巧克力醬開城甜點 4,000

無花果奶油起司開城甜點 4,500

地瓜開城甜點 4,000.0

奶油乳酪開城甜點 4,000.0

濟州島手工抹茶黃油條 7,800.0

首爾手工檸檬黃油條 7,800.0

首爾手工巧克力黃油條 8,200.0

肉桂奶油條 7,800.0

美式咖啡 4,000.0","안녕하세요, 쪼아맘이에요 ) 두쫀쿠에 이어 요새 유행하는 뉴디저트가 나왔다길래 오랫만에 지인만나러 가는길에 구로에 맛집이 있다하여 다녀와봤어요. 서울버터샌드 정보 주소 서울 관악구 조원로10길 28 101호 서울버터샌드 연락처 - 영업시간 월 - 금 11:00 21:00 토 - 일 10:00 21:00 주차 주차 불가 서울버터샌드 매장 두쫀쿠를 이을 뉴디저트는 바로 버터떡!!! 화이트톤에 아담하고 깔끔한 분위기의 매장이에요. 버터바와 개성주악으로 유명했다는 서울버터샌드 다음엔 버터바와 개성주악이닷!! 서울버터샌드의 서울소금버터떡 4구에 10,000원 가격은 사악하긴해요 흐흐 그래두 유행하니 맛봐야지 서울버터샌드의 주메뉴중 하나인 개성주악 요렇게 생겼네요. 오동통한 약과 느낌인걸? 명절 선물 또는 외국인 친구들에게 선물해도 좋을듯해요. 커피 음료도 있으니 참고해주세요. 2박스 사서 집으로 고고 즐거운 발걸음 눈뉴난나 서울버터샌드 버터떡 동글동글하게 구워진 겉모양이 보기만 해도 바삭할 것 같아서 얼른 맛봤는데, 역시 식감이 정말 매력적인 디저트였어요. 게다가 겉에 살짝 올라간 소금 덕분에 마냥 달기만 한 맛이 아니라 단짠단짠한 매력이 있어 더 맛있었어요. 겉은 바삭하고 속은 쫀득한 느낌이 좋았어요. 최근에 먹어본 디저트중의 최강의 겉바속쫀이였어요 아메리카노와 먹으면 환상궁합!! 요즘 유행하고 있다는 버터떡,,, 궁금해서 맛보았는데 아주 만족스러웠어요. 버터떡 말고도 원래 유명한 개성주악, 버터바도 있으니 방문해서 색다른 디저트들도 맛보셔요. 그럼 오늘도 쪼아하세요 ) 26.04.06 버터떡 유행 지났지만 뒤늦은 포스팅.. ㅋㅋ 근데 여기는 주기적으로 먹을 집인 것 같아 기록 남겨보려고 한다!!! 위치: 관악구 조원로10길 28 101호 (신림동 1652-20) 영업시간: 평일 11시 21시 토,일 10시 21시 연락처: 010-- 주차: 불가 픽업정도 잠시 주차는 가능 출처네이버 서울버터샌드는 내가 직접 간 적은 없다. 매번 남편이 선물하듯 포장해 오는 곳!!!! 이곳은 개성주악을 파는 곳인데 소금 버터떡도 같이 팔고 있는듯하다. 나는 소금빵을 엄청 좋아하는데 소금버터떡은,,,,,, 리얼 맛있었다. 일반 버터떡보다 진짜 더 맛있다. 소금의 매력이란,,, 소금빵처럼 버터떡 위에 소금 솔솔솔 다들 버터떡에 연유 찍어드시나요? 연유 찍어 먹으면 단짠단짠 하지만 그냥 먹어도 맛있다. 살 덜 찌고 싶으면 그냥 먹는 거 추천 ㅋㅋㅋㅋ 겉은 바삭 안은 쫀쫀한 떡 위에는 기본, 밑에는 고구마 크림치즈 경주에서 개성주악 처음 먹어보고 생각했던 것보다 맛이 없어서 나는 개성주악을 안 좋아하는 줄 알았다...!!! 근데 여기서 먹어보고 다시 바뀌었다. 나,,,, 개성주악 많이 좋아하네...... 서울버터샌드의 개성주악은 약간 찹쌀도넛 느낌!!! 기름진 거 매우 싫어하는 사람 빼고는 호불호 없이 좋아할 것 같은 맛! 이건 다른 날에 남편이 또 포장해왔었는데 사장님 추천받고 산딸기 개성주악을 추가로 사 왔었다. 산딸기는 새콤해서 새콤달콤한 느낌으로 먹는 맛 다음에는 누텔라와 두바이초코 개성주악을 남편에게 부탁했다 ㅋㅋㅋㅋㅋㅋㅋㅋㅋㅋㅋㅋ 자주는 살찔까봐 못 먹겠고,,, 주기적으로 먹을 디저트 집으로 선정! 서울버터샌드 추천드립니다","大家好，我是Jjoa Mom。繼斗笠之後，聽說又有一款新的網紅甜點上市了，所以這次去見一位久違的老朋友，順便去了九老一家據說很不錯的店。

首爾黃油沙店資訊

地址：首爾市冠岳區朱園路10街28號101單元

聯絡方式：-

營業時間：週一至週五 11:00 - 21:00，週六至週日 10:00 - 21:00

停車：無停車位

首爾奶油沙店

繼鬥笠之後的新甜點就是奶油年糕！ ！ ！

店面裝潢溫馨乾淨，以白色為主色調。

據說首爾黃油沙店的奶油條和開城餅非常有名。下次一定要嚐嚐奶油條和開城餅哦！ ！

首爾奶油沙灘的首爾鹽味奶油年糕：4塊10000韓元。價格有點貴，哈哈。不過既然這麼火，就得嚐嚐。

開城餅是首爾奶油沙灘的招牌甜點之一，長這樣。感覺像個飽滿的藥果，對吧？我覺得它很適合作為節日禮物或送給外國朋友。他們家也有咖啡飲品。買了兩個盒子，興高采烈地回家了。首爾奶油沙灘的奶油年糕。圓形的烘焙成品看起來酥脆可口，我立刻咬了一口，果然不出所料，口感非常迷人。而且，因為表面撒了一層薄薄的鹽，它不只是甜，而是甜鹹交織，更美味。我喜歡這種外酥裡嫩的口感。這是我近期吃過最好吃的「外脆內軟」的甜點。搭配美式咖啡簡直絕配！黃油年糕最近好像很流行……我很好奇就試了一個，結果非常滿意。除了奶油年糕，他們家還有著名的開城糕和奶油條，所以請大家一定要去嚐嚐這些獨特的甜點。祝您今天愉快！ ）2006年4月26日 奶油年糕的熱潮已經過去了，但還是忍不住要寫篇文章…哈哈。不過既然這家店感覺以後會常常光顧，所以決定要記錄一下！地址：京都市冠岳區朱元路10街28號101單元（新林洞1652-20）

營業時間：週一至週五 11:00 - 21:00，週六、週日 10:00 - 21:00

聯絡電話：010--

停車：無臨時停車位僅限取貨

來源：Naver

我自己從未去過首爾黃油麵包店。這是我老公每次都像送禮物一樣買回家的東西！這家店賣開城餅，但好像也賣鹹奶油年糕。我超愛鹹麵包，但鹹奶油年糕……真的太好吃了。比普通奶油年糕還要好吃。鹹味的魅力……就像鹹麵包一樣，他們會在黃油年糕上輕輕撒上鹽。你們吃奶油年糕的時候會沾煉乳嗎？沾煉乳的話，甜鹹交織，但即使不沾也很好吃。如果想少長點肉，我建議直接吃哈哈。這是一種外酥裡嫩的年糕，上面是普通的餡料，下面是紅薯奶油乳酪。我在慶州第一次嘗試了開城糕，當時覺得味道不如預期，所以一開始我還以為自己不喜歡呢……！ ！ ！但在這裡吃過之後，我的想法徹底改變了。我……其實真的很喜歡開城糕……首爾奶油沙的開城糕吃起來有點像糯米甜甜圈！ ！ ！我覺得除了那些特別討厭油膩食物的人之外，無論口味如何，每個人都會喜歡這個味道！我老公這次又帶了一份回來，在老闆的推薦下，他還買了野草莓口味的開城糕。野草莓口味的酸甜可口，是酸甜交融的味道。下次，我讓我老公點了榛果巧克力和杜拜巧克力口味的開城糕，哈哈哈哈。我不能常吃，因為我怕長胖……不過我已經決定以後常來這家店吃甜點了！強烈推薦首爾黃油沙！","버터떡 맛집 개성주악 맛집 버터바 맛집

버터바맛집 생방송투데이 버터바편 방영맛집

과하지않는 단맛과 적절한 꾸덕고소달달

구디카페 꼭 한번은 들려야 하는
특별함이 있는 곳

디자인과 캘리작가 출신 사장님께서 직접
캘리그라피 엽서를 원하는문구를 써드려요!!
쫀득버터바 먹고 멋진 추억을 만들어가세요",,서울버터샌드 관악구,
쓰임,用法,"카페,디저트",咖啡館，甜點,영업 중,134,139,서울 관악구 신사로20길 27-3 1층,,신대방역 1번 출구에서 466m,,영업 중 19:30에 라스트오더,0507-1367-9957,https://www.instagram.com/sseim_cafe,,,"개성주악 2500~3700
양갱 2500~3000
수정과 6000
흑임자라떼 5500
쑥라떼 5500
26년 설날 선물세트
티라미수 7500~10500
두바이 초콜릿 티라미수 15000
아메리카노 4000.0
카페라떼 4500.0
아인슈페너 4500.0
말차라떼 5500
오미자몽에이드 5500.0
청청에이드 5500","開城十岳 2500~3700

羊岡 2500~3000

水精瓜6000

黑芝麻拿鐵5500

艾蒿拿鐵5500

26年農曆新年禮品套裝

提拉米蘇7500~10500

杜拜巧克力提拉米蘇 15000

美式咖啡 4000.0

拿鐵咖啡 4500.0

扳手 4500.0

抹茶拿鐵5500

Omija 葡萄柚阿德 5500.0

清清阿德 5500","개성주악 맛집이 있다 그래서 찾아와본 쓰임 여기가 입구고 2층에 있당 친구네 201호 놀러온 너낌 문이 닫혀있지만 open 입니당 oh 들어가자마자 베르판 팬탑 램프 oh 색깔마저 나으 취향 맞춤 이렇게 위태롭게 올려두는 여유로움!!!! 깨져도 다시 살 수 있다는 사장님의 능력을 보여주는 모습!! 사장님 혼자서 척척 거울도 이쁘쟈냐 돈 많이 쓴 인테리어 좋아 자리도 꽤 넉넉하게 있당 작은 공간인데 야무지게 잘 만드심ㅎㅎㅎ 개성주악 카페에서 시키면 무슨 파인다이닝 같은 플레이팅 너무좋쟈나?? 종류 다양하고 약과주악(2,800)이랑 밤주악(3,500)을 사범 아조 미니미 한 사이쥬. 낱개포장 해주심ㅎㅎㅎ 밑에는 찹쌀도넛같고 밤도 절여놔서 엄청 달콤하당!! 쫠깃쫠깃 너무 작아서 아쉬웠는데 하나만 먹어도 당 충전 완료 되는 맛 ㅎㅎㅎㅎ 다음엔 오리지날을 먹그싶다 양갱과 개성주악 카페 쓰임 2층으로 총총 주악에 정신팔려서 음료 메뉴판을 안찍어왔네 ㅋㅋ 다양한 커피들과 수정과며 오미자 같은 한식 음료?도 판매하고 있던 쓰임 개성주악 라인업 상당하다구요 !! 조기마감되는 경우가 있어 인스타그램 스토리를 확인바란다고 https:www.instagram.comsseimcafe 윤기 좌르르르 흐르는 개성주악들 들어갔을때 테이블 없이 테이크아웃 매장인가 했는데 서너테이블정도 있더라 :)! 나름 주악 오브제인가 ㅋㅋ 귀엽 커피는 아메리카노와 아인슈페너 커피 모두 무난히 잘 마셨고 궁금했던 개성주악 ! 개인적으로 애플시나몬 주악은 애플이나 시나몬맛이 더 강했으면 좋겠더라 살짝 크림치즈에 묻히는 기분 그 옆은 기본 개성주악 주악 식감이 개성주악 탕후루? 같았달까 완전 바삭하면서 고소하고 즙청이 쫘악나옴 ㅋㅋ 약과주악은 딱 아는맛이었고 인절미주악은 고소함이 두배였던",聽說這裡有家很有名的開城酒館，所以就來看看。這是入口，在二樓。感覺就像去朋友家201號房一樣，門明明關著，卻又開著！哦，一進去就看到一盞Verpan牌的吊扇燈。哦，連顏色都完美契合我的喜好。他們擺放得這麼隨意，看起來搖搖欲墜！這表示老闆很有魄力，就算壞了也能再買一個！老闆一個人就能把店面打理得這麼好。鏡子也挺漂亮的，對吧？我喜歡他們這麼用心裝潢。座位也很多。雖然空間不大，但佈置得非常整潔精緻。在咖啡館點開城酒，擺盤卻像在吃高級料理一樣，真是太棒了。種類很多，我點了藥果酒（2800韓元）和炸酒（3500韓元）。它們個頭超級小，店家還特地給我單獨包裝了。底部看起來像糯米甜甜圈，栗子也泡軟了，所以超級甜！口感很有嚼勁，個頭這麼小有點小失望，但是真的太好吃了，一個就足以讓我的血糖瞬間飆升！哈哈。下次我想嚐嚐原味的。我趕緊跑到二樓的Cafe Sseim，那裡賣羊羹和開城酒。我光顧著看開城酒了，都忘了拍飲料單了，哈哈。 Sseim除了賣各種咖啡，還有像水正果和五味子這樣的傳統韓式飲品。他們的開城酒種類真是太豐富了！他們說有時候會提早關門，所以可以去看看他們的Instagram快拍：https://www.instagram.com/sseimcafe。開城酒看起來閃閃發亮。我進去的時候以為是家只提供外帶的店，沒有桌子，結果居然有三四張桌子呢 :)！那是不是某種 Juak 藝術品？哈哈，好可愛。我點了美式咖啡和 Einspänner 咖啡，都還挺好喝的，而且我對開城 Juak 也挺好奇的！我個人覺得蘋果肉桂 Juak 的蘋果味和肉桂味可以再濃鬱一些，感覺有點被奶油起司的味道蓋過了。旁邊是原味的開城 Juak。 Juak 的口感…跟開城 Juak 糖葫蘆差不多嗎？我覺得可以這麼說。它們都非常酥脆，而且有堅果的香味，糖漿都流出來了，哈哈。藥果 Juak 的味道跟預期的一樣，但是年糕 Juak 的堅果味是它的兩倍。,"2025.11.26 수요일, 카페 쓰임 재오픈합니다!
기다려주셔서 감사합니다!",,쓰임 관악구,
편,邊,"카페,디저트",咖啡館，甜點,영업 중,50,18,서울 광진구 뚝섬로 646 HS타워 1층,,구의역 4번 출구에서 899m,,영업 중 17:00에 라스트오더,0507-1336-3492,https://blog.naver.com/pyun_korea/223721393545,포장,,"이북식인절미,쑥갠떡,인절미,개성주악
(백미)이북식인절미 소(16개) 20000
(백미)이북식인절미 중(24개) 30000
(백미)이북식인절미 대(40개) 50000
(제주쑥)이북식인절미 소(16개) 24000
(제주쑥)이북식인절미 중(24개) 36000
(제주쑥)이북식인절미 대(40개) 60000
오란다 14개입 박스
모닝세트(OPEN-10:30AM) 4900.0
답례떡
제주쑥밥알 인절미 1호(10개) 20500.0
제주쑥갠떡 1호(39개) 35000
단호박카스테라인절미 1호 20000.0
흑임자 인절미 1호 19000","北韓年糕，艾草年糕，年糕，開城糕

（白米）朝鮮年糕小份（16個）20,000韓元

（白米）北韓年糕中份（24個）30,000韓元

（白米）北韓年糕大份（40個）50,000韓元

（濟州艾草）北韓年糕小份（16個）24,000韓元

（濟州艾草）北韓年糕中份（24個）36,000韓元

（濟州艾草）北韓年糕大份（40個）60,000韓元

蘭壽14個裝禮盒

早午餐套餐（營業至上午10:30）4,900韓元

回禮年糕

濟州艾草米年糕 1號（10個） 20,500.0

濟州島艾草年糕 1號（39個） 35,000

甜南瓜卡斯提拉年糕 1號 20,000.0

黑芝麻年糕 1號 19,000","볼일 보다가 떡순이가 그냥 지나치지 못하는 카페 떡떡떡카페 편 들어가보니 각종 음료와 커피도 도 구비되어있었다 전날은 흑임자 맛에 푸욱 오늘은 다른 거 먹어봐야지 그래서 카스테라 인절미와 딸기모찌 픽 든든하게 사서 집으로 출발 커피가 너무 신선하고 맛있다 떡은 당근 맛있고 오늘은 지인들과 왔다 골고루 시켜보았다 그래도 나는 커피러버 집에 와서 잘 라 ㅎㅎ봄 커피 맛집 흑임자 맛집 친절 맛집입니다 내일 혹 모레 또 오겠습니다 오늘도 안녕하세요. 어닝스튜디오입니당 오래도록 저희 어닝스튜디오와 소중한 인연을 맺어온 광진구 카페 편에서 드디어 반가운 소식을 전해주셨어요! 2호점을 오픈하시면서 다시 한번 저희를 찾아주셨답니다. 얼마나 감사하고 기뻤는지 몰라요! 사진으로 만나볼게요! 편만의 특별하고 따뜻한 분위기를 더욱 살려줄 예쁜 접이식어닝을 정성껏 제작해드렸어요 ! 편은 한국 전통의 맛과 멋을 담은 떡과 떡 디저트를 선보이는 특별한 떡 카페인데요. 이번 2호점은 자그마하지만 아늑한 분위기를 이어가면서도 새로운 공간의 매력을 더하고 싶어 하셨어요. 그래서 저희는 편의 아이덴티티를 살리면서도 지나가는 분들의 시선을 사로잡을 수 있는 어닝 디자인에 집중했답니다. 이번에 설치해드린 어닝은 자그마한 사이즈의 접이식어닝이에요. 하지만 그 효과는 절대 작지 않죠! 편의 귀여운 한국적인 로고가 잘 보이도록 레이스를 길게 뽑아 3등분으로 나누어 제작했어요. 오가는 분들이 자연스럽게 편이라는 이름을 기억하고, 떡 카페의 포근한 이미지를 느낄 수 있도록 세심하게 디자인했답니다. 어닝 원단 색상은 시크하고 깔끔한 블랙으로 선택했어요. 블랙은 어떤 배경에도 잘 어울리면서 편의 정갈한 분위기를 한층 돋보이게 해주거든요. 하지만 여기서 끝이 아니죠! 저희 어닝스튜디오의 특별한 매력, 바로 레이스 바이어스 띠 색상 지정이 가능하다는 사실! 이번에는 어닝 인쇄 색상과 동일한 깨끗한 흰색으로 바이어스 띠를 넣어주었답니다. 덕분에 블랙 원단 위에 흰색 글씨와 띠가 대비되어 시각적으로 훨씬 선명하고 가독성이 좋아졌어요. 어닝이 마치 하나의 멋진 간판처럼요! 어닝 스펙은 가로 2500mm에 돌출 1500mm로, 공간에 딱 맞는 사이즈예요. 구동 방식은 수동어닝으로 제작되어 더욱 간편하고 아늑하게 사용하실 수 있도록 했어요. 고객님께서 완성된 어닝을 보시고 정말 엄청나게 만족스러워하셔서 저희 마음도 덩달아 뿌듯했쥬 ㅎㅎ 언제나 저희 어닝스튜디오를 믿고 맡겨주시는 고객님께 진심으로 감사드려요. 저희는 항상 최고의 품질과 섬세한 서비스, 그리고 고객님과의 편안하고 즐거운 소통을 통해 고객님의 공간을 더욱 빛내드릴 준비가 되어 있답니다! 혹시 저희가 잠시 바빠서 전화를 못 받더라도 언제든 카카오톡, 카카오채널, 또는 문자 메시지로 편하게 연락 남겨주세요 :) 확인하는 대로 총알같이 콜백 드릴 테니 걱정 마시고요! 고객님의 소중한 공간을 위한 어닝, 저희 어닝스튜디오가 언제나... 안녕하세요, 을미입니다. 자양동에 한강 근처 카페 독특한 디저트 카페를 찾았어요 자양동 떡 카페 편을 소개합니다. 자양동 떡 카페 편 영업시간 및 찾아오는길 외관내관 전경 주문메뉴 시식 후기 마무리 총평 및 요약 영업시간 및 찾아오는길 편 서울 광진구 뚝섬로 646 1층 매일 오전 10:00 - 오후 07:30 정기휴무 매주 목요일 0507-1336-3492 포장, 무선 인터넷 구의역 4번 출구에서 도보 14분 주차장 전용 주차장X 인근 공영주차장 이용 권장드립니다. 외관 내관 전경 자양동 이색 떡 카페로 새로 생긴 광진구 디저트 맛집 입니다. 답례품으로도 판매하고 있고 프리미엄 떡을 생산하고 있고 맛있는 과일 찹쌀떡고 판매하고 있습니다. 한 켠에는 오늘의 떡이 보이니 제 호기심을 자극하여 참고하여 구매하였습니다. 카페 안은 2-3인 앉을 수 있는 테이블 1인 창가 석으로 구성되어 있습니다. 자양동 디저트 카페 답게 떡 디저트가 다양하게 준비되어 있어요! 제가 처음 보는 이북식 인절미와 이색 찰떡까지 어느것을 고를지 고민되더라고요 전 현관문에 본 오늘의 추천떡을 참고하여 떡 2종류를 구매하였답니다! 주문메뉴 주문메뉴 수제청귤차 5,500 소프트피치 5,000 이북식 인절미 3,500 흑미무화과찰떡 3,200 시식후기 수제 청귤차 5,500원 - 떡카페 편에서 직접 만든 청귤청으로 만든 수제 청귤차입니다 유자같이 상큼한 시트러스 맛과 은은한 단맛으로 먹기 좋습니다. 비교적 달큰한 맛에 대중적인 맛이에요 소프트 피치 5,000원 - 과일 향이 가득 날 것 같은 상큼한 향의 후르츠 티입니다 자세히 맡으니, 복숭아 향이나며 쌉싸름한 산미가 가는 후르츠한 티 입니다! 많이 달지않아 디저트랑 먹기 알맞아요 이북식 인절미 3,500원 - 독특하게 앙금이 떡 바깥으로 나와있는 이북식 인절미입니다. 콩앙금이 외부에 손으로 쥐어진 자국이 있고 겉면의 달달한 흰앙금이 부드럽습니다. 속에 흰떡은 마치 송편같이 쫄깃한 식감이라서 삼삼하게 중독성이 있어요 흑미무화과찰떡 3,200원 - 밤,피칸, 무화과가 붙어있는 흑미찰떡 떡은 단단함 찰기가 식감이며, 무화과가 졸여져있어 달콤하고, 특유의 향과 맛이 더 매력적이랍니다. 마무리 떡과 함께 먹기 좋은 잔잔한 음료들과 조화가 너무 잘 어울리는 자양동 떡 카페 편 카페의 떡 고급지고 맛도 일품이라 선물 및 답례품으로 먹기 참 좋습니다 총평 및 요약 총평 한강근처 먹기좋은 떡 디저트 카페 부모님과 함께 담소나누기 좋고 떡 퀄리티가 높은 자양동 카페, 편","出門辦事的時候，我這個年糕愛好者實在忍不住要去這家叫「Tteok Tteok Tteok Cafe Pyeon」的咖啡館逛逛。一進去，發現他們家的飲品和咖啡種類繁多。昨天我被黑芝麻口味的年糕徹底征服了，所以今天決定換個口味。我選了卡斯蒂拉年糕和草莓麻糬，買了一大堆就回家了。咖啡新鮮又香濃，年糕當然也很好吃。今天和朋友一起來的，所以我們點了各種各樣的東西。不過，我最愛的還是咖啡。現在到家了，我要睡覺啦，哈哈。這裡真是個喝咖啡、吃黑芝麻、感受友善氛圍的好地方。明天或者後天我一定還會再來。大家好，這裡是Awning Studio。我們和位於廣津區的Cafe Pyeon咖啡館有著長久的友誼，他們終於帶來了好消息！他們再次光臨，開設了第二家分店。您無法想像我們有多感激和開心！一起來看看照片吧！我們精心打造了一款漂亮的折疊遮陽篷，進一步提升了Pyeon獨有的溫馨氛圍！ Pyeon是一家特色年糕咖啡館，主打年糕和年糕甜點，完美詮釋了韓國傳統風味與美感。對於這家分店，顧客希望在保留原有溫馨小巧氛圍的同時，為空間增添新的魅力。因此，我們專注於設計一款既能吸引路人目光，又能保留Pyeon特色的遮陽篷。我們安裝的遮陽篷雖然是小型伸縮式遮陽篷，但它的效果不容小覷！為了確保Pyeon可愛的韓式logo清晰可見，我們製作了分成三段的長條蕾絲。我們一絲不苟地進行設計，力求讓路人自然記住「Pyeon」這個名字，並感受到年糕咖啡館溫馨舒適的氛圍。我們為遮陽篷布料選擇了時尚簡潔的黑色。黑色百搭，與任何背景都能完美融合，更凸顯了Pyeon整潔有序的氛圍。但這還不是全部！我們遮陽篷工作室的一大特色是能夠訂製蕾絲斜紋飾條的顏色！這次，我們增加了一條與遮陽篷印花顏色相呼應的純白色斜紋飾條。這樣一來，白色的字母和飾條與黑色布料形成鮮明對比，使視覺效果更加清晰銳利，提高了易讀性。遮陽篷看起來就像一塊時尚的招牌！遮陽篷的規格為寬2500毫米，突出1500毫米，是您空間的理想尺寸。為了確保更便利舒適的使用體驗，我們採用了手動安裝方式。客戶看到成品遮陽棚後非常滿意，我們也倍感自豪。衷心感謝您一直以來對遮陽篷工作室的信任與支持。我們始終致力於以最高品質、細緻周到的服務以及舒適愉悅的溝通，讓您的空間更加熠熠生輝！即使我們暫時繁忙無法接聽電話，也歡迎您隨時透過 KakaoTalk、Kakao Channel 或簡訊留言 :) 別擔心，我們查看後會盡快回覆您！遮陽篷工作室，為您珍貴的空間打造完美遮陽篷…您好，我是 Eulmi。我在濟陽洞漢江附近發現了一家別具特色的甜點店。現在就來介紹濟陽洞年糕咖啡館吧！茶陽洞年糕咖啡館 [第一部]

營業時間及路線

外觀及內部
查看
點餐選單
品嚐
評價
總結
整體評價及概述

營業時間及路線 [第一部]

首爾市廣津區纛島路646號1樓

每日 10:00 - 19:30

固定休息日：每週四

0507-1336-3492

提供外帶和Wi-Fi

從九義站4號出口步行14分鐘

停車
無專屬停車位。建議使用附近的公共停車場。

外觀及內部
查看
這家位於廣津區的新晉甜點店，在茶陽洞開設了一家獨具特色的年糕咖啡館。他們出售感謝禮品，製作高級年糕，並提供美味的水果糯米糕。角落裡展示的「今日推薦年糕」引起了我的好奇，所以我在購買前先看了看。咖啡館內部是可容納2-3人的桌子和靠窗的單人座位。作為一家位於茶養洞的甜點店，它名副其實地提供各種各樣的年糕甜點！從我第一次見到的北韓年糕到獨特的糯米糕，我真是難以抉擇。最後，我依照門口「今日推薦年糕」的指示，買了兩種年糕！

點餐選單

手工青橘茶 5,500韓元

蜜桃茶 5,000韓元

北韓年糕 3,500韓元

黑米無花果糯米糕 3,200韓元

品嚐評價

手工青橘茶 5,500韓元 - 這款青橘茶由Tteok Cafe Pyeon店內自製青橘糖漿製成，口感清爽宜人，帶有類似柚子的柑橘清香和淡淡的甜味。甜度適中，深受顧客喜愛。

蜜桃茶 5,000韓元 - 這款水果茶散發著清新的果香，彷彿充滿了濃鬱的果香。細細品味，還能感受到淡淡的蜜桃香氣，是一款帶有微妙酸澀的果味茶飲！甜度適中，非常適合搭配甜點享用。北韓年糕 3,500 韓元 - 這款北韓年糕的獨特之處在於紅豆沙餡料從年糕外層凸出。紅豆沙餡料表面有手工擠壓的痕跡，甜美的白色餡料口感綿軟。內裡的白年糕口感Q彈，類似鬆餅，令人回味無窮。黑米無花果糯米糕 3,200 韓元 - 這款黑米糯米糕加入了栗子、山核桃和無花果。口感軟糯Q彈，燉煮過的無花果香甜可口，獨特的香氣和味道更添其魅力。最後，位於茶養洞的 Pyeon Cafe 的年糕與清淡的飲品完美搭配，相得益彰。這些年糕品質上乘，精緻美味，是饋贈親友或表達謝意的絕佳選擇。整體評價及總結：漢江附近一家美味的年糕甜點店。在茶養洞的 Pyeon 咖啡館，您可以和父母聊天，並享用高品質的年糕。","이북식인절미.제주쑥떡 전문점.제주쑥 밥알인절미.제주쑥갠떡.한과 디저트 카페.답례품.저염수제떡

https://m.blog.naver.com/pyun_korea/223721393545",,편 광진구,
가밀148,Gamil148,"카페,디저트",咖啡館，甜點,영업 중,20,3,서울 노원구 동일로237나길 54 1층 104호,,수락산역 4번 출구에서 237m,,영업 중 18:30에 라스트오더,02-6949-3354,,,,개성주악,蓋星柱,"개성주악 파는 곳이 노원 수락산역 쪽에 있다?! 신세계백화점에서 연리희재에서 개성주악을 처음 먹어보고 잊고 있던 개성주악의 존재를 우연히 동네 카페를 서치하다가 찾아낸 가밀148 입니다! 올해 여름부터 해서 지난 달까지 종종 구매해먹었는데 저만 알고 있기 아깝기도 하고 사장님의 번창을 위해 블로그를 적어봅니다:) 개성주악은 흔한 디저트 음식이 아니죠. 가족들도 제가 사왔을 때 개성주악을 처음 들어봤다고 했을 정도니까요! 개성주악은 찹쌀가루에 맵쌀가루나 밀가루를 섞고 막걸리나 소주로 익반죽하여 둥글게 빚은 뒤 기름에 지져낸 떡입니다. 완성된 떡을 조청이나 꿀에 담가 마무리하는 유밀과의 일종인데요. 본래 개성시의 향토 음식으로 현지에서는 우메기라고도 불렸으나 현재 한국에서는 개성주악이라는 이름으로 더 널리 알려져 있다고 해요. 그리고 개성주악은 정월 초나 잔치 등 특별한 행사에 만들어 먹던 음식입니다. 고려시대 개성에서 임금님이 드시던 전통떡인 개성주악은 가밀148에선 사장님이 찹쌀로 반죽, 발효, 지짐까지 아침마다 직접 만듭니다. 심지어 위에 올라가는 금귤정과나 도라지 정과 등 왠만한건 직접다 만드시는 금손 사장님!! 이것 저것 종류별로 먹어 볼 수 있는건 다 먹어 본 거 같은데 위에 올라간 고명은 매번 달랐어요! 고정적인 아이들도 있었구요! 특히 금귤 정과랑 사과 콩포트가 올라간 개성주악이 저의 최애입니다. 달달한 개성주악에 상큼한 맛이 나는 과일이 올라가면 맛의 조화가 끝내주거든요. 과일은 말린 키위도 있었고, 블루베리도 있었고, 무화과도 있었고,,, 꽤 다양하죠??? 이외에도 어르신들이 좋아할 도라지 정과가 올라간것도 있었어요! 의외의 조합은 초콜릿 고명인데요! 초콜릿도 고급 초콜릿이 크게 올라가 있었거든요 달달한거 좋아하는 사람들에게 추천!! 한번 갈 때 가족들과 같이 먹으려고 골고루 사오는 편입니다ㅎㅎ 그리고 박스 패키징도 잘 해주시고 먹음직스러운 비주얼과 고급진 느낌이 물씬 나는 디저트이기 때문에 소중한 사람들에게 선물용으로 구매해도 너무너무 좋습니다:) 차 마시면서 두세개 정도 먹으면 후식으로 딱입니다!! 저는 지난 달 엄마아들 여자친구가 집에 인사하러 왔었는데 제가 디저트로 개성주악을 준비했었거든요! 이런 중요한 자리에 준비하기에 너무 좋답니다 ((오빠 여자친구도 맛있었는지 남은 개성주악까지 싸갔어요!(선물 준비한 사람 마음 뿌듯해짐 기름도 깨끗하고 정성들여서 만든 맛이 딱... 매 환절기마다 신나게 입술 뜯어서 립 바르면 얼룩덜룩 해지고 피 뚝뚝 흘리는 사람 나야 나!! 입술에 색 얹을 줄만 알고 보습 챙겨줄 생각은 안 한 지난날의 나에게 이제 안녕을 고하고 싶다. 올겨울에 못난 입술 안 보고 싶어서 여름부터 꼼꼼히 관리해 줬으니 건조한 지금 이 시기에 더 열심히 챙겨줘야지! 내돈내산 친돈친산 데일리용 1. 블리스텍스 립 메덱스 립밤 7g - 작업실에 두고 쓰는 용. 바르면 입술이 시원해지면서 즉각적인 보습이 느껴짐. 2. 뉴트로지나 데일리 립밤 4g - 후뚜루 마뚜루 주머니에서 꺼내서 막 바르는 용. 타제품에 비해 보습효과 현저히 적음. 3. 바이오힐 보 프로바이오덤 콜라겐 볼륨 립밤 15ml - 화장하기 전이나 입술 주름 메꾸고 싶을 때 바르는 용. 아프지 않은 플럼핑 효과가 있어서 입술을 빤빤하고 통통하게 만들어 줌. 다만 리치해서 입술 다 바르고 얹거나 흡수되지 않은 상태에서 립 바르면 다 밀림. 제일 자주 쓰는 데일리 립밤 4. 키엘 립밤 넘버원 15ml - 안에 알갱이가 으깨지면서 미끄덩한 느낌이 좋은데 대창기름st라 혼자 있을 때만 바름. 희한하게 어떤 날엔 바르고 나면 건조해지면서 각질 우다다 올라옴. 취침용 1. 라네즈 립 슬리핑 마스크 EX 베리 20g - 바르고 잠들기 가장 좋은 질감. 향도 좋고 듬뿍 발라놓고 잠들면 적당한 촉촉함이 남아있음. 2. 라네즈 립 슬리핑 마스크 거미베어 3g - 향이 달콤해서 진짜 배고픈 밤엔 안 바르는 것 추천. 3. 에뛰드 하우스 진저슈가 오버나이트 립마스크 15g - 튜브형으로 쓰다가 집 앞 올영에 안 팔길래 넘어온 건데 너무 과하게 끈적해서 아침에 잘 안 닦임. 얼른 써버리고 튜브형으로 다시 살 예정. 4. 큐립연고 8g - 한참 각질 심했을 때 약국에서 추천해 준 립밤. 듬뿍 바르고 잠들지 4일 만에 촉촉 입술 되찾음. 충성을 다 할 것. 컬러 립밤까지 나열하면 끝이 없을 것 같아 여기까지. 1124 촉촉한 입술 유지 성공! 워치 충전을 까먹은 채로 잠들어 수영 기록을 못 남겼다. 대신 건강한 식단(이라 쓰고 밥 차려먹을 힘도 없을 때까지 조져졌기에 간편하게 때웠다고 읽는다)으로 운동 인증. 화장할 힘도 남아있지 않아 끙끙 거리며 화장했더니 시간이 꽤 지체되어 택시를 타고 약속 장소로 향했다. 편안함 시간 절약 약속 시간 지킴과 택시비를 맞바꿨다. 앞으론 20분만 더 빨리 움직이자. 갤러리가 언덕 위에 있어 올라가는 동안 굉장히 힘들었지만 그래도 올라가야지 뭐 어쩌겠어. 덕분에 불필요한 힘이 다 빠져서 유정님과의 첫 연습도, 영상 촬영도... 안녕하세요. 감자입니다! 오늘은 노원개성주악 가밀148 포스팅입니다. 며칠 전부터 개성 주악이 굉장히 먹고 싶어서 찾아보다가 의정부에도 한곳이 있는데 닫아서 여기로 방문했답니다. 의정부에는 카페 설기란 곳에 판매하는데 다음에 저기도 가봐야겠어요. 가밀 148이 위치한 곳은 수락산역 4번 출구에서 도보 5분 정도 걸리는 것 같고 주차할 공간이 없었고 감자는 포장이라 후다닥 다녀왔습니다. 가밀 148 연락처 : 02 - 6949 - 3354 주소 : 서울 노원구 동일로 237낙길 54. 1층 영업시간 : 11:00 - 19:00 라스트 오더 18:30 민생 회복 소비 쿠폰 O 노원 개성 주악 내부 모습입니다. 테이블은 오른쪽에도 두 개 더 있었는데 사람들이 디저트를 먹고 있었어요. 감자가 방문한 시간은 초저녁쯤 네시에 방문했네요. 가밀148 전통 카페라 분위기가 특색 있고 다음에는 와서 먹어보고 싶네요. 의정부개성주악 의정부 개성주악 메뉴 가밀 148 음료 메뉴입니다. 단팥죽 6,000 팥빙수 5,000 쌍화차 6,000 대추차 6,000 곶감 수정과 5,000 식혜 4,000 팥빙수도 궁금하네요. 감자는 노원 개성 주악을 사러 왔는데 하나밖에 안 남은 거 있죠?ㅠㅠ 연신 이 사실을 믿고 싶지 않았어요... 쇼윈도에 덩그러니 한 개가 남아있었습니다.. 그래도 하나 남은 게 어디인가요... 이 주변에 개성 주악 파는 곳이 많지 않아 굉장히 아쉽습니다. 감자 손재주가 좋다면 만들어보고 싶지만 굉장히 어려울 것 같네요. 금액은 개당 3,500원이었어요. 크기는 손바닥 41만한데 가격이 많이 나가요. 그 옆에 오란다도 많더라고요. 궁금해서 오란다 하나만 사 왔는데 하나만 사 온 게 너무 아쉬워요. 노원 오란다 진짜 맛있더라고요. 다음에 가면 오란다 쟁여올래요. 많이씩 묶음 판매했으면 좋겠습니다. 포장지도 귀여운 가밀 148. 소중한 디저트를 품에 안고 집에 가보겠습니다. 아주 소소하게 두 개만 사 왔습니다. 여러 개 있었으면 더 사 왔을 텐데 굉장히 아쉬워요. 위에는 감태가 올라간 것 같아요. 조합이 달달하고 짭조름해서 잘 어울리네요. 노원 개성 주악의 맛은 겉이 엄청 바삭한 느낌은 아니었고 그냥 쫀득한 찹쌀떡 먹는 느낌이었습니다. 와 가밀 148 오란다가 진짜 맛있어요. 엄청나게 딱딱하지도 않고 적당히 달아서 완전 감자 취향이었고 찐빵이도 아주 맛있다고 하더라고요. 다음에 가면 오란다 많이 쟁여와야겠어요. 날씨가 굉장히 더운데 다들 더위 조심하시고 안전 운전하세요. 이만, 감자였습니다!",蘆原市水嶽山站附近居然有賣開城餅的店？ ！這家店叫Gamil 148，是我在尋找當地咖啡館時偶然發現的。之前我在新世界百貨的延裡熙齋第一次吃到開城餅，之後就一直沒再想起它！從今年夏天到上個月，我常常買來吃。覺得把這個好吃的藏著掖著太可惜了，所以寫這篇部落格祝店主生意興隆 :) 開城餅並不常見。我帶回家的時候，連家人都說沒聽過！開城餅是用糯米粉和非糯米粉或小麥粉混合，用米酒或燒酒揉成麵團，搓成球狀，然後用油煎製而成。它屬於湯麵的一種，最後還要把煎好的餅泡在蜂蜜裡吃。開城糕最初是開城市的地方特產，當地人稱為「梅子」（Umegi），但現在在韓國更廣為人知的名字是「開城糕」（Gaeseong Juak）。此外，開城糕是傳統上在特殊場合（例如農曆新年或宴會）製作和享用的美食。在「Gamil 148」這家店，店主每天早上都會​​親自製作開城糕——這種傳統年糕在高麗王朝時期曾是開城國王的御用美食——從和麵、發酵到煎製，所有工序都由他一手包辦。店主是真正的匠人，甚至連大部分配料都是他親手製作的，例如蜜餞金桔和蜜餞桔梗！我感覺自己幾乎嚐遍了所有口味，雖然每次的配料都不一樣，但也有一些經典的搭配。我最喜歡的是蜜餞金桔蘋果醬口味的開城糕。當清爽的水果加入香甜的糕體時，味道的融合簡直令人驚艷。水果包括奇異果乾、藍莓乾和無花果乾……種類真不少，對吧？還有一款上麵點綴著糖漬桔梗根，年紀大點的客人應該會喜歡。巧克力淋麵更是出乎意料！裡面有大塊的高品質巧克力。強烈推薦給愛吃甜食的人！ ！每次去我都會買各種各樣的甜點和家人分享，哈哈。而且，他們的包裝盒也做得非常精美，甜點看起來就讓人垂涎欲滴，吃起來也很有質感，所以是送給親朋好友的絕佳禮物 :) 配上兩三塊甜點，再來一杯茶，簡直完美！ ！上個月，我媽媽和兒子的女朋友來我們家作客，我準備了開城甜點！它非常適合準備這樣重要的場合（（我男朋友的女朋友肯定也很喜歡，因為她甚至把剩下的開城油都打包帶走了！（這讓準備禮物的人感到非常自豪。））這款油很乾淨，嘗起來就像是用心製作的……我就是那種每到換季就忍不住摳紅嘴唇的人，結果塗口紅嘴唇的嘴唇會斑駁出血！ Blistex Lip Medex 潤唇膏 7g - 放在我的工作室裡。妝前使用或用於唇紋填充。我喜歡裡面顆粒碾碎時的滑膩感，但感覺像牛肚油，所以我只在獨處時使用。香味很甜，所以不建議在特別餓的晚上使用。天后嘴唇就恢復了滋潤。成功保持嘴唇滋潤！ 我愛上它了！節省時間和準時赴約的機會。 148的開城酒。聯絡方式：02-6949-3354 地址：首爾市蘆原區東一路237樂街54號1樓 營業時間：11:00-19:00 最後點餐時間：18:30 接受生計恢復消費券。 Juak）的內部照片。 148號店的飲料菜單：甜紅豆粥6000韓元，紅豆刨冰5000韓元，雙花茶6000韓元，紅棗茶6000韓元，柿餅5000韓元，西茶4000韓元。我一直不敢相信……一塊孤零零地擺在櫥窗裡……不過，總比沒有強……這附近賣開城酒的地方不多，真是太可惜了。大概手掌大小，但價格卻很高。 148，包裝很可愛。 Jjinppang也說味道很棒。,"개성주악- 고려시대 개성에서 임금님이 드시던 전통떡으로 찹쌀로 반죽, 발효, 지짐까지 매일 아침 직접 정성으로 만들고 있습니다.",,가밀148 노원구,
연우연,延宇延,"카페,디저트",咖啡館，甜點,영업 중,112,21,서울 동대문구 전농로 235 1층,,청량리역 3번 출구에서 897m,,영업 중 20:00에 영업 종료,0507-1305-9497,https://www.instagram.com/yeonwooyeon_koreandessert,"예약,무선 인터넷,포장",,"감사모둠세트 60000
개성주악선물세트(기본) 25000
개성주악선물세트(믹스) 30000","感恩禮盒組 60,000

開城酒閣禮盒（基本款） 25,000

開城酒閣禮盒（混合款） 30,000","서울시립대, 떡전교 인근에 있는 한식 디저트카페인데 늘 궁금해하다가 드디어 다녀옴 연우연 1인 다과상 그날 그날 준비된 디저트로 마련해주신다고 한다. 쌈육포(안에는 잣), 금귤정과, 키위정과 커피양갱, 흑임자양갱 개성주악, 월병 국화차 서비스로 주신 콩가루 입힌 도라지정과 연우연 한식디저트 전농동카페 지난번 경복궁 생과방에서 개성주악을 하나 먹곤.. 성에 안 차서 집 가다가 들린 개성주악 맛집 연우연 연우연 주소: 서울 동대문구 전농로 235 1층 운영: 화토 12:00-19:30 일,월 휴무 연락: 010-- 청량리와 시립대 사이에 있는 연우연은 다식 전문 카페예요! 몇달 눈여겨보다가 다녀왔어요. 들어갔는데 텅-텅- 비어있어서 깜짝 놀랬어요. ㅎㅎ 거의 주문 판매를 하신다고 해요! 그래서 조금만 만들어 놓으시는 것 같더라고요! 냉장고엔 월병과 홍옥(사과), 호두, 키위 등의 정과도 있구 도라지, 생강청 같은 것도 있어요! 개성주악 맛은 총 6개로 이뤄져있어요! (확대해서 봐주세요!) 금귤정과도 파는 다식집이서 그런가 금귤 에이드도 팔더라고요 ㅎㅎㅎ 내부는 이렇게 생겼슴다. 테이블은 2개로 4인용 1개, 2인용 1개예요! 저는 이날 제주 작설차(6,500원), 개성주악(2,500원), 홍옥정과(5,000원), 땅콩월병(3,500원)을 주문했어요! 조금 기다리니 이렇게 사장님의 예쁜 감성 담아, 플레이팅 해주셨어요! 아기자기한 다식들, 넘 귀엽죠?! 땅콩월병은 안에 앙금에 호두, 호박씨 등이 들어 있었어요! 예상외라 재밌었어요! ㅎㅎ 제주 작설차은 따뜻하고, 고소하고, 푸릇푸릇하니 다식과 잘 어울리고 맛있었습니다. 개성주악 이것보고 한 입에 먹었는데, 정말 한 입 가득 달달촉촉, 촬깃 맛났어요! 홍옥정과도 약간 촉촉하니 아삭아삭(?) 맛있었어요 메뉴는 이렇게 구성되어 있어요! 거의 선물 주문을 많이 받으신대요! 수제 육포 맛있겠다.. 여튼, 이동네에서 개성주악을 먹을 수 있다니..! 넘 좋았어요! 이날도 잘 먹었슴다 연우연 주소: 서울 동대문구 전농로 235 (전농동 103-286) 영업시간: 11:0018:00 (일요일 정기휴무) 주차: 불가 오늘은 한식 디저트가게인 연우연 다녀왔습니다. 여자친구가 약과를 조금 고급스럽게 만든 개성주악이라는 디저트에 빠져있어서 쿠팡으로 이것 저것 시켜먹다가 저희동네에 직접 만들어서 파는 가게가 있기에 방문했습니다. 위치 및 주차정보 위치는 떡전교사거리에서 시립대 올라가는 방향쪽이고 청량리역에서는 900m로 거리 조금 있습니다. 주차는 불가하여 예약해놓고 잠깐 받아가시는 것 아니면 안에서 차 드실떄는 도보나 대중교통 이용하시는 것을 추천드립니다. 내부 메뉴 가격 내부는 작지만 가게가 너무 이뻣고 다과상이나 한식차도 판매하였습니다. 오늘은 개성주악 위주로 리뷰합니다. 개성주악 기본 2500원 개성주악 초코,흑임자 3000원 전통차 6500원 저희는 처음부터 개성주악만 노리고 방문해서 개성주악만 종류별로 먹어봤습니다. 개성주악 플레인한 기본은 2500원 위에 토핑이 올라간건 3000원에 판매중이였는데 매일 아침 하나하나 만든다고 합니다. 약간 튀김 같은 느낌으로 겉은 엄청 바삭하고 속은 촉촉하면서 씹으면 조청맛 시럽같은게 입에 기분 좋게 나와서 건강은 살짝 걱정되지만 거부할 수 없는 너무 맛있는 맛이였습니다. 진짜 한번은 먹어봐야 할 맛이에요!!!! 업체 제공사진 입니다. 연우연 총평 특이한 한식 디저트 가게로 한번쯤 방문할 가치가 있는 가게였습니다. 선물세트나 포장손님위주로 내부는 좁아서 편안하게 차를 즐기기에는 조금 무리가 있는 듯 보였습니다. 저는 많이는 아니여도 한번씩 방문해서 사먹을 것 같네요. 집에 어르신있으면 너무 좋아 할 것 같습니다. 데일리하게 먹는 음식은 아니여도 한번씩 생각날 것 같은 맛이고 가게입니다!!!!","我終於去了這家位於首爾大學和年糕橋附近的韓國甜點店——妍媛苑，我一直很好奇。妍媛苑提供單人份的茶點套餐，包含當天供應的各種甜點。套餐裡有鬆子凍糕、糖漬金桔、糖漬奇異果、咖啡羊羹、黑芝麻羊羹、開城酒、月餅和菊花茶。他們也贈送了裹著黃豆粉的糖漬桔梗根。妍媛苑位於全農洞穴。上次我在景福宮的生果房吃過開城酒，但覺得不夠過癮，所以回家路上特意去了這家著名的開城酒店——妍媛苑。妍遊苑 地址：首爾市東大門區全農路235號1樓 營業時間：週二至週六 12:00-19:30，週日、週一休息 聯絡電話：010-- 妍遊苑位於清涼里和首爾大學之間，是一家專營傳統韓式茶點的咖啡館！我心儀這家店好幾個月了，終於有機會嚐嚐。進去的時候店裡空無一人，真是讓我大吃一驚。哈哈。他們說主要做外送！看來他們只做少量的茶點！冰箱裡有月餅和蜜餞水果，像是洪谷蘋果、核桃和奇異果，還有桔梗根和薑汁之類的！開城茶有六種口味！ （請放大看！）也許是因為這是一家也賣蜜餞金桔的茶店，所以他們也賣金桔汁，哈哈。這就是店裡的樣子。有兩張桌子：一張四人桌，一張兩人桌！那天我點了濟州島落雪茶（6500韓元）、開城餅（2500韓元）、洪谷蜜餞（5000韓元）和花生月餅（3500韓元）！等了一會兒，他們就把所有東西都擺盤好了，完美展現了老闆的美感！這些精緻的茶點是不是很可愛呢？ ！花生月餅裡竟然有核桃和南瓜子餡！真是意想不到的驚喜！哈哈。濟州島落雪茶溫暖香醇，看起來也很新鮮，和茶點很搭，味道也很好。我看到開城餅的照片，就咬了一口，果然名不虛傳──滿口都是香甜軟糯的口感！洪谷蜜餞也略帶濕潤和酥脆的口感，非常美味。菜單的排版是這樣的！他們說他們主要接禮品訂單！手工牛肉乾看起來真好吃……總之，我很高興發現這附近就能吃到開城肉！那天我吃得很開心。延佑妍地址：首爾市東大門區全農路235號（全農洞103-286）營業時間：11:00 - 18:00（週日休息）停車：無 今天，我去了延佑妍，一家韓國甜點店。我女朋友特別喜歡開城肉，這是一種比藥果更精緻的甜點。我們之前一直在Coupang上點各種東西，但因為我們家附近就有一家店直接製作和銷售開城肉，所以我們決定去嚐嚐。地點與停車資訊：這家店位於從年糕橋路口往首爾大學方向的路上，距離清涼里站有點遠，大約900公尺。這家店沒有停車位，所以除非您已預訂且只是快速取餐，否則如果您打算在店內享用茶飲，我建議您步行或乘坐公共交通工具。關於店內的菜單和價格，雖然店面不大，但裝潢非常漂亮，而且他們也賣茶具和傳統的韓國茶。今天，我的評測重點是開城糕。開城糕（原味）：2,500韓元；開城糕（巧克力、黑芝麻）：3,000韓元；傳統茶：6,500韓元。我們特意來這裡品嚐開城糕，所以每種口味都嚐了一遍。原味開城糕售價2,500韓元，加配料的售價為3,000韓元；店家說他們每天早上現做。開城糕的口感有點像炸糕點——外皮酥脆，內裡濕潤。咀嚼時，會有一種類似米糖漿的甜美滋味在口中湧現。雖然我一開始有點擔心它的健康問題，但它的味道太美味了，讓人無法抗拒。這絕對是值得一試的口味！ （圖片由商店提供。）Yeonwooyeon 整體評價：作為一家獨特的韓國甜點店，它絕對值得一去。店內空間略顯擁擠，主要面向禮品組和外帶顧客，所以似乎不太容易舒舒服服地享用茶飲。我想我不會經常光顧，但偶爾會去買杯飲料。我相信家裡的長輩一定會非常喜歡。雖然它可能不是我每天都會吃的食物，但我相信我會時不時地想念這個地方和這種味道！","연우연은 한식디저트전문점입니다. 대표메뉴는 개성주악,금귤정과등이 있습니다. 선물세트 포장전문으로 기존메뉴에서 선택하셔도되고, 원하시는구성으로 예산에맞춰 구성가능하세요~ 백일,돌잔치,결혼식,기업행사 단체답례품도 맞춤구성가능합니다~ 감사합니다^^",,연우연 동대문구,
명과정 합정점,明果亭合井店,"카페,디저트",咖啡館，甜點,영업 중,373,79,서울 마포구 성지길 57 1층 101호,,합정역 7번 출구에서 328m,,영업 중 20:00에 영업 종료,0507-1395-7313,https://smartstore.naver.com/meonggwajeong,"포장,무선 인터넷,간편결제,주차",,"개성주악 2000
잣주악 3000
자몽주악 3000
블루베리주악 3000
곶감주악 3000
앙버터주악 3000
주악 골고루10구세트 25000
개성주악기본10구세트 20000
아메리카노(핫) 테이크아웃 3500.0
아메리카노(아이스)테이크아웃 3500.0
카페라떼 테이크아웃 3500.0
카페라떼아이스 테이크아웃 4000
쑥차테이크아웃 3500.0
제주녹차 테이크아웃 3500
제주호지차 테이크아웃 3500
양갱4구세트 14000
정과세트 24000.0
명과정세트 35000
양갱세트 35000
한아름세트 70000.0
도라지정과세트 55000.0
곶감단지세트 65000.0
밤양갱 3300.0
흑임자양갱 3300.0
도라지양갱 3000.0
팥양갱 3000.0
곶감단지 8000.0
도라지정과 4500.0
호두정과 4500.0","開城酒樂 2000

松子 Juak 3000

葡萄柚 Juak 3000

藍莓尤克 3000

柿乾 Juak 3000

安黃油 Juak 3000

Juak 混合 10 件組 25000

開城十件基本款 20000

美式咖啡（熱）外帶 3500.0

美式咖啡（冰）外送 3500.0

拿鐵咖啡外送 3500.0

咖啡拿鐵冰外送 4000

艾草茶外送3500.0

濟州綠茶外送3500

濟州焙茶外賣 3500

Yanggaeng 4 件套14000

正果套裝 24000.0

明果正套裝 35000

羊岡套裝 35000

花園套裝 70000.0
桔梗根果凍套裝 55000.0
乾柿罐套裝 65000.0
栗羊岡 3300.0
黑芝麻羊角 3300.0
桔梗根 Yanggaeng 3000.0
紅豆羊岡 3000.0
乾柿罐8000.0
桔梗根果凍 4500.0
核桃果凍4500.0","8월의 어느날. 2달 전인데 1년 전 같은 느낌. 나이들 수록 시간의 흐름이 더욱 빠르게 느껴지는거 같다. 8월, 마포에 위치한 종교 시설에 다녀왔다. 원래는 언니와 조카도 같이 예약해서 방문했는데, 조카가 조금 힘들어해 하는 것 같아서 언니와 조카는 먼저 나갔다. 모든 일정이 마무리된 후, 그들을 찾아 나섰고. 그렇게 나를 기다리고 있던 자매님과 조카님을 다시 만났다. 그들이 날 기다리던, 곳, 더위를 피해 들어가 있던 곳은 우리 전통 디저트를 판매하는 명과정 이었다. 정말 온 몸이 녹을 것처럼 더운 날이었어서 그런지, 출입문을 열자마자 이곳이 천국인가-느껴졌다. ㅋ 진짜 너무 더웠다... 이미 1차 디저트를 끝낸 그들은 날 위한 디저트를 다시 주문해주었다. 명과정은 처음이었는데, 이곳은 수제 디저트를 판매하는 곳이었다. 수제 양갱, 개성주악, 곶감에 대추와 이것저것 넣은 우리 디저트. (이름을 모르겠음...) 완전 취향저격 디저트 카페였다. 수제 양갱의 겉은 탄탄했고, 속은 잘 익은 밤으로 가득했다. 양갱 좋아하는 엄마 생각이..(엄마, 내 다음에 준비할게. 합정 갈 일이 생기면...) 개성주악도 너무 달지도, 너무 딱딱하지도 않고 먹기에 딱 좋은 정도였다. 그리고 곶감 속에 견과류를 가득 넣은 디저트는 생각보다 달지 않고 식감도 좋았다. 그리고 탄탄한데 부드럽고, 적당히 달달했던 양갱. 나의 영혼의 음료, 아이스 아메리카노와도 잘 어울렸다. 물론, 따뜻한 우리 차와 함께라면 더욱 좋았을 것 같기도 하다. :) 전통 디저트를 좋아하는데 합정에 간다면, 갈 일이 있다면 명과정에 들려 잠시 쉬어가도 좋을 것 같다. 아. 그리고 모두 수제 디저트 같았다. (?) 직접 만들어서 진열장에 채우는 모습을 보았다. 광고 아님. 저는 광고가 없어도.....광고 주시면 더 정성을 다해 쓰겠습니다. ㅋㅋㅋㅋㅋㅋㅋㅋㅋㅋㅋㅋㅋㅋㅋㅋㅋㅋㅋㅋㅋㅋㅋㅋㅋㅋㅋㅋㅋㅋㅋㅋㅋ 화이팅. 명과정 전통디저트 합정디저트 합정역명과정 명과정합정점 합정개성주악 개성주악 밤양갱 수제양갱 수제밤양갱 추석 선물 합정카페 명과정 안녕하세요. 다들 다가오는 추석 선물 준비하셨나요??? 저는 집 근처에 있는 합정카페 명과정에서 추석 선물 준비 완료했어요. 명과정은 개성주악으로 유명한 곳인데, 추석선물도 받고 계시더라고요. 매장 위치 주소 : 서울시 마포구 성지길 57 찾아가는 법 : 합정역 7번출구 도보 5분 주차 : 건물 1층 차량 1대 주차 가능, 양화진 공영주차장 이용 영업시간 : 월-일 10:00 20:00 (106, 107 추석 휴무) 합정카페 명과정은 합정역에서 도보로 5분 거리에 위치해 있어요. 매장 내부 분위기 매장 내부는 작지만 좌석도 깔끔하게 자리 배치 되어 있어서 아늑했어요. 카페에서 간단하게 음료와 디저트 즐기기에는 공간이 충분해 보였어요. 추석 선물 세트 결혼 후 답례품으로도 명과정에서 호두정과를 주문했었는데, 그때 다들 맛있다고 반응이 너무 좋았거든요. 명과정 지나가다 추석 선물 세트 예약을 받는 다는 포스터를 보고 들어갔어요. 선물세트는 총 10가지가 있었고 가격대도 다양해서 선택 폭은 넓었어요. 추천 추석 선물세트 1. 명과정 세트 (35,000원) : 도라지 정과, 호두 정과, 팥 양갱, 도라지 양갱 2. 한아름 세트 (70,000원) : 곶감단지, 도라지 정과, 호두 정과, 팥 양갱, 도라지 양갱 3. 양갱 10구 세트 (35,000원) : 팥 양갱, 도라지 양갱, 밤 양갱, 흑임자 양갱 저희는 명과정 세트로 총 4세트 구매했고, 그 자리에서 바로 포장해서 선물 세트 구성해주셨어요! 만약에 맘에 드는 구성이 없을 경우에는 가격대에 맞춰서 포장도 해주시는 것 같았어요. 결혼 답례품 할 때는 호두 정과 2개씩 구성해서 만들어 주셨었어요. 한식 디저트 종류 선물세트에 들어가는 디저트 종류들은 모두 매장에서도 판매하고 있었는데요. 명과정은 특히 개성주악이 유명해요!! 수제로 직접 디저트를 만드시는 곳으로 호두정과도 먹어봤는데 퀄리티가 높고 정말 맛있었어요. 어른들이 좋아하시는 많이 달지 않고 정성이 담긴 맛이에요. 개성주악 선물 세트 포장하는 동안 개성주악 2개를 주셔서 저희도 먹어봤는데요. 찹쌀 도너츠 같은 식감인데, 훨씬 더 쫀득쫀득한 느낌이었어요. 이건 드셔보셔야 알 수 있어요. 그리고 명과정 개성주악은 많이 달지 않고 생강향이 은은하게 나서 너무 맛있게 먹었어요. 개성주악, 호두정과 외에도 도라지 정과와 양갱 종류도 판매하고 계셨어요. 곶감단지도 판매 중이었는데, 맛이 어떨지 너무 궁금했어요. 음료 메뉴 커피나 차 종류도 같이 판매하고 있어서 디저트와 같이 먹으면 좋을 것 같아요.... 합정역 7번 출구 쪽에서 조금 걸으면 금방 발견하는 명과정! 우동 먹으러 가기 전에 들러봤는데, 입맛 돋우기 딱 좋았다. 오후에 방문했는데 사람은 적당히 있는 편! 매장이 깔끔하고 예쁜데 직원분들도 안내 잘해주시고 친절하시다. 여기는 특이하게 의자에 놓인 방석이 정말 편안하다. 짝꿍이랑 앉아서 수다 떨기 딱 좋은 느낌! 마침 옆 테이블에서 소개팅을 하고 있어서 짝꿍이랑 어머어머 설렌다 하면서 구경도 하고 즐겁게 시간 보냈다. ㅋㅋ 주문한 음료와 디저트 등장! 담음새가 너무 예쁘고 정갈해서 사진 찍기 좋다. 식혜 5,000원 , 아메리카노 주악 세트 5,000원 , 곶감단지 8,000원 식혜는 얼음까지 식혜를 얼린 것 같다! 인공적인 단맛이 아니라 진짜 식혜의 단맛이라 너무 맛있다. 아메리카노도 약간의 산미에 은은한 쑥 향(?)이 나는데 상큼함이 추가된 느낌이라 디저트랑 찰떡궁합! 이라고 생각했는데!?! 찾아보니까 쑥 아메리카노는 없는건가...? 잘못된 기억인지 다음에 다시 가봐야 알 것 같다 ㅋㅋㅋㅋㅋㅋㅋ 동그란 기본 메뉴인 개성주악은 쫀득하니 맛있고 곶감단지는 홍시랑 견과류가 같이 들어있어서 오독오독 좋다 적당히 단데 물리지 않게 견과류가 맛을 잡아준다. 아메리카노랑 개성주악을 세트로 먹으면 주악을 1,000원 할인해 준다! 음료 하나하나 정성이 가득 담긴 게 느껴져서 대접받는 기분이었다. 합정역 근처에서 분위기 있고 조용한 카페 찾을 때나 멋진 전통 디저트 먹어보고 싶을 때 가보면 좋을 것 같다. 맛있게 잘 먹었습니다 명과정 합정카페 합정역카페 합정디저트 개성주악 개성주악맛집 곶감단지 합정맛집 합정역맛집 식혜맛집 쑥아메리카노 합정데이트 합정역데이트 합정소개팅 합정분위기좋은카페 전통디저트 K디저트 전통카페 서교동카페 합정가볼만한곳 합정역7번출구 디저트할인 내돈내산 카페투어 솔직후기 주말데이트 디저트맛집 전통차 합정역분위기 합정핫플","八月的某一天。雖然已經是兩個月前的事了，但感覺卻像過了一年。似乎年紀越大，時間過得越快。八月，我去了麻浦區的宗教場所。原本姊姊和姪女預約了陪我，但因為姪女不舒服，她們提前離開了。活動結束後，我去找她們。就這樣，我又見到了一直在等我的姊姊和姪女。她們等我的地方，也是她們為了避暑而去的地方，是一家叫「明果亭」的韓國傳統甜點店。也許是因為那天實在太熱，感覺全身都要融化了，我一推開門，就感覺彷彿置身天堂。哈哈。真的太熱了……她們吃完第一輪甜點後，又特地為我點了一份。這是我第一次來“明果亭”，我發現這是一家賣手工甜點的店。手工羊羹、栗子糕，還有一種用柿餅、紅棗和其他各種食材做成的傳統韓式甜點（我不知道名字……）。這家甜點店完全符合我的口味。手工羊羹外皮酥脆，裡麵包裹著熟透的栗子。這讓我想起了我的媽媽，她很喜歡羊羹……（媽媽，下次我一定要做給你吃。如果我有機會去合井的話……）栗子糕也恰到好處——甜度適中，口感也很好。而那款柿餅裡包著栗子的甜點，甜度比我想像的要低，口感也很棒。羊羹外皮酥脆，內裡柔軟，甜度也剛剛好。它和我的靈魂伴侶——冰美式咖啡——搭配得天衣無縫。當然，如果配上一杯熱騰騰的韓國茶，那就更完美了。 :) 如果你喜歡傳統甜點，而且剛好在合井，我覺得去明果亭小憩一下是個不錯的選擇。哦，而且看起來所有的甜點都是手工製作的。 （？）我看到他們親手製作，然後擺放在展示櫃裡。這不是廣告。即使沒有廣告……如果你給我廣告，我會更認真地寫。哈哈哈哈哈哈哈哈。繼續加油！明果亭傳統甜點 合井甜點 合井站 明果亭 明果亭合井分店 合井開城朱克 開城朱克 栗子羊羹 手工羊羹 手工栗子羊羹 中秋禮物 合井咖啡館 明果亭 你好。大家都準備好中秋禮物了嗎？我在我家附近的合井一家咖啡館——明果亭——準備好了我的中秋禮物。明果亭以其開城酒而聞名，我注意到他們也接受中秋禮物。店家地址：首爾市麻浦區聖地路57號。交通：從合井站7號出口步行5分鐘。停車：大樓1樓可停1輛車；也可使用楊花津公共停車場。營業時間：週一至週日 10:00 - 20:00（中秋節第106、107天公休）。明果亭合井咖啡廳距離合井站步行5分鐘。店內氣氛：雖然店面不大，但座位擺放整齊，營造出溫馨舒適的氛圍。這裡空間足夠，可以悠閒地享用飲料和甜點。我之前曾從明果亭訂購過核桃醬作為婚禮回禮，大家都非常喜歡，說味道很棒。我碰巧經過明果亭，看到一張海報說他們正在接受中秋節禮盒的預訂，就進去看了。總共有10種禮盒可供選擇，價格也各不相同。推薦的中秋節禮盒有：1. 明果亭禮盒（35,000韓元）：桔梗蜜餞、核桃蜜餞、紅豆沙、桔梗蜜餞；2. 韓娜琳禮盒（70,000韓元）：番茄、核桃蜜櫔、核桃蜜櫫；十件組果凍禮盒（35,000韓元）：紅豆沙、桔梗蜜餞、栗子果凍、黑芝麻果凍。我們一共買了四套明果亭禮盒，他們當場就幫我們包裝好了！似乎如果你沒找到心儀的禮盒，他們也會依照你的預算包裝。當我訂購婚禮回禮時，他們準備了包含兩塊核桃蜜餞的禮盒。所有韓式甜點禮盒裡的甜點都可以在店內單獨購買。明果亭尤其以開城糕聞名！因為他們的甜點都是手工製作的，所以我嚐了嚐核桃蜜餞，品質很高，味道也確實很棒。它有一種老一輩喜歡的味道——不太甜，而且是用心製作的。在包裝開城糕禮盒的時候，他們給了我們兩塊嚐嚐。它的口感有點像糯米甜甜圈，但更有嚼勁。你一定要嚐嚐才能體會。此外，明果亭的開城糕甜度適中，帶有淡淡的薑味，非常美味。除了開城糕和核桃蜜餞，他們還出售桔梗根蜜餞和各種羊羹。他們還賣罐裝柿餅，我很好奇味道怎麼樣。菜單上也有咖啡和茶，我覺得配上甜點一起享用應該很棒。明果亭離合井站7號出口很近，步行即可到達！我去吃烏龍麵之前先去了這家店，正好可以開胃。我下午去的，人不多不少，剛剛好！店裡乾淨漂亮，店員也很友善熱情。特別的是，這裡的椅子靠墊特別舒服，感覺是和伴侶聊天的好地方！巧的是，我們隔壁桌正好在進行相親，我和伴侶一邊看著一邊感嘆「天哪，這也太刺激了吧！」哈哈。我們點的飲料和甜點也上來了！擺盤精緻漂亮，很適合拍照。柿餅5000韓元，美式咖啡柿餅套餐5000韓元，柿餅8000韓元。柿餅的冰塊好像是特地冷凍的！味道好極了，因為它保留了柿餅本身的甜味，而不是人工甜味。美式咖啡略帶酸味，還有淡淡的艾草香（？），清爽宜人，我覺得和甜點很搭！或者說，我之前是這麼想的？ ！我查了一下，好像他們沒有艾草味的美式咖啡……？看來下次我要去確認一下，看看是不是我記錯了哈哈。普通的圓形柿餅軟糯可口，柿餅因為裡面有熟透的柿子和堅果，所以口感酥脆。甜度適中，堅果的加入平衡了甜度，不會覺得膩。如果點美式咖啡和開城酒套餐，開城酒可以優惠1000韓元！每一杯飲品都傾注了店家的心血，讓我覺得自己像個貴賓。如果你想在合井站附近找一家安靜舒適的咖啡館，或者想品嚐一些美味的傳統甜點，這裡絕對是個好去處。謝謝你們提供的美味佳餚。明果亭、合井咖啡館、合井站咖啡館、合井甜點、開城酒屋、開城酒屋餐廳、Gotgam Danji、合井餐廳、合井站餐廳、Sikhye餐廳、艾草美式咖啡、合井約會、合井站約會、合井相親、氛圍不錯的合井咖啡館、傳統甜點、韓式甜點、傳統咖啡館、西橋洞咖啡館、合井旅遊景點、合井站7號出口、甜品折扣、自評費、熱門咖啡廳旅遊、合井旅遊景點","*합정역 7번 출구에서 도보 5분*

아담하고 깔끔한 분위기 속에서
한식 디저트를 만나보세요!

국내 최고의 개성주악 맛집,
전통 디저트인 개성주악, 옛날양갱,
호두정과, 도라지정과, 곶감단지 등을
수제로 만들어 커피,차와 함께 판매합니다

생막걸리로 발효시킨 찹쌀과 생강향이
가득한 즙청으로 마무리한 개성주악은
겉은 바삭, 속은 촉촉한 맛이 일품입니다.

지나치게 달지 않아 은은한 생강향이
입안 가득 퍼지며, 먹을수록 자꾸
생각나는 매력적인 디저트입니다.

한식 디저트와 잘 어우러지는 인테리어와
친절한 서비스가 돋보이는 이곳에서
특별한 디저트를 경험해 보세요.

상냥한 미소와 함께
최상의 맛을 선사합니다 :)",,명과정 마포구,
믜요,Myeo,"카페,디저트",咖啡館，甜點,영업 중,170,107,서울 마포구 동교로 256-10 2층,,홍대입구역 3번 출구에서 547m,,영업 중 20:00에 영업 종료,0507-1305-5740,https://www.instagram.com/muiyo___,예약,,"차 와 3종 과자 세트 18000
크림치즈 호두 곶감쌈 9000
개성주악 3000
아살모 밀크티 8000
두바이 곶감단지 9500
정안밤 통팥양갱 5800
계절차 사계절의 흐름을 담아요 8000","茶飲及三款小點心套餐 18,000

奶油起司核桃柿餅 9,000

開城燒 3,000

阿薩爾莫奶茶 8,000

杜拜柿餅罐 9,500

正安栗子紅豆沙 5,800

四季茶飲 8,000","SEOUL TEA ROOM 믜요 오래간만에 홍대에 나갈 일이 생겨 지도 위에 찜콩해 두었었던 믜요의 찻자리를 예약했다. (네이버 지도에서 예약 가능) 자그마한 공간에 단정한 기물들이 알차게 공간을 차지하고 있다. 오늘의 내 찻자리 차 종류는 많지 않았다. 하동 쑥 감국차를 마실까 화롄 밀향 홍차를 마실까 고민하다가 밀향 홍차로 결정했다. -유자 레몬 양갱 -유자단자 떡과 유자 정과 -피칸 강정과 메이플 버터를 품은 대추 정과 -개성 약과 -개성 주악 개성 주악은 생각했던 것보다 훨씬 바삭 쫄깃했고 무엇보다 마음에 들었던 것은 바로 유자 정과! 집에 만들어두고 차 마실 때마다 하나씩 꺼내 먹고 싶어졌다. 잣을 이용해서 꽃처럼 장식한 정과는 예뻐서 먹기 아까울 정도였지. 병과 하나하나 정성스러운 손길이 들어갔을 테다. 맛있고 아름다운 시간이었다. 차는 한 번 더 우려주셨다. 만족스러운 티타임을 즐기고, 오래간만에 홍대에 나온 이유이기도 했던 영화를 보러 인디스페이스로 총총. 무릎까지 쌓인 눈을 밟으러 여행을 떠나고 싶게 만들어주는 영화. 대책 없이 떠나도 괜찮을 것 같다는 파워 J로서는 도저히 할 수 없는 생각을 하게 만들어 준 영화. 이제 끝내야지 나는 재능이 없으니까. 그런 좌절의 마음을 품고 떠난 여행에서 다시 시작할 수 있는 에너지를 가득 채우고 그 여행의 끝에 보여준 맑고 해사한 심은경 배우의 얼굴이 참 좋았던 영화였다. 원래대로라면 치앙앙2일차가 되어야하지만 아시다시피 밀림의 왕인 관계로 결국에는 묵혀둔 티룸포스팅으로 옵니다 예.. 이곳은 예전에 망원동 티룸을 대실패한 이후에.. ( 아직도 그런 일본풍 분위기 티룸에 트라우마 있음 ) 칼을 갈고 찾아서 맛도 있고 분위기도 좋고, 뭔가 전문성 있는 느낌이 있는 곳을 찾아서 예약한 곳인데 기대한것보다 너무 좋았어서 소개해 봅니다. 연남 차차티클럽도 없어진 마당에.. 이만한 티룸이 또 있을까요..? 물론 연남은 티룸이 많긴 하지만 그래도 여기 차 모르는 친구 데려가도 최소한 욕은 안 먹을 곳이라고 생각함. 연남 티룸 믜요 티푸드가 예쁜 분위기 좋은 찻집 아마 소규모 찻집이라 예약이 필수였던 걸로 기억함. https:m.booking.naver.combooking6bizes889536items5014434?themeplace 100 예약제 맞네요. 너무나 순한글 이름스럽고 매력있어서 한참을 쳐다보게된 심플한 벽 간판. 내부 공간은 상당히 소담함. 바테이블 제외하고 한두테이블 정도에 바쪽도 크게 자리가 많지는 않음. 아마 바쪽에서는 티 오마카세나 티 클래스를 진행하시겠지? 단품으로 판매하는 디저트들이 진열되어 있는데 우리는 다과 한상차림을 주문했다. 이것저것 다 먹어보고 싶거등요. 일단 티매트랑 코스터, 앞접시 플레이팅 보고 감탄함. 아니 벌써 이렇게 예쁘다고요? 먼저 내주신 차. 개완도 예쁘고 귀달이 찻잔 너무 귀여워잉. 차는 아마 금준미 주문했던 기억이 남. 차맛도 상당히 좋고 뜨거운물도 요청드리면 계속 채워주셨다. 다식 나오자마자 예뻐서 기절할 뻔 했네요. 일단 맛은 둘째치고 플레이팅이 이렇게 예술이어도 되나요? 개성주악, 양갱, 화과자, 금귤정과, 모약과, 피칸정과. 그리고 요술봉같이 생긴 잣. 접시 아래, 위로 잎사귀와 꽃잎들로 장식하신게 너무 예뻐서 먹을 엄두가 안났다. 하지만 번번히 이겨내고 먹어치우지요? 그것으로 고급보디를 이루어냈으니까 ㅋ 화과자와 개성주악은 생각보다는? 평범했고 약과와 피칸강정이 진짜 눈 크게 뜨게 하는 맛이었다. 피칸정과는 너무 맛있어서 따로 개별구매해서 가져왔다. 그만큼 바삭하고 맛있음. 사장님은 계속 안에서 다식을 만들고 계셨다. 무조건 여기는 다시와야된다고 다짐한 곳. 콧노래가 절로 나옴 잣도 빼놓지 않고 먹어주고 나왔읍니다. 여기는 진짜 너무너무 추천하는 티룸. 차를 잘 모르더라도 충분히 만족스럽게 즐길수 있는 세련된 찻집이었다. 연남동 티룸 믜요 영업시간 : 매일 13:00 20:00, 캘린더 예약으로 확인 주말 홍대 데이트 다녀온 행복뀨 입니다 추운 날, 따뜻한 차 한잔이 간절했던 날 날이 너무 추워서 자연스럽게 따뜻한 차 한잔이 떠오르던 주말 데이트. 조용히 쉬어가기 좋은 찻집을 찾다가 방문했어요 예약 없이 바로 입장했어요 지도 보고 찾아가는데 이 길이 맞아? 싶을 즈음 하늘을 올려다보니 2층에 보이네요 계단을 조심조심 올라가면 아늑하고 조용한 공간이 나옵니다. 처음엔 바 좌석에 앉았는데 자리가 나서 뒷 테이블로 이동했어요. 이때 찻잔까지 직접 옮겨주셔서 사소하지만 친절함이 느껴졌어요. 디저트가 특히 인상 깊어서 다음엔 다른 디저트 먹으러 다시 방문해야지 차()와 어울리는 다과를 만듭니다. 맛있는 다과 직접 만드는 카페 아살모 아이스 밀크티 아살모 아이스 밀크티 8,000원 달지 않고 홍차 향이 은은하게 퍼지는 스타일 전체적으로 부드럽고 깔끔한 맛 개인적으로는 홍차 맛이 조금만 더 진했으면 좋았겠지만, 부담 없이 마시기엔 딱 좋은 밀크티였어요. 따뜻한 차 주문 한번 리필 가능 디저트 후기 개성주악 백화점에서 먹었던 개성주악은 기름진 맛이 강해서 조금 부담스러웠는데, 여기는 정말 맛있었어요! 전혀 기름지지 않고 담백하면서 쫀득한 식감 딱딱하지 않고 촉촉함 유지 개성주악 맛집 인정 밀크티랑도 잘 어울렸어요. 따뜻한 차 한잔으로 자연스럽게 릴렉스되는 공간 조용해서 대화하기도 좋고 혼자 와도, 데이트로도 잘 어울리는 분위기 주소 : 서울 마포구 동교로 256-10 2층 영업시간 : 13:00 - 20:00 휴무 : 매주 월,화 주차 : 불가 2026. 02. 08.까지 명절을 맞이할 수 있도록 다과 선물 세트를 준비했다고 한다 혹하네.. 개성주악부터 너무 맛있었어..","首爾茶室 Myuyo。因為好久沒去弘大出差了，所以提前在地圖上標記了 Myuyo 的位置，並預訂了一張茶桌。 （可以透過 Naver 地圖預訂。）精緻的餐具巧妙地利用了有限的空間。今天茶桌的茶品選擇有限。我猶豫了一下，是點河東艾菊茶還是花蓮密香紅茶，最後還是選了密香紅茶。 - 柚子檸檬羊羹（甜豆沙）- 柚子團子（年糕）和柚子蜜餞（醃柚子）- 山核桃薑餅（甜豆沙）和楓糖黃油紅棗蜜餞（醃紅棗）- 開城藥果（傳統韓式點心）- 開城糕（傳統開城年醃紅棗）。開城餅比我想像中更酥脆更有嚼勁，但我最喜歡的還是柚子正果！我真想在家做一些，每次喝茶的時候都帶一個出來吃。正果用松子裝飾成花的形狀，漂亮得讓人捨不得吃。每一塊點心都一定製作得非常用心。那是一段美好而甜蜜的時光。他們又為我泡了一次茶。享受完令人滿足的下午茶後，我匆匆趕往Indie Space看電影，這也是我好久以來第一次來弘大的原因。這部電影讓我想去趟雪地，在齊膝深的雪地裡漫步。這部電影讓我，一個覺得可以隨心所欲、沒有計畫就離開的人，開始思考一些我從未想過的事情。 「我應該就此結束，因為我沒有才華。」這部電影讓我印象深刻，尤其是看到沈恩京在旅程結束時臉上那清澈透亮的笑容，讓我從之前的絕望中走了出來，重新振作起來。原本這應該是清昂之旅的第二天，但你也知道，作為“叢林之王”，我最終還是寫了篇拖了很久的茶室遊記。沒錯……之前在望遠鏡一家茶室的糟糕體驗讓我徹底崩潰（我對那些日式茶室至今還有心理陰影），所以我才預訂了這家。我磨練了自己的搜尋技巧，終於找到了一家美食美味、氣氛極佳、服務專業的茶室。它比我想像的還要好得多，所以我想把它介紹給大家。延南茶茶俱樂部已經關門了…現在還有像它一樣的茶室嗎？當然，延南有很多茶室，但我覺得即使帶一個不太懂茶的朋友來，也不會有人覺得尷尬。延南茶室妙耀是一家氛圍溫馨、茶點精緻的茶館。我記得因為店面不大，所以必須提前預約。 https:m.booking.naver.combooking6bizes889536items5014434?themeplace100 確實需要預約。牆上簡潔的招牌上的名字純真可愛，讓我忍不住駐足良久。店內空間十分溫馨。除了吧台，只有一兩張桌子，連吧台區的座位也不多。我猜想吧台區域會舉辦茶藝體驗或茶道課程。店內也陳列著一些單點的甜點，但我們點了茶點套餐。我想每樣都嚐嚐。首先映入眼簾的是茶墊、杯墊和小碟子的擺盤，美得令人驚艷。等等，已經這麼漂亮了嗎？茶水先上桌。蓋碗很漂亮，有把手的茶杯也十分可愛。我記得當時點了金純茶。茶的味道很棒，而且我每次要熱水，服務員都會及時續水。茶點一端上來，美得讓我差點暈過去。先不說味道，擺盤也太精緻了吧！有開城酒、羊角豆、花果、金桔正果、蘑菇果、山核桃正果，還有做成魔杖形狀的松子。盤子上下都裝飾著葉子和花瓣，美得讓人捨不得吃。但我最終還是克服了這種心理障礙，把它們都吃光了，對吧？畢竟，這就是我保持優雅身材的秘訣，哈哈。花果和開城酒……可能有點普通吧？跟我預想的比起來差遠了，但蘑菇果和山核桃正果真是美味得讓人眼睛一亮。山核桃正果太好吃了，我特地買了一些回家。它真的非常酥脆可口。店主一直在店裡製作大食。我發誓一定要再來這家店。我不禁哼了小曲。離開前，我確保把松子都吃得乾淨。這家茶室我強烈推薦。即使你對茶不太了解，也能在這​​裡享受到非常愉悅的體驗，因為它是一家精緻的茶室。延南洞茶室妙耀。營業時間：每日13:00-20:00；請查看日曆預約。我是HappyKyu，來報道我在弘大的週末約會。那天很冷，我特別想喝一杯熱茶。天氣這麼冷，週末約會自然而然就想到了熱茶。我當時正在尋找一家可以安靜放鬆的茶室，於是就去了這家店。我沒有預約，直接就進去了。我一邊跟著地圖走，一邊疑惑地問自己：「這是正確的方向嗎？」抬頭一看，發現它竟然在二樓。小心翼翼地拾級而上，來到一個溫馨靜謐的空間。我一開始坐在吧台，後來等後面有空位就換到了桌子。這時，他們還刻意幫我端茶，雖然只是個小細節，卻讓人倍感貼心。甜點尤其令人印象深刻，下次一定要再來嚐嚐別的。他們家的小吃和茶飲很搭。 Cafe Asalmo，自製美味小吃。

冰奶茶

Asalmo 冰奶茶：8,000 韓元

這款奶茶甜度適中，帶有淡淡的紅茶香氣。整體口感滑順清爽。我個人覺得紅茶味再濃鬱一些會更好，但這款奶茶的甜度剛好，不會讓人覺得膩。

熱茶可免費續杯一次

甜點測評：開城糕

我在百貨公司吃的開城糕太油膩了，有點膩，但這裡的開城糕真的很好吃！一點也不油膩，口感輕盈有嚼勁，而且保持濕潤而不硬。絕對是開城糕的熱門選擇。它和奶茶也很搭。這裡環境舒適，讓人可以自然放鬆下來，享受一杯熱茶。店內安靜，非常適合聊天，無論是獨自一人還是約會，氣氛都非常棒。

地址：首爾市麻浦區東橋路256-10號2樓

營業時間：13:00 - 20:00

休息日：每週一、二

停車：無

據說他們準備了節慶零食禮盒，供應至2026年2月8日。我好心動…開城糕從一開始就非常美味…","믜요는 한식디저트를 기반으로 차와 어울리는 다과를 만듭니다. 좋은 재료를 선별하여 직접 손질하고 하나하나의 과정에 정성을 드립니다.

작고 요란하지 않는 공간에서
다과와 차,그리고 벗들과 함께
서로의 이야기들로 채워지는
평온한 한날의 우리를 그려보세요-

차 와 과자.
함께 하기 좋은날_믜요",,믜요 마포구,
감과당,柿子和玉米糖漿,"카페,디저트",咖啡館，甜點,영업 중,132,106,서울 서대문구 증가로 24 2층,,,,영업 중 19:00에 영업 종료,070-7677-5600,https://www.instagram.com/gamgwadang,"포장,예약,무선 인터넷",,"개성주악 2000
들깨주악 2500
쑥 주악 2500
땅콩 주악 2500
잣 주악 3000
곶감 주악 3000
통팥 주악 3000
금귤 주악 3000
키위주악 3000.0
청귤주악 3000.0
애플시나몬주악 3000.0
곶감단지 8000
도라지 정과(50g) 5000.0
호두 정과(60g) 5000
약과파이(애플시나몬) 3000
도라지 양갱 3000
통팥호두 양갱 3000.0
알밤 양갱 3500
작업실 커피 5000~5500
하동 쑥차 4500.0
제주 호지차 4500.0
제주 녹차 5000.0","開城酒樂 2000
紫蘇籽 Juak 2500
艾蒿 Juak 2500
花生醬 2500
松子 Juak 3000
柿乾 Juak 3000
整粒紅豆 Juak 3000
金橘尤克 3000
獼猴桃尤克 3000.0
青橘 Juak 3000.0
蘋果肉桂 Juak 3000.0
柿乾罐8000個
桔梗蜜餞 (50g) 5000.0
核桃蜜餞（60g）5000
藥果派（蘋果肉桂）3000
桔梗根 Yanggaeng 3000
整顆紅豆核桃羊岡 3000.0
栗羊岡3500
工作室咖啡 5000~5500
河東艾草茶4500.0
濟州焙茶 4500.0
濟州綠茶 5000.0","명인이 만든 개성주악이라고 해서 선물용으로 구매하러 방문함 매장은 2층에 있고 포장하기 위해 잠시 주차는 가능하지만, 연희동은 역시 주차가 너무 힘들다. 이름이랑 일러스트가 잘 어울리는듯하다. 영업시간은 매주 목금토 12시부터 저녁 7시까지로 영업일이랑 영업시간이 짧으니 꼭 참고해서 방문해야 할듯하다. 전통약선음식명인 명인패 매거진에도 소개되고 후기도 좋고 유명한곳인것 같다. 내부는 전통디저트 매장답게 포근하면서도 원목 테이블이 잘 어울려 아늑하면서 편한 느낌을 준다. 주방도 완전 오픈형이고 사장님도 직원분도 엄청 친절하셨다. 내부에 화장실도 있었다. 주악, 양갱, 도자리정과,호두정과, 약과, 곶감단지 메뉴랑 마실 수 있는 차와 커피가 있다. 선물포장 박스들과 종류 구성은 꼭 이대로 판매하는건 아니고 원하는대로 바꿔서 구성할 수 있다. 보자기 포장 예시 픽업예약, 곶감당지 자르는법 보관 및 먹는 법이 귀엽게 적혀있다. 선물박스도 깔끔하다. 진열되어 있는 귀여운 동물모양의 주악들 ㅎ 양갱은 총 4종류로 3천원에서 3천5백원 주악종류는 총9가지로 제일 기본이 2천원 나머지는 2천5백원부터 3천원까지 모양이 참 예뻐서 선물하기 좋을것 같다. 주악은 처음 먹어봤는데 쫄깃하면서 생각보다 많이 달지 않아서 맛있었다. 식감도 과하게 쫄깃한 스타일이 아니라 고급스럽고, 단맛도 가공식품의 단맛이 아니라 좋은것 같다. 유자청과 대추고, 호두정과를 넣어 만든 곶감단지 8천원이라 좀 비싼감은 있지만 안먹어봐도 맛있을것 같다! 라즈베리잼와 애플시나몬은 올린 약과파이 3천원으로 기존 약과보다는 덜 달고 밀가루맛이 많이 나는 스타일이 아니라 역시 고급스러운 맛이었다. 젊은 사람들도 좋아할 것 같은! 깔끔한 포장 2천원짜리 개성주악이지만 예뻐서 선물하기 좋다. 곶감단지랑 양갱, 호두정과, 도라지 정과로 구성한 선물세트 연희동 주차가 힘들고 영업일 맞추기가 쉽진 않지만 전통 디저트 선물용으로 좋은것 같다. 한국 전통 간식, 디저트에 관심 많았는데 친구가 종종 사먹으러 간다는 곳에 서울 나들이겸 같이 가봤다. 전통 디저트를 현대적으로 재해석했는데, 약선 명인 김은정 선생님이 운영하시며 위치 서울 서대문구 증가로 24, 2층 영업시간 매주 목요일부터 토요일까지 오후 12시부터 7시까지 개성주악, 양갱, 도라지정과, 호두정과, 곶감단지 등 다양한 전통 한과를 판매하는 곳이다! 포장 주문하고 기다리는동안, 호두강정 먹어보라도 주신거 냠냠. 개성주악은 찹쌀가루에 막걸리를 넣어 반죽한 후 기름에 지져내는 전통 과자로, 쫄깃한 식감과 은은한 단맛이 특징이다 이곳은 다양한 토핑과 재료를 활용한 개성주악 메뉴들이 있는데..! 나는 일반 개성주악, 곶감주악, 잣주악, 쑥주악 포장해왔다. 두근두근 개성주악 첫 시식! ..... 쫜득쫜득. 존맛탱 한 입 베어 물면 느껴지는 쫀득함에 반할맛! 따뜻한 차와 함께 즐기기에 넘 좋다. 조상님들..맛있는거 먹으셨군.",我特地去買開城酒酒送人，據說這是大師親手做的。店舖位於二樓，雖然包裝時會提供臨時停車位，但正如預期的那樣，延熙洞的停車位非常難找。店名和插圖看起來非常相符。營業時間為每週四、五、六中午12點至晚上7點；由於營業時間和營業天數較少，所以去的時候一定要注意時間。這家店似乎很有名，曾被傳統藥膳大師雜誌《明仁派》報道，並獲得好評。店內裝潢溫馨舒適，木質桌椅與周圍環境相得益彰，營造出傳統甜點店的氛圍。廚房是完全開放式的，老闆和店員都非常熱情友善。店內還設有洗手間。菜單上的酒酒有酒酒、羊羹、豆豉正果、核桃正果、藥果和五花肉丸子，此外還提供茶和咖啡。禮盒及其內含物並非完全按照圖片所示出售，您可以根據自己的喜好進行客製化。包裝上印有可愛的說明，包括包紮法（Bojagi）的包裝範例、取貨預約、如何切開Gotgam Danji以及儲存和食用方法。禮盒也十分精緻。展示的還有可愛的動物造型Juak。共有4種Yanggaeng，價格從3000韓元到3500韓元不等；Juak則有9種口味，最基本的2000韓元，其他口味的價格在2500韓元到3000韓元之間。它們非常漂亮，是饋贈佳品。這是我第一次嘗試Juak，味道很棒，口感有嚼勁，而且不像我想像中那麼甜。它的嚼勁恰到好處，給人一種精緻的感覺，而且我喜歡它的甜味不是那種加工食品常見的甜膩感。這款柿餅罐裝甜點，配上香櫞果醬、紅棗醬和蜜餞核桃，售價8000韓元，感覺有點貴，但即使不嘗，也能感受到它的美味！藥果派，上面鋪著覆盆子果醬和蘋果肉桂，售價3000韓元；它比傳統的藥果甜度低，麵粉味也不重，所以口感更加精緻。我想年輕人應該也會喜歡吧！開城酒，售價2000韓元，包裝簡潔，非常漂亮，很適合當禮物。這款禮盒內含柿餅罐裝甜點、羊羹、蜜餞核桃和蜜餞桔梗根。雖然延熙洞停車比較困難，很難把握好營業時間，但對於喜歡傳統甜點的人來說，這裡似乎是個不錯的選擇。我一直對韓國傳統小吃和甜點很感興趣，所以這次首爾之行，我特地去了朋友常去的一家店。這家店主打現代改良版的傳統甜點，由藥膳料理大師金恩貞（Kim Eun-jeong）經營，位於首爾西大門區井家路24號二樓。營業時間為週四至週六中午12點至晚上7點。店裡販售各種韓國傳統甜點，包括開城糕、羊羹、糖漬桔梗、糖漬核桃和柿餅罐！等外送的時候，我嚐了嚐他們送我的核桃糖。開城糕是一種傳統小吃，用糯米粉和米酒混合後油炸而成，口感軟糯，味道清甜。這家店的開城餅種類繁多，配料豐富！我打包了原味開城餅、柿餅、鬆餅餅和艾草餅。我已經迫不及待想嚐嚐開城餅了！ ……口感勁道，味道絕佳。一口下去，那種嚼勁簡直讓人欲罷不能！配上一杯熱茶，簡直完美。我的祖先……一定享用過什麼美味佳餚。,"건강하고 맛있는 과자집, 감과당

<오픈일 / 픽업 가능 시간>

목,금,토 12:00 ~ 19:00
일 12:00 ~ 17:00

** 예약시 주의 사항 안내를 꼭 읽어주세요.",,감과당 서대문구,
예빈당 성수본점,藝會聖水總店,떡카페,米糕咖啡館,영업 중,1963,546,서울 성동구 성수이로 87 성문빌딩 1층,,성수역 3번 출구에서 172m,,영업 중 21:00에 라스트오더,0507-1441-5542,https://smartstore.naver.com/yebindang/category/b8a4d9b7869441c58f7ca2d6cd89c2e2?cp=1,"예약,배달,방문접수/출장,포장,단체 이용 가능,간편결제",,"100 국내산 수제 팥빙수 16000
생딸기 빙수 23000
들석구이 10000
임자라떼 6000
오미자차 8000
수정과 8000
홍시스무디 7000
미숫가루동동 7500
유자차 7000.0
팥라떼 7000.0
한라봉에이드 7000.0
딸기레몬에이드 7500
생딸기라떼 7000.0
레몬생강차 7000
생강라떼 7000
대추차 8500
초코라떼 6500.0
카페라떼 5000
아메리카노 4500","100個國產手工紅豆刨冰 16,000韓元

鮮草莓刨冰 23,000韓元

德石桂 10,000韓元

柿子拿鐵 6,000韓元

五味子茶 8,000韓元

水正果 8,000韓元

柿子冰沙 7,000韓元

三重糖冬冬 7,500韓元

柚子茶 7,000韓元

紅豆拿鐵 7,000韓元

漢拿峰汽水 7,000韓元

草莓檸檬汽水 7,500韓元

鮮草莓拿鐵 7,000韓元

檸檬薑茶 7,000韓元

薑拿鐵 7,000韓元

紅棗茶 8,500韓元

巧克力拿鐵6,500.0

拿鐵咖啡 5,000

美式咖啡 4,500","이바지음식 잘 하는 곳, 신라호텔 결혼 예식에서 선택받는 예빈당 결혼이 다가오면 자연스럽게 가장 신경 쓰이게 되는 준비가 하나 있어요. 바로 이바지음식입니다. 드레스나 예식장처럼 눈에 보이는 준비도 중요하지만, 이바지음식은 양가 어른들께 격식과 정성을 전하는 상징적인 부분이라 대충 결정하기가 쉽지 않더라고요. 특히 요즘은 신부 이바지만 준비하는 것이 아니라, 신랑 이바지음식 흔히 답바지 또는 신랑답바지 까지 함께 준비하는 경우도 많아서 구성과 의미를 더 꼼꼼히 보게 됩니다. 지인과 함께 상담을 다녀온 곳은 예빈당이에요. 신라호텔 결혼 예식에서 이바지음식 주문이 많은 곳으로 알려져 있어서 처음부터 신뢰가 갔던 곳이기도 해요. 실제로 상담을 받아보니 결혼 이바지음식 구성 설명도 꼼꼼했고, 신랑 이바지음식(답바지)에 대한 안내도 차분하게 해주셔서, 과하지 않으면서도 격식 있고 정성 가득한 결혼 이바지음식을 선택할 수 있을 거 같아 한결 마음이 편안해졌어요. 사진으로 보는 이바지음식 구성 메뉴 마침 방문한 날 신라호텔 결혼 예식 이바지음식 픽업 일정이 있다고 하시더라고요. 예빈당은 성수역 인근에 위치해 있어서 직접 픽업하기에도 좋고, 퀵 발송도 비교적 수월해 보였어요. 예식 일정에 맞춰 이동 동선까지 고려하기 좋은 위치라는 점도 장점으로 느껴졌습니다. 궁중 특해산물 3종 목기세트 문어찜, 전복초, 대하구이로 구성된 궁중 특해산물 3종 세트입니다. 문어는 힘과 기운을 상징한다 해서 결혼 이바지음식에 빠지지 않는다고 하네요. 금가루가 살짝 뿌려진 전복초는 상차림을 한층 더 고급스럽게 만들어주는 포인트였어요. 특 모듬전 한우육전, 패주전, 대구전, 표고전, 새우전 집안 행사에 빠질 수 없는 메뉴, 바로 전이죠. 한우육전부터 패주전, 대구전, 표고전, 새우전까지 구성이 정말 알차더라고요. 하나하나 모양도 고르고 정갈해서 먹기 아까울 정도였어요. 정성 들여 준비한 느낌이 사진으로도 충분히 전해지시나요? 한우 소고기 편채 한우 소고기 편채는 보기만 해도 손이 많이 간 메뉴라는게 느껴졌어요. 통깨가 듬뿍 뿌려져서인지 너무 고소하고 맛난 향기가 저를 미치게 했던 메뉴입니다. 신선한 채소와 버섯을 소고기에 말아 톡 쏘는 겨자소스와 함께 먹는 상상만으로도 행복하네요. 갖은 영양이 듬뿍 담긴 최상급 일품요리가 결혼 이바지음식 구성에 빠질 수 없습니다. 홍어회무침 갈비찜 국내산 홍어를 친환경 우리 양념으로 무친 홍어회무침과 집안 잔칫날 빠질 수... 예정에 없었지만 성수 나들이 막판에 지하철 타러 가다가 예빈당 앞을 지나게 되어 일본인 친구들에게 들어가 볼래..?? 조금 늦은 시간이었는데 꽤 많은 종류가 아직 남아 있어서 일단 친구들이 너무 예쁘게 생겼다고 와우 디저트도 어떻게 보여주느냐가 중요한 듯 ㅎ 아는 건 별로 없지만 개성주악이랑 개성약과에 대해서 이야기 해주면서 뭐 먹을지 고르고 음료도 주문했어요 흑미구름떡을 보면서 전에도 떡이 있었는지 몇 달만에 갔더니만 기억이 가물가물 ㅋㅋ 예빈당 좋은 점이 테이블 간격이 여유 있는건데 넓은 홀에 크리스마스 트리도 설치되어 있었어요 그림 보는 친구들 포즈는 그닥 자연스럽지 않고... 아메리카노 한 잔이랑 카페라떼 두 잔 그리고 주문한 세가지 디저트가 나왔습니다 일단 기본인 개성주악 부터 시식 보통 혼자 먹을 때는 손으로 잡고 와그작 한입이지만 친구 두명에서 맛을 보게 하고 싶어서 나이프랑 포크 부탁해서 반 갈라서 나눠먹기 주악이 좀 단단한 편이라 자르는데 힘이 팍 ㅋ 다음으로 사과주악 나눠먹기 위에 있는 말린 사과랑 같이 먹는 맛이 새콤하고 달콤하고 좋더라구요 마지막으로 개성약과 매번 미니약과를 선물하다보니 이런 모양의 약과 는 첨 본다며 좋아했어요 사실은 저도 여기에서 첨 봤습니다 ㅋㅋㅋ 암튼 우연히 지나가다가 들른 덕에 일본인 친구들에게 한국 디저트 소개하고 즐겁고 좋은 시간 보낼 수 있었습니다 이상 성수카페 예빈당성수본점 내돈 내산 내먹 간단 후기였습니다 많은 공감 부탁 드려요 예빈당 성수카페 중에서 전통 한식 디저트를 즐길 수 있는 곳. 개성주악과 약과, 떡, 한과를 맛볼 수 있고, 선물 세트도 예쁘다. 성수 카페 개성 주악 예빈당 전통 디저트 카페 라임의 내 돈 내산 식당 리뷰 매일 오늘 뭐 먹지 고민하는 직장인으로 괜찮았던 가게들을 소개합니다. 내돈내산 클린한 리뷰지만, 사장님들의 제휴는 열려 있습니다. 연락 주세요! 위치 서울 성동구 성수이로 87 성문빌딩 1층 운영시간 월요일 금요일 08:0021:30 마지막 주문 21:00 주말 09:0021:30 마지막 주문 21:00 주차 매장 앞 2대까지 주차 가능하지만 복잡해서 대중교통 이용을 권장한다. 분위기 나무와 아이보리색을 주로 써서 편안한 분위기이다. 메뉴 개성 주악 기본 주악 둥근 모양에 귀여운 변형이 있었다. 금귤주악 3,700원 호두주악 3,200원 꽃송편 색색으로 다양해. 각 2,500원 개성약과 페스츄리처럼 만든 약과가 3,300원 떡 종류 떡에 샤인머스켓이나 치즈, 초콜릿 등 다양한 재료가 들어갔고, 한 번에 먹기 좋은 크기로 진했다. 선물세트 개성주악선물세트, 개성약과 선물세트, 양갱세트, 강정정과로 구성된 다과 선물세트, 꽃송편 선물세트, 수제육포 선물세트, 구름떡 선물세트, 두텁떡 선물세트 등 다양한 종류가 있다. 눈으로 보기에도 예쁘고 만드는데에도 정성이 들어가 좋은 선물이 될 것 같다. 대추 꽃이 들어가니 구름떡이 더 돋보이게 예쁘네. 보석 모양의 양갱이 정말 예쁘다. 보자기 매듭도 어쩜 이렇게 꽃처럼 예쁘게 묶었는지. 개성주악은 대추를 사과 꼭지처럼 표현해 정말 예뻐. 금귤이 올라가 상큼하다. 꽃도 색이 알록달록해 보는 즐거움도 있어. 달지 않은 차가 커피 아니면 박하차 뿐이더라. 좋았던 점과 아쉬운 점 정리! 좋았던 점은? 1) 우리 전통 후식을 현대적으로 재해석해 내놓는다. 성수역에는 외국인도 많이 와서 의미있는 작업이라고 생각해. 2) 선물세트 종류가 다양하다. 3) 디저트 비주얼이 인스타그래머블하다. 절로 카메라를 들게 만드는 아름다움. 아쉬운 점은 1) 달지 않은 차가 더 많았으면 좋겠다. 디저트가 달기 때문에. 2) 사람 많고 혼잡한 편. 3) 오후에 가니 매대가 많이 비어 있어 선택지가 핝정적이었다. 예빈당 성수카페 성수동카페 성수역카페 개성주악 K디저트 개성약과 함께 읽으면 좋은 글","葉賓當，伊巴吉美食的卓越之地，新羅酒店婚禮的首選。隨著婚禮臨近，最讓人牽掛的莫過於伊巴吉美食。雖然婚紗、場地等顯而易見的準備工作固然重要，但伊巴吉美食更是一種象徵性的禮節，它向雙方長輩表達著正式和誠摯的敬意，因此，草率的決定絕非易事。尤其如今，不僅新娘的伊巴吉，新郎的伊巴吉（通常被稱為達巴吉）也同樣重要，所以我對伊巴吉的組成和寓意更加仔細考究。我與一位熟人一同前往葉賓當諮商。這家店以承接新羅酒店婚禮的伊巴吉訂單而聞名，因此我從一開始就對他們充滿信任。在諮商過程中，他們對婚禮伊巴吉的組成講解得非常透徹，對新郎伊巴吉（達巴吉）的指導也沉穩而周到。這讓我安心多了，因為我覺得我可以選擇既正式又真誠，又不至於鋪張的婚宴菜。附上婚宴菜色的菜單照片。巧的是，我聽說我到訪的那天新羅酒店正好有婚宴菜餚的自取服務。由於藝彬堂就在聖水站附近，取餐很方便，而且送餐速度似乎也比較快。我覺得它的地理位置也是一大優勢，方便依照婚禮行程安排行程。皇家特製海鮮三件式木盒。這套包括蒸章魚、醋鮑魚和烤大蝦。我聽說章魚是婚宴菜餚中不可或缺的食材，因為它像徵著力量和活力。醋鮑魚上撒著少許金箔，更是點睛之筆，讓餐桌佈置更顯奢華。特製什錦煎餅（韓式煎餅）。煎餅是家庭聚餐中不可或缺的菜色。這道菜的種類非常豐富，從韓牛煎餅到扇貝煎餅、鱈魚煎餅、香菇煎餅和蝦餅，應有盡有。每一塊都形狀規整，擺盤精緻，美得讓人捨不得吃。照片能充分展現出製作過程中傾注的心血嗎？韓牛片。光看韓牛片，就知道這道菜需要花很多心思。或許是因為上面撒滿了整粒芝麻，那濃鬱的芝麻香氣令人垂涎欲滴。想像一下，用牛肉包裹著新鮮的蔬菜和蘑菇，再沾上酸爽的芥末醬，真是令人食指大動。一道營養豐富的頂級美食，是婚宴餐桌上必備的佳餚。還有調味鰩魚刺身和紅燒牛小排。用韓國國產鰩魚，佐以環保韓國香料醃製而成的香煎鰩魚刺身，還有……一道家宴上不可或缺的菜餚……原本沒打算進去，但在聖水之行即將結束，前往地鐵站的路上，我們路過藝彬堂，便問我的日本朋友：“要不要晚去看看？”當時已經有點晚了，但還有不少甜點可供選擇。朋友們立刻讚歎道：「看起來好漂亮啊！」看來甜點的擺盤也很重要，哈哈。雖然我對甜點了解不多，但在點餐和飲料的時候，我還是和他們聊起了開城酒和開城藥果。看著黑米雲朵糕，我不禁想，他們以前是不是也賣過？畢竟距離上次來已經好幾個月了，記憶有些模糊，哈哈。藝彬堂的一大優點是桌椅擺放得很寬敞，而且在大廳裡還擺放了一棵聖誕樹。朋友們看照片時的姿勢不太自然……一杯美式咖啡、兩杯拿鐵，還有我們點的三份甜點都上來了。首先，我們品嚐了經典的韓國開城餅。平常我一個人吃的時候，都是用手抓著吃，但因為想讓兩個朋友也嚐嚐，所以我要了刀叉，把它切成兩半，然後一起分享。開城餅比較硬，所以切起來費了點勁，哈哈。接下來，我們一起分享了蘋果開城餅。上面撒著蘋果乾，酸甜可口，真的很好吃。最後是韓國開城藥果。因為我平常送人都是迷你藥果，所以他們很喜歡，說以前從來沒見過這種形狀的。其實，我也是第一次見到，哈哈。反正我剛好路過……多虧了這次停留，我才能向我的日本朋友介紹韓國甜點，而且我們度過了一段愉快的時光。以上就是我對位於聖水市的藝彬堂聖水總店的簡短點評，這家咖啡館是我自費光顧的。請多多按讚！藝彬堂是聖水市眾多咖啡館品嚐傳統韓式甜點的好去處。您可以品嚐到開城糕、藥果、年糕和韓果，禮盒也很漂亮。聖水咖啡館 開城糕 藝彬堂 傳統甜點咖啡館。 Lime的餐廳評論：自費體驗。身為一個每天都為吃什麼而煩惱的上班族，我會向大家推薦一些我覺得不錯的店。這些都是我自費體驗的真實點評，但我也歡迎與店主合作。請聯絡我！地址：首爾市區東區聖水路87號聖文大樓1樓。營業時間：週一至週五 08:00 - 21:30（最後點餐時間 21:00）。週末營業時間：09:00 - 21:30（最後點餐時間 21:00）。停車：店前可停兩輛車，但車位緊張，建議搭乘大眾運輸工具。環境：店內環境舒適，以木質和象牙色為主色調。菜單：開城餅。基本款餅呈圓形，有多種可愛造型。金桔餅 3,700 韓元，核桃餅 3,200 韓元。花餅有多種顏色，每份 2,500 韓元。開城藥果，一種糕點，售價 3,300 韓元。年糕種類：年糕包含多種餡料，例如 Shine Muscat 葡萄、起司和巧克力，大小適中，一口一個。禮盒：種類繁多，包括開城棗禮盒、開城藥果禮盒、羊羹禮盒、包含薑茶和正果的茶禮盒、花鬆餅禮盒、手工牛肉乾禮盒、雲朵年糕禮盒和杜圖布年糕禮盒。它們不僅外觀精美，而且製作精良，是饋贈佳品。雲朵年糕上點綴的棗花更添幾分雅緻。寶石般的羊羹也十分漂亮。我很好奇包袱皮是如何打得如此精緻，宛如一朵盛開的花朵。開城棗也十分精美，棗子被巧妙地排列成蘋果梗的形狀。金桔的點綴更添清爽之感。五彩繽紛的花朵也為整體增添了視覺享受。我注意到，只有咖啡和薄荷茶是不加糖的。以下是優缺點總結！我喜歡的地方：1）它們以現代手法重新詮釋了傳統的韓國甜點。由於很多外國人都會去聖水站，我覺得這家店很有意義。 2）禮品套裝種類多。 3）甜點顏值很高，非常適合拍照上傳到Instagram。它們的精美程度讓人忍不住想拿出相機。我不喜歡的地方是：1）我希望有更多無糖茶的選擇，因為甜點本身就很甜。 2）店裡人很多，比較擁擠混亂。 3）因為我是下午去的，很多貨架都空了，選擇有限。 Yebindang Seongsu Cafe Seongsu-dong Cafe Seongsu Station Cafe Gaeseong Juak K-Dessert Gaeseong Yakgwa 推薦閱讀","개성주악, 개성약과, 꽃송편, 버터떡, 두쫀떡, 백설기, 호박설기, 누텔라설기, 두텁떡, 약식, 구름떡, 콩가루 인절미, 앙버떡, 율고, 유과, 깜놀쿠키, 현미바크초코 등 매대에 다양한 코리안 디저트를 판매합니다.
(계절에 따라 디저트가 조금씩 변경됩니다.)

안녕하세요
코리안 디저트 카페 예빈당(yebindang) 입니다.
우리 전통 음식과 커피와의 만남으로 우리 음식을 트렌드하게 접할 수 있는 카페입니다.
혼례음식부터 선물세트, 그리고 코리안 디저트 카페까지, 예빈당은 대중화에 앞장서서 새로운 문화로 자리잡는데 기여하고 있습니다.

선물 세트 및 답례품 등은 예약 주문으로 진행하고 있으며, 이바지 음식 및 폐백음식은 1대1 맞춤 상담으로 진행 되오니 02-3443-5542로 연락하여 예약바랍니다.",,예빈당 성동구,
고호재 롯데월드몰점,豪豪齋樂天世界購物中心分店,"카페,디저트",咖啡館，甜點,영업 중,358,113,서울 송파구 올림픽로 300 5층,,잠실역 2번 출구에서 20m,,영업 중 21:30에 라스트오더,0507-1334-4561,,"단체 이용 가능,포장,남/녀 화장실 구분,대기공간,간편결제,주차",,"아포카토 7000
꽃차세트 12000
계절꽃차 8000
매실에이드 7000
매실차 6000
약과크럼블아이스크림 7000
딸기설기 4000
작은단지상(1인) 12000
매화세트(2인다과상) 15000.0
떡와플구이세트(음료선택) 14000.0
떡와플구이 11000.0
인절미크로플 12000
오미자에이드 7000.0
개성주악 3700
흑임자크로플 12000
오리지널 크로플 10000
카라멜마끼아또 6500.0
대추차 6500
생강라떼 6500
초코라떼 6000.0
말차라떼 6000.0
흑임자라떼 6000.0
아메리카노 5500.0
인절미크로플 12000.0
옛날팥빙수 14000.0
고호재 애프터눈티 20000.0","阿芙佳朵 7000

花茶套餐 12000

時令花茶 8000

梅子茶 7000

梅子茶 6000

藥果碎冰淇淋 7000

草莓雪糕 4000

小罐裝茶具（單人） 12000

梅花茶具（雙人） 15000

烤年糕華夫餅套餐（含飲品） 14000

烤年糕華夫餅 11000

年糕酥皮塔 12000

五味子茶 7000

開城酒 3700

黑芝麻酥皮塔 12000

原味酥皮撻 10000

焦糖瑪奇朵 6500

紅棗茶 6500

薑拿鐵 6500

巧克力拿鐵 6000.0

抹茶拿鐵 6000.0

黑芝麻拿鐵 6000.0

美式咖啡 5500.0

年糕 12000.0

傳統紅豆刨冰 14000.0

五福齋下午茶 20000.0","잠실 롯데월드몰 카페 잠실 롯데월드몰 카페 고호재 한국식 다과상이 있는 곳 이번 포스팅에는 이런 내용이 담겨있어요. 잠실 롯데월드몰 카페 추천 및 소개 고호재 2인 다과상 후기 안녕하세요! 먹고 노는 여행에 진심인 여행인플루언서 지인입니다. 오늘은 쇼핑몰의 활기찬 분위기도 좋지만 그 안에서 차 한잔의 여유를 즐길 수 있는 카페를 소개해볼게요. 잠실 롯데월드몰 고호재 1. 잠실 롯데월드몰 카페 추천 및 소개 잠실 롯데월드몰은 생겨난 이래로 올데이 핫플이죠. 쇼핑하고 영화보고 밥도 먹고 차도 마시고 모든 것을 할 수 있는 실내 공간! 오늘은 여기서 여유롭게 차 한잔을 즐길 수 있는 한식 다과상이 있는 카페를 추천해봐요. 위치 및 찾아가는 법 고호재는 롯데월드몰 5층에 위치하고 있습니다. 에스컬레이터를 타고 올라와 식당가 안쪽으로 들어오면, 갑자기 분위기가 바뀌며 조용한 섬 같은 곳이 있는데 그곳이 바로 고호재입니다. 잠실 고호재 주소: 서울 송파구 올림픽로 300 롯데월드몰 5층 영업시간: 매일 10:30 22:00 (라스트오더 21:00) 주차: 롯데월드몰 주차장 이용 가능 (유료) 인테리어 역시 일반 카페보다는 조금 더 한옥의 미가 가미된 듯한 느낌이 들어요. 잠실 고호재 고호재는 전통카페 컨셉 그대로 다양한 한식 다과상이 준비되어 있는데요. 다양한 전통차 외에도 커피 메뉴도 있기 때문에 누구나 방문하기 좋은 카페였어요. 잠실 고호재 저는 매화세트(2인 다과상)을 주문했습니다. 2인 가격 2만원에 한식 다과까지 제공되는거면 진짜 가격도 혜자인 느낌이 들더라고요. 2. 고호재 2인 다과상 후기 고호재 2인상 메뉴 구성과 맛 이번 방문에서는 매화세트(2인 다과상)을 주문했습니다. 소반 위에 정성스럽게 차려져 나오는 모습이 마치 귀빈 대접을 받는 듯한 기분을 들게 해요. 구성: 계절에 따라 조금씩 변동이 있지만, 보통 제철 과일 정과, 떡, 한과, 그리고 따뜻한 차가 함께 제공됩니다. 다과: 인위적인 단맛이 아니라 재료 본연의 맛을 살린 고급스러운 달콤함이 특징입니다. 특히 쫄깃한 식감의 떡과 바삭한 정과 등 여러가지 메뉴를 조금씩 맛볼 수 있어서 가볍게 차와 즐기기 완벽한 구성이었어요. 차(Tea): 깊은 풍미를 자랑하는 전통차는 다과와 함께 곁들였을 때 입안을 깔끔하게 정리해 줍니다. 저는 이날 배도라지차를 선택했는데요. 의외로 쓴맛이 거의 없이 도라지 향과 은은한 단맛이 감돌아서 좋더라고요. 총평 및 꿀팁 잠실에서 흔한... 충무로에 위치한 한국의집 고호재는 한옥에서 공연과 궁중 다과를 코스로 즐길 수 있어서 예약하기 어려울 정도로 인기였는데요 현재는 리모델링 관계로 휴관이라 아쉬웠는데 잠실 롯데월드타워에 고호재 카페가 있어서 티타임 즐기고 왔습니다 고호재 롯데월드몰점 잠실 전통 카페 궁중 다과 디저트 찻집 잠실 고호재는 롯데월드몰 5층에 있습니다 고호재 롯데월드몰점 서울 송파구 올림픽로 300 5층 0507-1334-4561 10:30 - 22:00 라스트 오더 21:30 유료 주차 가능 내부 내부는 전통카페 느낌보다는 일반 카페 분위기였어요 편하게 자리 잡고 주문 고고 메뉴 가격 정보 고호재 롯데월드몰점은 전통차, 꽃차, 커피, 음료, 디저트의 종류가 다양해서 2인 세트로 주문했습니다 주문한 메뉴 고호재 애프터눈 티 세트 총 20,000원 티 세트 전통 디저트 카페 고호재 세트 메뉴 애프터눈 티 세트 2인 20,000원 매화 세트 2인 15,000원 작은 단지상 1인 12,000원 떡 와플 구이 14,000원 디저트 다식, 약과, 설기 같은 다양한 전통 디저트와 현대적인 크로플, 케이크, 빙수 메뉴가 있어서 취향껏 고르기 좋겠죠 주문 후 진동벨 받아왔습니다 자리 없어서 구석에 테이블 겨우 잡았네요 ㅎㅎ 우리의 한상 금귤정과, 호두, 연근 떡, 곶감 단지, 두텁떡 애프터눈 티 세트 주문하면 차는 전통차에서 1개 고를 수 있어서 장수차로 골랐습니다 무병장수해야지... ㅋㅋ 차는 티팟의 용량이 크지 않아서 둘이 마시기에 살짝 부족했어요 커피나 다른 음료를 추가하면 좋을 것 같아요 잎차가 아닌 티백이라 아쉬웠지만 장수차의 진한 맛은 괜찮았습니다 총평 잠실 롯데월드타워 카페 고호재에서 티타임을 가졌는데요! 저녁 시간에 카페인 부담 없어서 좋았습니다 다음에는 디저트 단품에 따뜻한 차를 마셔야겠어요 서울 잠실 롯데월드몰 5층 카페 고호재 전통차와 전통 디저트 원기차 쌍화대추차 쑥인절미 잠실 롯데월드몰 6층에서 곰탕 먹고 카페 방문하는데 역시나 많은 카페들이 만석이에요 전통 디저트 궁중 다과 카페 고호재는 조금 여유가 있네요 위치는 좋은데 옛 것이라는 이미지 때문인지 어른들과 외국인 관광객분들이 많아요 고호재 롯데월드몰점 서울 송파구 올림픽로 300 롯데월드몰 5층 2.8호선 잠실역 2번 출구에서 20m 0507-1334-4561 매일 10:30 22:00 라스트 오더 21:30 유료 주차 가능 고호재는 사람들이 많이 지나다니는 길목 중앙에 위치해 있어서 사방이 뚫려 있어서 답답하지 않아요 안쪽 구석에 명당자리 발견해서 찜하고 주문해요 대화 나누기 정말 좋은 짱 박혔지만 개방감이 좋은 좌석이에요 고호재는 옛 것을 좋아하는 이들의 집이라는 뜻으로 도심 속에서 즐길 수 있는 한국의 집 전통 디저트 궁중 다과 카페입니다 아메리카노 마시러 왔다가 메뉴판 보고 생각이 달라졌어요 몸에 좋은 따뜻한 차를 마시기로 했어요 원기회복을 위한 원기차와 쌍화대추차를 주문하고 쑥인절미가 맛있다고 해서 추가해요 언니가 팥빙수도 맛나다고 해요 곰탕 먹고 몸을 뜨끈하게 했으니 오늘은 따뜻한 차로 결정했어요 디저트도 다양하게 많네요 궁중 다과도 궁금해요 프리미엄 궁중다과 고호재에서 맛난 디저트들을 먹어보세요 대추차, 원기차, 쑥인절미에요 쌍화대추차 6.50 대추가 둥둥 견과류도 둥둥 원기차 6.0 당귀, 천궁, 지황, 계피로 우려진 전통차 쑥인절미 4.50 팥이 들어간 쑥으로 만든 인절미 원기차는 쓰지 않고 당귀, 천궁, 지황, 계피가 들어가서 인지 약간의 달달한 맛도 있고 계피향도 나고 일반인들도 마시기 좋은 농도의 한약재를 사용한 것 같아요 쑥인절미에 팥이 많이 들어 있어서 맛있어요 팥이 많이 달지 않고 인절미 콩가루가 있어서 고소해요 전통찻집 전통 카페 새로운 경험이었어요 현대적인 세련된 분위기 안에서 전통의 맛을 느낄 수 있어서 더욱 좋았던 것 같아요 커피를 좋아하지 않으시거나 커피를 여러 잔 마시지 않아서 다른 음료를 찾으신다면 몸에 좋은 전통차를 드셔보세요 국밥 먹고, 전통차 마시고, 한복 구경한 어느 날 계획에 없었는데 하루를 지내고 보니 옛 것을 좋아하는 사람의 일상을 보냈네요","蠶室樂天世界購物中心咖啡廳，蠶室樂天世界購物中心咖啡廳 Gohojae：一家提供韓式下午茶的咖啡廳。本文內容包括：蠶室樂天世界購物中心咖啡廳推薦及介紹，以及 Gohojae 雙人下午茶體驗。大家好！我是 Jiin，一位熱愛美食和旅行的旅遊部落客。今天，雖然我喜歡購物中心熱鬧的氛圍，但我想為大家介紹一家可以享受寧靜茶飲時光的咖啡館——蠶室樂天世界購物中心 Gohojae。 1. 蠶室樂天世界購物中心咖啡廳推薦及介紹。蠶室樂天世界購物中心自開幕以來一直是全天候的熱門去處。這是一個集購物、看電影、吃飯和喝茶於一體的室內空間！今天，我推薦一家提供韓式下午茶的咖啡館，您可以在這裡悠閒地享用一杯茶。地點與交通：Gohojae 位於樂天世界購物中心 5 樓。搭乘扶梯上去進入美食廣場後，氣氛突然轉變，彷彿置身於一座靜謐的島嶼──這就是Gohojae。蠶室Gohojae

地址：首爾市松坡區奧林匹克路300號樂天世界購物中心5樓

營業時間：每日10:30 - 22:00（最後點餐時間21:00）

停車：樂天世界購物中心停車場（收費）

店內裝潢與其說像咖啡館，不如說更像韓屋（韓國傳統房屋）的風格。

蠶室Gohojae

Gohojae秉承傳統咖啡館的概念，提供各種韓式茶點套餐。除了各種傳統茶飲外，他們還提供咖啡，因此是一家適合所有人的咖啡館。

蠶室Gohojae

我點了梅花套餐（雙人茶點套餐）。考慮到兩人份的韓式點心套餐僅需20,000韓元，這個價格真的非常划算。

2. 高好齋雙人茶點套餐評測

高好齋雙人套餐菜單及口味

這次我點了梅花套餐（雙人茶點套餐）。精緻的小桌擺放方式讓人感覺像貴賓一樣。套餐內容：雖然會根據季節略有不同，但通常包含時令果醬、年糕、傳統韓式點心和熱茶。點心：甜度適中，突顯了食材的天然風味，而非人工甜味。尤其值得一提的是，可以品嚐到各種小份量的點心，例如軟糯的年糕和酥脆的果醬，非常適合搭配茶飲享用。茶：這款傳統韓式茶口感醇厚，與點心搭配飲用，清爽宜人。那天我點了梨子桔梗根茶；出乎意料的是，我很喜歡它，因為它幾乎沒有苦味，只有淡淡的甜味，而且空氣中還瀰漫著桔梗根的香氣。點評與小貼士：蠶室的特色…位於忠武路的「韓國之家」－高湖齋（Gohojae）非常受歡迎，很難預約，因為可以在韓屋裡欣賞表演並品嚐皇家茶。可惜的是，它目前正在裝修，暫時關閉。不過，我發現蠶室樂天世界購物中心也有一家高湖齋咖啡館，於是就去那裡喝茶了。高湖齋樂天世界購物中心店：蠶室傳統咖啡廳、皇家茶、甜點、茶館。高湖齋蠶室店位於樂天世界購物中心5樓。高湖齋樂天世界購物中心店：首爾市松坡區奧林匹克路300號5樓。電話：0507-1334-4561。營業時間：10:30 - 22:00，最後點餐時間 21:30。提供付費停車位。店內環境：店內氛圍更像一家普通的咖啡館，而非傳統咖啡館。我找到一個舒適的座位，然後去點餐。菜單及價格資訊：由於 Gohojae 樂天世界購物中心分店提供各種傳統茶飲、花茶、咖啡、飲料和甜點，我點了一份雙人套餐。訂購菜單：Gohojae 下午茶套餐。總價：20,000 韓元。茶飲套餐，傳統甜點咖啡館。高好齋套餐菜單

雙人下午茶套餐：20,000韓元

雙人梅花套餐：15,000韓元

單人小罐套餐：12,000韓元

烤年糕華夫餅：14,000韓元

甜點種類繁多，既有大食、藥果、雪糕等傳統甜點，也有可頌、蛋糕、刨冰等現代選擇，您可以根據自己的喜好挑選。點餐後，我收到了一個震動提醒器。當時沒有空位，我好不容易才搶到一張角落的桌子，哈哈。

我們的下午茶：蜜餞金桔、核桃、蓮藕年糕、柿餅罐、豆糕。

點下午茶套餐時可以選擇一種傳統茶，所以我選了長壽茶。希望自己能健康長壽……哈哈。

茶壺容量不大，兩個人喝有點不夠。我覺得加點咖啡或其他飲料會更好。茶包是茶包而不是散裝茶葉，這有點小失望，不過長壽茶的味道很濃鬱。

整體評價：我在蠶室樂天世界大廈的Gohojae Cafe享用了下午茶！晚上不用擔心咖啡因攝入，感覺真好。下次我想試試點一份甜點配熱茶。 Gohojae Cafe位於首爾蠶室樂天世界購物中心5樓。提供傳統茶飲和傳統甜點：圓基茶、雙花紅棗茶和艾草年糕。在樂天世界購物中心6樓吃完牛骨湯後，我去了另一家咖啡館，不出所料，很多咖啡館都客滿了。 Gohojae Cafe是一家傳統甜點和皇家點心咖啡館，人相對少一些。這家店位置不錯，但或許是因為其復古的形象，所以顧客以成年人和外國遊客為主。 Gohojae 樂天世界購物中心店：首爾市松坡區奧林匹克路300號樂天世界購物中心5樓。距離蠶室站（2號線和8號線）2號出口20公尺。電話：0507-1334-4561。營業時間：每日10:30-22:00，最後點餐時間21:30。提供收費停車位。 Gohojae位於一​​條繁忙的步行街中央，四面開放，並不顯得擁擠。我在角落找到一個絕佳的位置，坐下後點了餐。這裡非常適合聊天——既隱蔽又開闊。 Gohojae適合喜歡復古事物的人。店名意為“他們的家”，這是一家位於市中心的傳統韓式甜點和皇家茶飲咖啡館。我本來是來喝美式咖啡的，但看了菜單後改變了主意。為了身體健康，我決定喝點熱茶。我點了元奇茶和雙花紅棗茶補充能量，還加了一份艾草年糕，因為聽說很好喝。妹說刨冰也很好吃。因為吃了牛骨湯後身體暖和了，所以今天決定喝熱茶。這裡甜點種類繁多，我對皇家茶也很有興趣。來Gohojae這家高級皇家茶店嚐嚐美味的甜點吧。這是紅棗茶、元奇茶和艾草年糕。雙花紅棗茶6.50（裡面漂浮著紅棗和堅果）。元奇茶6.0（用當歸、川芎、地黃和肉桂沖泡的傳統茶）。艾草年糕 4.50（艾草製成，內餡為紅豆泥）。元奇茶並不苦澀；或許是因為其中含有當歸、川芎、地黃和肉桂，所以口感略帶甜味，並散發著肉桂的香氣。看來他們使用的藥材濃度適中，適合多數人飲用。艾草年糕味道鮮美，因為裡面有很多紅豆泥。紅豆沙甜度適中，豆粉則增添了一絲堅果的香味。參觀傳統的茶館和咖啡館是一次全新的體驗。我覺得更棒的是，我可以在現代而精緻的氛圍中品嚐到傳統的味道。如果您不喜歡咖啡，或不常喝咖啡，正在尋找其他飲品，不妨嘗試健康的傳統茶飲。吃湯飯、喝傳統茶、看韓服——這些都不在我的計畫之內，但回想這一天，我意識到我度過了一個懂得欣賞過去事物的人的人生。","고호재는 '옛 것을 좋아하는 이들의 집' 이라는 뜻으로
도심 속에서 즐길 수 있는 한국의 집 전통 디저트 궁중 다과 카페입니다",,고호재 송파구,
묘방,妙邦,"카페,디저트",咖啡館，甜點,영업 중,219,29,서울 송파구 송파대로 455,,석촌역 8번 출구에서 224m,,영업 중 20:00에 영업 종료,0507-1472-9604,https://blog.naver.com/myobang,"포장,예약,간편결제,주차",,"개성약과 3500
개성주악 3000
인절미(한줌) 3000
인절미(두줌) 5000","開城藥果 3,500
開城酒樂 3,000
Injeolmi（一把）3,000
Injeolmi（兩把）5,000","석촌역에서 석촌호수 가는길 신상 한식디저트 맛집을 발견했어요. 묘방 이라는 달토끼가 예쁘게 그려진 곳이었는데요. 떡과 한과를 아기자기하게 판매하고 있었어요 ! 카스테라 인절미 킬러인 저로써는 인절미를 판다는데 가보지 않을수가 없더라구요 ㅋㅋ 한식 디저트 맛집 묘방 위치 8,9호선 석촌역 8번출구에서 도보로 10분거리에 위치해 롯데타워가 잘 보이는 큰 도로가에 있더라구요. 찾기도 엄청 쉬웠어요 ! 여유롭게 오전에 방문했는데 사장님께서 금귤정과 작업을 하고 계시더라구요 ! 하나하나 정성스레 포장하시는 모습을 보고 오,, 다 먹어봐야겠는데 싶었습니다 ㅋㅋ 개성약과가 맨 위에 있어서 시그니처 메뉴인가 했는데, 딱 맞더라구요 !! 페스츄리처럼 겹겹으로 쌓아진 전통약과인데 조청에 집청해서 은은한 단맛이 일품이라고 설명해주시던 ㅋㅋ 계피, 유자, 라즈베리가 있어서 먼저 하나씩 겟 !! 하나하나 정성스럽게 포장된 모습에 선물상자를 포장하기로 했어요. 때마침, 저녁에 오랜만에 지인을 만나기로 해서 선물하면 좋겠다 싶더라구요 ! 상자에 들어갈 수 있을만큼 구성할 수 있었어요 :) 좋아하는 인절미는 빼놓지 말고 카스테라로 찜해서 두 줌 ! 한 줌은 3,000원 두 줌은 5,000원 이에요 주문 즉시 바로 썰어서 주는게 최고 !! 판매하고 있는 메뉴들을 전시대에 전시를 해놓아서 마치 박물관과 같은 느낌이 나더라구요. 한국 문양이 돋보이는 식기에 하나하나 담겨져 정성스러움이 한층 더 느껴졌어요. 상자 크기별로 선물세트를 구성할 수 있었는데요. 고급스럽게 보자기 포장도 추가할 수 있더라구요. 상견례나 돌잔치 답례품으로 손색이 없던 구성이라 눈여겨 볼만 했습니다. 개성약과부터 개성주악, 쑥설기 금귤정과, 호두정과 등 판매하고 있는 제품들을 짜임새있게 구성하여 큰 상자 하나에 담았어요. 사장님께서 멋스럽게 포장해주셨답니다. 저희는 보자기 포장은 제외하고 상자까지만 포장했어요 ! 간판 아래 우직하게 밭쳐주는 기와의 부드러운 곡선이 돋보이는 묘방 잠실 롯데타워나 석촌호수와도 가깝답니다 ! 저는 오후에 영화 예매를 해놔서 팝콘대신 카스테라 인절미를 먹으며 프로젝트 헤일메리를 봤어요 :) ㅎㅎ 우정이 싹튼 우주공간 드나들다보니 두 줌이었던 인절미 완전 순삭 !! 저녁에 지인을 만나 낮에 포장했던걸 선물했더니 너무 좋아하더라구요 ! 평소에도 디저트를 좋아하는데 야무진 구성에 고급스러워서 자기도 한 번 가봐야겠다며 특히, 금귤정과가 새콤하고 달달하니 3월에만 나오는... 안녕하세요 보은입니다 : ) 오늘은 간만에 식물말고 일상으로 왔슴다용!!! 네 안녕하세요 귀염둥이 입니다 캬캬캬캬캬 나이가 드니... 안먹으면 힘들고 먹으면 속아프고.. 네.. 아침밥도 챙겨 먹어야 하나 싶어지는 날이네요 흑흑 하지만 또 자리만 비우면 올려져있는 아가들의 사랑... 고맙다.. 열심히 일 하란거지 ? 나만의 동갑이.. 커피사주기 사수.. 역시 회식부장님 다운 멋있는 카리스마.. 점심시간에 잘라고 담요챙겨서 화장실 갔다가 자야지 했는데.. 정영콩씨 어서 해명하세요 ..사죄의 의미인가요 예쁘게 접으셨군요 정방어회식부장님과의 동침 귀여워ㅠㅠㅠㅠㅠㅠㅠ 그치만 펼칠게요 찡긋 ) 아니지.. 제 담요를 이용하신거 잊지않겠어요 아좌좌!! 우리는 하나!! 각일병인데 같은걸로 마셔!!!! 잊지 않기로 하고 회식 시킴.. 강쥠뉨 없는날은 역시 해산물 야호 맛도리 여기 줄서야 한다고 해서 저번에 못먹었는데 그닥... 줄서서 먹을정도는 아니었음 2차 야호 노르웨이곱창 싸요싸! 근데 전 인절미 떡에 가루 거절합니다 오메 애기들 회사 옆에 백화점에서 일하는데 쉬는시간 생긴하고 바로 음료들고 찾아오는 이.. 예뿐넘들... ㅠㅠ 랍스터 테일 생겼다고 학교 점심시간에 와서 밥해주는 졸업생... 흑흑흑 아웃백 랍스터테일 쵝오 누가누가 잘했나 애들아.. 짜.. 기미보은 .. 출동... 버꾸 기사님 기여워요 키키키 애기가 들꽃을 주며 다음엔 더큰 꽃으로 드릴게요!! 라고 스윗하게 갔다 서울 벚꽃 다 질도록 못봄... 그래서 집으로 벚꽃놀이 옴 ㅑㅋ캬캬캬 미친.. 개예쁨.. 역시 집앞이 짱이야,. 젊커 들이.. 거의 뭐.. 데이트하듯 찍던데.. 집앞이라 엄마옷 입고 나가서 찍었다... 엄마를 찍은거임.. 벚꽃말고.. 엄마... ㅋㅋㅋㅋㅋㅋㅋㅋㅋㅋㅋㅋㅋㅋㅋㅋㅋㅋ 서로 찍어주다갘ㅋㅋㅋㅋㅋㅋㅋㅋㅋ 엄마 와다다다다다 난리남... 자동자 엔진 브금.. 소리 꺼진건가.. 블로그 동영상올리기 쉽지않네 그래도 예뿌당 히히히 장소궁금한사람 댓글다세요 권사니겅듀넴이 알려준 우리집 포토스팟 겟마을차차차대신 다른 선호가 찍은 포토스팟입임ㅎㅎ 야호 냥히씨 안냐세요 하루 죙일 식빵을 구우시네여 엄마랑 7시에 눈떠서 아침먹자마자 수목원가서 식물쇼핑.. 굳굳 할머니와 드롸이브를 위한 바다가기 날씨 진짜 미먼제로 최고 간만에 일하기 물론 일은 신두선호님이 다 하신거같음... 신두선호님... 고생하셨습니다 딸기랑 애플포도 머거떠염 기대해서그런가.. 실망해떠여..하하하하하하 하기싫은.. 추우우우울근...... 출근 하자마자 꽃들고 서있는 아가..... 여러분 안녕하세요 제가 정말 좋아하는 5월 가정의 달을 맞아 5월 첫게시물을 써봅니다 오늘은 석촌에 새로 생긴 답례품 맛집 묘방 후기글을 써볼게요! 사실 너모 맛있어서 2틀 연속 방문했지롱 길가다가 허기지는데 전날 티비에서 생활의 달인 떡시루 편을 보고 잤던 나! 길가다가 못보던 떡집이 있는 것임 그래서 홀린듯이 냅다 들어갔다지 정갈하게 진열된 떡들! 인절미, 약과, 다식등을 판매중 인절미는 콩가루,흑임자,카스테라 있음 아니 포장도 너모 기욥자나요 ㅋㅋㅋㅋㅋ 다식도 정갈하니 너모 귀여웠고 정과랑 약과도 있어서 답례품으로 선물하기도 너모 좋아 보였음 !!!!! 답례품으로 추천하는 이유! 예쁘게 받는 사람 기분좋게 골라서 포장도 할 수 있음 사실 첫날엔 쑥버무리를 머겄음! 안에 콩이랑 쑥도 많았고, 다른 떡집대비 덜달아서 아주 기분좋게 먹었음 그이유가 재료를 보니 아주 이해가 가는군 (맛있어서 사진도 안찍고 먹은 나,,,) 사장님이 인절미 썰어주시는 동안 귤피차 마시기 쌉쌀하니 건강해지는 맛 ㅋㅋㅋㅋㅋ 그나저나 떡집 곳곳에 사장님 센스가 느껴지세요 하나는 친구꺼라 포장도 이쁘게 해주심! 흑임자엔 검정 스티커 붙여주시고 확실히 사장님 센스 있으셔 아니 완전 인생 인절미 등극 부드럽고 촉촉한게 내취향 등극! 다음엔 두줌으로 먹을테야 기분좋은 답례품, 석촌 떡 맛집 찾는다면 묘방 꼭 가보세용 여러분 그럼 5월도 건강하고 좋은 일들로 가득 채우자구용",從石村站到石村湖的路上，我發現了一家新的韓國甜點店。店名叫妙方（Myobang），店面招牌上畫著一隻可愛的月兔。他們家賣各種精緻的年糕和傳統韓式甜點！身為卡斯蒂拉蛋糕和年糕的忠實粉絲，聽說他們家有年糕，我簡直無法抗拒。妙方距離石村站（8號線和9號線）8號出口步行約10分鐘，位於一條主幹道上，可以遠眺樂天塔，非常容易找到！早上悠閒地去的，看到老闆正在準備蜜餞金桔。看著他們小心翼翼地包裝每一個金桔，我心想：「哇，每一樣都要嚐嚐！」看到開城藥果擺在最上面，我猜想這應該是他們的招牌甜點，果然不出所料！他們解釋說，這是一種傳統的藥果，像糕點一樣一層層堆疊，表面裹著糖漿，甜度適中，味道精緻絕倫。他們有肉桂、柚子和覆盆子三種口味，所以我每種都先拿了一個！因為每樣東西的包裝都非常用心，所以我決定買個禮盒。碰巧晚上我要和一位熟人見面，我覺得這會是一份完美的禮物！我精心挑選了一些可以裝進盒子裡的東西。我當然沒有漏掉我最愛的年糕，還選了兩把卡斯蒂拉蛋糕！一把3000韓元，兩把5000韓元。最棒的是，他們會在你下單後現切！他們把菜單上的菜色擺放在展示架上，營造出一種博物館般的氛圍。每道菜都盛放在帶有精美韓式圖案的餐具中，更讓人感受到他們的用心和用心。你可以依照盒子大小訂製禮盒，我還注意到還可以選擇加裝精美的包袱布。這些禮盒組合非常適合正式的家庭聚會，或者作為寶寶一周歲生日的感謝禮物，所以絕對值得一看。我把他們的產品──從開城藥果、開城酒到艾草雪琪、金桔正果、核桃正果──整齊地擺放在一個大盒子裡。店主幫我們精心包裝了一番。我們最後決定不加包袱布，只讓店家把盒子包裝好！妙方屋最引人注目的是屋頂瓦片柔和的弧線，穩穩地支撐著招牌。它離樂天塔蠶室和石村湖也很近！我下午訂了電影票，所以沒吃爆米花，而是一邊吃著卡斯蒂拉年糕，一邊看了《Project Hale Merry》:) 哈哈。當我進出這個友誼萌芽的空間時，那兩把年糕瞬間就消失了！ ！晚上我遇到了一個熟人，把之前準備好的東西送給了她，她很喜歡！她平常喜歡甜點，但因為這次的甜點擺盤精緻又奢華，她也說想來嚐嚐。特別是糖漬金桔，酸甜可口，而且只有三月才有……大家好，我是寶恩：）今天，好久沒發植物帖了，這次發的是日常生活帖！ ！ ！是的，大家好，我是可愛哈哈。年紀大了……不吃飯會很難受，吃了又會肚子痛……是啊……今天我甚至在想，我到底該不該吃早餐。嗚嗚嗚。但只要我一離開，就能感受到孩子們滿滿的愛……謝謝……你們的意思是說我應該努力工作，對吧？我唯一的同齡朋友……保證會請我喝咖啡……果然，不愧是晚宴經理，魅力十足……午休的時候我拿了條毯子去洗手間睡覺……鄭永孔先生，請你解釋一下……這是道歉嗎？你疊得真好。和晚宴經理鄭方玉一起睡覺，好可愛ㅠㅠㅠㅠㅠㅠㅠㅠ 不過我會展開的。 *wink*) 不，等等……我不會忘記你用了我的毯子。走吧！ ！我們是一體的！ ！我們一人點了一瓶，那就喝一樣的吧！ ！ ！ ！答應了不會忘記的話，我點了晚餐……沒有康鎮的日子，當然是吃海鮮啦。耶，真好吃。上次聽說要排隊，所以沒來吃，但其實也沒那麼好吃……不值得排隊。第二次，耶！挪威牛肚，好便宜！但我拒絕在年糕上撒粉。天哪，這些孩子在我公司隔壁的百貨公司工作，一休息就帶著飲料過來了……這些漂亮的小傢伙們……ㅠㅠ 一個畢業生說他們有龍蝦尾，所以午休時間過來做飯……嗚嗚。 Outback的龍蝦尾最棒了。大家覺得誰做得最好…鹹的…品嚐…該走了…司機Bukku好可愛，嘿嘿嘿。一個孩子送了我一朵野花，然後甜甜地說：「下次我給你摘更大的花！！」 在首爾，我直到櫻花凋謝才看到櫻花……所以我回家賞櫻了，哈哈。太瘋狂了……好美……果然，我家門前的景色最美。年輕人……像在約會一樣拍照……因為就在我家門口，我就穿上媽媽的衣服出去拍照……我拍的是我媽媽……不是櫻花……而是我媽……哈哈哈哈哈哈。我們互相拍照，然後…媽媽突然發瘋，發出很大的噪音…汽車引擎的背景音樂…聲音是不是關掉了…把影片上傳到部落格真不容易。不過，畫面很美，嘿嘿。如果有人好奇這是哪裡，請留言。這是權公主跟我說的我家附近的拍照點。不過，這是另一張Seonho拍的，不是Getmaeul Chachacha，嘿嘿。耶！你好，娘熙。你今天烤了一整天的麵包。早上7點和媽媽一起起床，吃完早餐就去植物園買植物……真好。和奶奶一起去海邊兜風。天氣真的沒有細懸浮微粒，太棒了。好久沒工作了。當然，感覺好像申鬥善浩把所有活都乾完了……申鬥善浩……你辛苦了。我吃了草莓和蘋果葡萄。可能是因為太期待了……有點失望……哈哈哈。我不想乾……太懶了……我一到公司，寶寶就拿著花站在那裡……大家好！為了慶祝我最愛的五月家庭月，我寫下了這個月的第一篇文章。今天，要評測一下石村新開的妙方，一家非常適合送答謝禮物的店！其實，它太好吃了，我連續去了兩天。那天晚上，我看完《生活大師》裡關於蒸年糕的那一集後就睡著了，走在街上感覺很餓！我看到一家以前沒看過的蒸年糕店，就像著了魔一樣走了進去。年糕擺放得整整齊齊！他們家賣年糕、藥果、大食等等。年糕有豆粉、黑芝麻和卡斯蒂拉口味。包裝也太可愛了吧？哈哈。大食也很精緻可愛，而且他們家還有正果和藥果，感覺很適合送答謝禮物！這也是我推薦它作為答謝禮物的原因！你可以挑選禮物，而且包裝精美，收禮者一定會很開心。其實，第一天我買了艾草年糕！裡面有很多豆子和艾草，和其他年糕店相比，甜度低很多，我很喜歡。看了成分錶，我完全理解為什麼了。 （太好吃了，我都沒拍照就吃完了……）老闆在切年糕的時候，我喝了一杯橘皮茶。味道有點苦，感覺很健康，哈哈。總之，從店裡的每個角落都能感受到老闆的品味。其中一份是買給我朋友的，他們還特地包裝得非常精美！連黑芝麻口味的都貼上了黑色標籤；老闆的品味真是沒話說。說真的，這已經是我吃過最好吃的年糕了。口感軟糯濕潤，完全符合我的口味！下次我一定要買兩把。如果你想在石村找一份貼心的感謝禮物或是一家美味的年糕店，那就一定要去妙方。祝大家五月健康快樂！,"Sticky all day!'
쫀쫀한 떡처럼, 주고받는 마음속에 우리의 인연도
매일 조금씩 더 끈끈하게 깊어지길 소망합니다.

안녕하세요
정성을 빚는 한식 디저트 공간 '묘방'입니다
'묘방'은 단순히 간식을 만드는 곳을 넘어,
우리 전통의 맛을 현대적인 감각으로
재해석하여 떡과 한과를 만듭니다.
누군가에게 전할 순간을 떠올리며 계절이 어진 때의
재료를 골라 그 계절의 재료로 빚고 마음을 담아 건네며,
당신에게 행복으로 전해지길 바랍니다.",,묘방 송파구,
지선정담,智善貞潭,"카페,디저트",咖啡館，甜點,영업 중,45,20,서울 양천구 목동동로14길 7 준성빌딩 2층 지선정담,,오목교역 8번 출구에서 164m,,영업 중 17:00에 영업 종료,02-2644-3676,https://naver.me/51a3La8U,"예약,포장",,"버터떡 11000
두바이쫀득쿠키 6000
한입약과 13000
개성주악 9구 29000
유자꽃증편 55000
생강청 혼합 세트 77000
정담9구세트 66000
모듬곶감말이세트 39000
곶감단지 78000.0
개성약과혼합 39000.0
개성약과 10구 37000.0
약과혼합3종 66000
혼합4종 52000.0
혼합5종 74000
갈아만든 유자청 27000
생강청 27000
흑보리식혜3병 18000.0
금귤정과 150g 20000
데이츠넛츠롤 59000
믹스너츠 혼합세트 50000.0
도라지정과 200g 26000.0
프리미엄 도라지정과 세트 80000.0
육절판A 120000.0
육절판B 110000.0
안주구절판 200000.0
새우포.육포세트 110000.0
바구니 선물세트() 60000.0","奶油年糕 11,000

杜拜軟曲奇 6,000

一口藥果 13,000

開城糕（9塊） 29,000

柚子花蒸年糕 55,000

薑汁什錦 77,000

正潭九件套裝 66,000

什錦柿餅 39,000

柿餅罐裝 78,000

開城藥果什錦 39,000

開城藥果（10塊） 37,000

藥果什錦（3種） 66,000

什錦（4種） 52,000

什錦（5種） 74,000

柚子糖漿27,000

薑汁 27,000

黑麥茶（3瓶） 18,000.0

金桔蜜餞（150克） 20,000

棗子堅果捲 59,000

什錦堅果禮盒 50,000.0

蜜餞桔梗根（200克） 26,000.0

高級蜜餞桔梗根禮盒 80,000.0

石鍋盤A 120,000.0

石鍋盤B 110,000.0

九格小碟 200,000.0

蝦乾牛肉乾禮盒 110,000.0

禮籃套裝（） 60,000.0","안녕하세요. (주) 유얼키친 입니다. 5월은 가정의 달로 부모님과 선생님 등 고마운 분들께 감사함을 전하는 날이기도하고, 사랑하는 가족들과 소소한 행복을 나누기에 좋은 날이 아닐까 생각이 드는데요! 유얼이는 어버이날을 기념해 부모님께 선물도 전할겸 목동 오목교에 위치한 고급 한식디저트 전문점 지선정담에 다녀왔습니다! 오목교역 8번 출구에서 도보로 5분 정도 거리에 위치해 있는 지선정담은 모든 디저트 100 수제로 정성을 담아 만드는 K-한식 디저트 전문점 입니다. 지선정담 서울 양천구 목동동로14길 7 준성빌딩 2층 영업시간 월 토 11:00 - 19:00 예약, 포장 2층에 위치해 있어 길을 찾기 살짝 힘드실 수 있는데 입구쪽에 배너를 세워둬서 배너를 기준으로 우측 건물 2층에 위치해 있습니다. 매장은 한참 주문한 디저트를 만들 준비중에 있었는데요! 예약하시면 시간에 맞춰 이렇게 직접 하나하나 수제로 정성스럽게 만들어 주시더라구요! 매장 안쪽도 고급스럽고 한국 풍으로 꾸며두셨는데 다양한 찻잔들이 너무 이쁘더라구요! 매장에서 구매할 수 있는 디저트들로 오란다와 모나카 등등 다양한 디저트들이 있고, 사장님이 하나하나 직접 만드신 수제청들과 금귤정과, 피칸정과, 개성약과 등 다양한 디저트들이 있어 많이 구매하시더라구요! 사장님께서 맛보기로 주신 개성약과와 금귤정과, 피칸정과를 먹어봤는데요. 개성약과는 일반 약과와 다르게 바삭함이 살아있어 식감도 좋고 쫀득하니 맛있어 약과 좋아하시는 분들은 꼭 드셔보시길 추천합니다! 우측은 개성약과로, 찹쌀도너츠와 비슷한데 더 꾸덕하고 쫀득, 달달해서 남녀노소 호불호 없이 좋아할 맛이였어요. 개성주악과 약과, 유자증편을 만드는 과정은 유얼키친 유튜브에서 확인하세요! 왼쪽부터 개성주악, 약과, 유자증편입니다. 정성스럽고 고급스럽게 포장해 주셔서 선물용으로도 딱 좋더라구요. 다양한 구성과 다양한 종류의 디저트와 간식이 있어 선물하는 분 취향에 맞게 주문이 가능해 좋았습니다. 답례품으로 강추! 이렇게 유얼이도 선물용으로 하나 포장해봤는데요! 남녀노소 모두 즐겨 찾는 건강한 간식으로 고급 한식 디저트를 맛볼 수 있고, 다가오는 어버이날에 센스있는 디저트 선물로도 최고! 상견례나 어른분들 첫만남, 답례품 등 고급스럽고 센스있는 선물로 추천합니다! 오늘은 오목교에 위치한 K-디저트 지선정담을 소개했는데요! 한식 디저트 좋아하시는 분들은 한번 방문해보시길 추천합니다! 다음 포스팅에서 만나요 안녕하세요! izzimin입니다. 오늘은 오목교역 초근접 거리에 위치한 오목교 두쫀쿠 맛집을 소개해보려고 합니다. 두바이 쫀득 쿠키는 먹고 싶은데.. 파는 곳이 멀어서 늘 고민했던 저는 집 근처 두쫀쿠 맛집을 발굴했는데요. 바로 목동 지선정담입니다. 지선정담은 이미 아는 분들은 다 아는 한국 전통과자 맛집이었습니다. 목동 주민들 사이에서 주악과 페스트리 약과가 맛있다는 평이 자자한 곳이었어요. 듣기로는 대표님이 한식 디저트에 진심인 분이라고 하더라고요. 목동 지선정담 위치 위치는 목동 5호선 오목교역 8번 출구에서 도보로 5분 가량 소요되는 곳입니다. 목동 중국요리 맛집 현경과 금정 근처에 있더라고요. 준성빌딩 2층에 위치해있습니다. 지선정담은 위치가 좋아서 도보로도 접근성이 뛰어납니다. 오목교역이랑 가깝기 때문에 길치인 저도 쉽게 찾을 수 있어서 정말 좋았어요. 그렇다면 이번에는 지선정담 운영 시간을 공유해드리겠습니다. 목동 지선정담 운영시간 운영 시간 월 11:00 - 18:00 화 11:00 - 18:00 수 11:00 - 18:00 목 11:00 - 18:00 금 11:00 - 18:00 토 11:00 - 17:00 일 정기휴무 (매주 일요일) 출처: 네이버 플레이스 목동 지선정담 오목교 두쫀쿠 맛집 지선정담은 매일 오전 11시에 문을 열어 오후 6시에 문을 닫습니다. 토요일은 1시간 이른 시간인 오후 5시에 문을 닫고, 일요일은 운영하지 않으니 방문에 참고해주세요! 목동 지선정담 내부 목동 지선정담은 상가 2층에 위치해 있어서 계단으로 올라갔습니다. 입구부터 지선정담의 화사한 기운이 느껴졌어요. 대표님께서 숙대에서 요리 공부를 하신 분이었고, 곳곳에 한국 보자기와 자기들이 놓여 있었습니다. 이것만 보아도 맛집 느낌 2000 였어요! 직원분들도 하나같이 다 친절하시고, 설명도 잘해주셔서 나중에 클래스도 수강해보고 싶다는 생각이 들었답니다. 목동 지선정담 두쫀쿠 가격 저는 이날 두쫀쿠를 구입할 목적이으로 목동 지선정담을 방문했는데요. 목동 지선정담 두쫀쿠는 개당 6,000원 이었습니다. 저는 오후 5시쯤 방문했고, 개당 6,000원의 두쫀쿠를 총 4개 구입했습니다. 목동 지선정담은 두쫀쿠 구입 수량 제한이 없었어요. 목동 지선정담은 이렇게 손잡이가 있는 가방에 두쫀쿠를 넣어주셨습니다. 덕분에 편하게 들고올 수 있었습니다. 짠! 집으로 데려온 목동 지선정담 두쫀쿠 입니다. 다른집 두쫀쿠보다 사이즈는 살짝 작았지만 색이 영롱하고 야무진 외형의 두쫀쿠였어요. 목동 두쫀쿠 맛집 지선정담에서 함께 데려온 새우포와 나란히 두고... 상세한 정보는 아래 남겨둘게요 지선정담 - 서울 양천구 목동동로14길 7 준성빌딩 2층 지선정담 - 일 휴무 월토 11:0019:00 - 02-2644-3676 안녕하세요! 오늘은 선물하기 좋은 떡을 소개해보려고 해요 지선정담에서는 떡 말고도 다양한 한식 디저트를 판매하는데요 저는 이번에 꽃 방울증편에 폭 반해 버려서 무조건!!! 증편이다!!! 하고 주문했어요 너무 예쁘기도 하고 맛도 좋은 증편이라서 소개해봅니다! 저는 문자로 연락 드려서 문의했구요! 선물하려고 알아 봤던 거라서 이것 저것 다양하게 질문 드렸는데 다 원하는대로 맞춰주셔서 너무 감사했어요 15구로 결정했고 가격은 49000원 나무 상자 2개에 나눠 담아주시는걸로 했어요 보자기 포장도 요청 드렸는데 일반 보자기 6000원, 연한 보자기는 4000원 추가예요! 저는 연한 보자기로 했어요 사장님이 픽업 후에 보내주신 사진부터 보여드릴게요 선물 포장이 돼있어서 열어볼 수 없었는데 이렇게 또 사진으로 보여주시니 감사하더라구요 식용꽃으로 한 땀씩 예쁘게 수놓아주신 증편이라서 더욱 정성이 들어가 좋았어요! 너무 예쁘지 않나요? 15구로 주문 드렸는데 포장해주시고 또 맛보라고 따로 4개도 더 담아주셨어요 너무나 감동이었던! 제가 부탁 드렸던 금가루도 뿌려져 있어서 더 더 만족스러웠어요!! 수제정과, 수제청, 수제간식, 선물 답례품, 원데이 클래스까지! 다양한 상품 구매가 가능하고 수업도 직접 들어볼 수 있으니 관심 있으신 분들은 한 번 확인해보세용! 제가 받은 포장은 이렇게! 네모 상자를 보자기로 한 번 감싸고 그걸 다시 종이 상자로 감싸고 종이백에 넣어주셨어요 보자기 포장 너무 예쁘죠!!!! 연한 색상의 보자기로 요청 드렸는데 너무 예쁜 분홍? 다홍색 빛깔 보자기로 감싸주셔서 정말 마음에 쏙 들었어요!!!! 그리고 한 번 더 상자에 담아주셨어용 ㅎㅎ 선물하려고 구매했던거라 아주 걱정이 많았는데! 마음에 쏙 들게 준비해주셔서 종종 선물할 일 있으면 지선정담을 찾게 될 것 같아요 증편은 바로 먹어야 맛있다고 해요 3일 내에 먹어야 하고 그 이후에는 냉동시켰다가 전자렌지에 살짝 돌려서 먹으면 된다고 하는데용 3일 내에 먹어야 좋기 때문에!!! 선물하실 예정이라면 선물하실 일자에 맞춰서 픽업하는게 제일 베스트일 것 같아요 그리구 증편은 제작 자체가 오래 걸리는 상품이라서 미리 시간을 넉넉히 두고 문의 해보시길 바랍니다 그럼 좋은 선물 하세용","您好！這裡是Your Kitchen有限公司。五月是家庭月，是表達對父母、老師等我們珍惜之人的感恩月，也是與摯愛的家人分享幸福時光的美好日子！為了慶祝父母節，也為了送給父母一份禮物，Your特地前往位於梧木橋木洞的高級韓國甜點店－智善貞潭！智善貞潭距離梧木橋站8號出口步行約5分鐘，是所有甜點均100%純手工製作的韓國甜點店。智善貞潭地址：首爾市陽川區木洞洞路14街7號俊城大廈2樓。營業時間：週一至週六 11:00 - 19:00。可預約及外帶。由於店舖位於二樓，可能不太好找，不過入口附近有橫幅指示，您可以沿著橫幅右側的二樓找到它。店裡正忙著準備我們點的甜點！如果您提前預約，他們會親手精心製作每一道甜點，而且準時送達！店內內部裝潢奢華，充滿韓式風情，各種茶杯也十分精美！店內販售各種甜點，例如蘭壽和最中。許多人都在購買店主自製的糖漿，以及金桔蜜餞、山核桃蜜餞和開城藥果等糖果。我品嚐了店主贈送的開城藥果、金桔蜜餞和山核桃蜜餞作為試吃。與普通藥果不同，開城藥果口感酥脆，又軟糯香甜，強烈推薦給所有喜歡藥果的朋友！右邊是開城藥果，它類似糯米甜甜圈，但口感更紮實、更有嚼勁、更甜，因此無論男女老少都會喜歡。您可以在「Your Kitchen」的YouTube頻道上觀賞開城餅、藥果和柚子煎餅的製作過程！從左到右依序是開城餅、藥果和柚子煎餅。所有甜點都包裝得精緻優雅，非常適合作為禮物。我喜歡他們提供各種不同種類和組合的甜點和小吃，可以根據收禮者的喜好進行選擇。強烈推薦作為感謝禮物！我甚至自己也包裝了一份當禮物！您可以享用這些高端的韓國甜點，它們既健康又美味，適合各個年齡段的人，也是即將到來的父母節的完美貼心甜點禮物！我推薦它作為正式家庭聚會、與長輩初次見面或表達感謝的奢華時尚之選！今天，我為大家介紹位於梧木橋的K-Dessert甜點店－Jiseonjeongdam！強烈推薦所有喜歡韓國甜點的朋友們去嚐嚐！下次見！大家好！我是izzimin。今天，我想為大家介紹一家離梧木橋站很近的美味杜拜軟曲奇。之前我一直找不到賣杜拜軟曲奇的地方，因為它們都比較遠，但後來我發現了家附近一家很棒的店——位於木洞的Jiseonjeongdam。 Jiseonjeongdam一直以來都是知名的韓國傳統小吃店，尤其以美味的餅和藥果而聞名於木洞居民。聽說店主對韓國甜點充滿熱情。木洞Jiseonjeongdam的地址：從地鐵5號線梧木橋站8號出口步行約5分鐘即可到達。它位於木洞人氣中餐館賢京和金井附近。它位於俊城大廈二樓。智善貞潭地理位置優越，步行即可輕鬆抵達。由於靠近梧木橋站，即使像我這樣方向感很差的人也能輕鬆找到，這真的非常棒。現在，讓我來分享一下智善貞潭的營業時間。木洞智善貞潭營業時間：週一至週五 11:00 - 18:00，週六 11:00 - 17:00，週日公休。資料來源：Naver Place 木洞智善貞潭。智善貞潭是一家靠近梧木橋站的人氣餐廳，每天上午 11 點開門，下午 6 點關門。請注意，週六下午5點關門，週日休息，請您到訪時留意！木洞智善貞潭位於購物中心二樓，所以我走樓梯上去。一進門就能感受到智善貞潭明亮歡快的氛圍。店主畢業於淑明女子大學烹飪系，店內擺放著韓國包袱布和陶瓷製品，光是看著就感覺像是名店！店員們都非常熱情友好，講解也很到位，讓我以後都想去上課了。木洞智善貞潭的杜鵑餅價格。我那天去木洞智善貞潭就是為了買杜鵑餅。這裡的杜鵑餅每個售價6000韓元。我下午五點左右去的，總共買了四個杜鵑，每個6000韓元。木洞智善亭潭買杜鵑沒有數量限制。他們把杜鵑裝在有提把的袋子裡，多虧了你，我才能輕鬆地把它們帶回家。鏘鏘！這就是我從木洞智善亭潭帶回來的杜鵑。雖然比其他地方的杜鵑略小一些，但顏色鮮豔，看起來很結實。我把它和同樣從木洞著名的杜鵑店智善亭潭帶回來的蝦米放在一起……詳細信息如下。智善貞潭 - 首爾市陽川區木洞洞路14街7號俊城大廈2樓 智善貞潭 - 週日休息，週一至週六 11:00-19:00 - 02-2644-3676 大家好！今天我想介紹幾款非常適合作為禮物的年糕。除了年糕，智善貞潭還出售各種韓國甜點。這次，我完全被「花形煎餅」迷住了，心想「不管怎樣！！！一定要是煎餅！！！」於是就下單了。它既漂亮又好吃，所以想和大家分享！我透過簡訊聯繫了他們進行諮詢！因為想買禮物，所以問了很多問題，他們非常貼心地滿足了我所有的要求，我真的非常感激。我最終選擇了15件套，價格是49,000韓元，並選擇了分裝在兩個木盒裡。我還要求用包袱布（bojagi）包裝；普通的包袱布要6,000韓元，而輕便的包袱布則要額外加4,000韓元。我選擇了輕便的包袱布。首先，我想給大家看看店主在我取貨後寄來的照片。因為已經包裝好了，所以沒辦法打開，所以能收到這樣的照片真的讓我很驚喜。我特別喜歡蒸米糕上用食用花一針一線繡出來的精美圖案，看得出來製作者傾注了大量的心血！它們是不是很漂亮？我訂的是15件套，包裝好之後，他們還額外贈送了四塊讓我品嚐。我真是太感動了！更讓我驚喜的是，上面還撒著我之前要求的金箔！從手工果醬、糖漿和零食到禮品、感謝禮品，甚至還有一日課程！您可以購買各種各樣的產品，甚至可以參加線下課程，所以如果您有興趣，請務必來看看！這是我收到的包裝！他們先用包子把方形盒子包了一層，然後又用紙盒包了一層，最後放進紙袋裡。包子包裝太漂亮了！ ！ ！ ！我要求用淺色的包子，他們用非常漂亮的粉紅色？或者說是深紅色，我超級喜歡！ ！ ！ ！他們甚至又用盒子包了一層，哈哈。因為是買來送人的，我真的很擔心，但他們完全按照我的要求準備的，所以我想以後需要送禮的時候還會來智善貞潭。據說正餅最好趁熱吃。最好在3天內食用，之後可以冷凍，食用前用微波爐稍微加熱一下。因為最好在3天內吃完！ ！ ！如果您打算把它作為禮物送人，我建議最好在您計劃送禮的當天去取。另外，由於上餅製作時間較長，我建議您提前諮詢。祝您收到美好的禮物！","*Since 2021 -
목동 오목교에 소담스럽게 자리 잡은 고급 한식디저트 전문점입니다.

*지선정담의 모든 디저트는 정성을 담아 만든 100% 수제 먹거리입니다.

*어른도,아이도 모두 즐겨 찾는 건강한 간식으로 많은 분들의 사랑을 받고 있습니다.쉽게 접할 수 없는 고급 한식 디저트를 지선정담에서 즐겨보세요:)

*궁금하신 점은 편하게 카카오 채널로 연락 주세요!",,지선정담 양천구,
연경당,永永堂,"카페,디저트",咖啡館，甜點,영업 중,1263,160,서울 종로구 팔판길 26 1층 단독,,안국역 2번 출구에서 972m,,영업 중 20:00에 영업 종료,0507-1311-9587,https://yeongyeongdang01.imweb.me/,"예약,무선 인터넷,포장,단체 이용 가능,방문접수/출장,간편결제,주차","2TV생생정보 1532회, 22.04.19.2022년 4월 19일 다과","계절 다과상 25000
연경당 다과상 23000
봄 한정 - 금귤 파르페 18000
꼬숩 파르페 15000
차 9000
오미자 보리수단 에이드 9500
한과 골라담기 선물세트
개성주악 3종세트 10000
개성주악 3000.0
양갱 3500.0","時令茶具 25,000

靈慶堂茶具 23,000

春季限定-金橘凍糕 18,000

Kkosup 凍糕 15,000

茶 9,000

奧米賈·鮑裡蘇丹·阿德 9,​​500

挑選韓國傳統糖果禮品套裝

開城酒樂 3 件組 10,000

開城十岳 3,000.0

羊岡 3,500.0","연차여서 어디갈지 고민하다가 카페를 예약해두고 근처 식당을 찾았다 동생이랑 할머니랑 갔다가 카페는 할머니랑만 다녀옴 동생이 갑자기 합류해서 카페 추가를 안했기 때문이다 워낙에 유명한집인거같은데 평일이라 그런지 20분정도 기다렸다 들어갈 수있었다 그리고 대기좌석이 생각보다 많이 있어서 기다릴만했음 아침엔 좀 비올듯하더니 밥먹고나니 화창해짐 칼국수가 유명하긴 한데 일단 칼국수 백수육 만두국 시켰다 무말랭이가 맛있음 칼국수. 깔끔한맛이었다 유명한 이유가 있다 원래는 경복궁 생과방을 가고싶었는데 추첨도 떨어지고 티켓팅도 떨어지고 ㅠㅠ 그래서 차선책으로 전에 봐뒀던 카페를 예약해둠 근데 생각보다 역이나 관광거리? 에서는 조금 떨어져있어서 꽤나 걸어야했다 차 관련 다기나 접시 등등도 팔고있음 귀엽다 봄 다과상으로 예약했는데 그 외는 추가로 주문이 가능함 따로 추가주문은 안하고 영수증 리뷰만 했다 평일이라 그런가 사람들이 별로 없어서 엄청 조용한 분위기에서 마셨다 차랑 떡이랑 간식이랑 이것저것 먹었다 차는 계속 리필해주셔서 마시고 싶은만큼 마심 사실 가려면 너무 복잡한동네인데 정말 연차날에 큰맘먹고 다녀왔다 후 나들이 끝 - 2026년 2월 방문 기록 - 지난달에 다녀온 전통 다과상을 즐길 있는 삼청동 카페 연경당 X 경사가 널리 퍼지는 곳 이곳은 연경당이 만드는 전통 한식 다과와 차를 마시는 카페로 공예 전시 및 판매관이 있어 다채로운 경험을 할 수 있는 곳이다. 연경당은 창덕궁의 목조 건물인 연경당에서 따온 이름으로 경사가 널리 퍼지는 곳이라는 뜻을 지니고 있다. 1. 위치 및 외관 안국역 2번 출구에서 972m 거리에 위치한 삼청동 전통 다과상 카페 연경당 메뉴 : 계절다과상 25,000원 주소 : 서울시 종로구 팔판길 26 1층 단독 전화 : 010-- 시간 : 11:00 20:00 매주 월, 화요일 정기휴무 주차 가능 : 유료 최초 5분 250원 추가 요금 60분당 3,000원 근처 공영주차장 (정독도서관, 푸른기린 주차장) 이용 예약은 네이버에서 가능 삼청동 골목 안쪽에 위치한 연경당 전통 다과상을 만날 수 있는 카페라고 해서 당연히 한옥 카페일 거라 생각했는데 아니라서 살짝 실망을 하긴 했지만 ㅋㅋ 그래도 하얀 외벽의 건물이 예쁘긴 했다. 2. 연경당 쇼룸 안으로 들어가면 오른쪽 공간은 쇼룸이고 왼쪽 공간은 카페인데 주문을 하고 난 뒤 쇼룸을 둘러보기로 했다. 보기만 해도 기분이 차분해지는 멋진 공예 전시품이 진열되어 있었고 계단을 올라가면 더욱더 많은 것들이 전시되어 있는데 안쪽에는 연경당에서 판매하는 차와 한식 디저트 등이 진열되어 있었다. 벽을 나눈 공간에는 여러 가지 종류의 차와 선물세트가 있었고 오른쪽에는 연경당의 전통 다과가 진열되어 있었다. 고급스러운 보자기에 포장되어 있는 전통 다과를 선물받으면 정말 기분 좋을 것 같다! 골라 담는 한과세트도 있었는데 2구, 4구, 9구가 가능하고 보자기 포장도 추가가 가능하다. 이제 다시 안쪽 티룸으로 들어가 다과상을 기다리기로 했다. 3. 연경당 티룸 삼청동 전통 다과상 카페 연경당의 티룸은 아담한 편이었는데 4인용 테이블 2개와 2인용 테이블 4개가 있었다. 창가 쪽에 있는 이 4인용 테이블이 가장 좋은 자리였는데 3인 이상 예약해 이 자리에 앉으면 좋을 것 같다. 한쪽에 있는 진열장에는 다과상 세트에 있는 차를 마실 때 본인이 원하는 다기를 고를 수 있게 전시되어 있는 거였다. 안쪽에는 공간이 좀 좁은 편이었는데 왼쪽에는 2인용 테이블이 3개 있고 오른쪽에는 2인용 테이블 1개와 4인용 테이블이 하나 있었다. 4. 화장실 화장실은 후문으로 나가 건물 화장실을 사용하면 되는데 깔끔하고 깨끗한 화장실이라서 기분 좋았다. 5. 주문 주문은 바 테이블이 있는...","因為休年假，我一直在糾結去哪兒，所以就訂了一家咖啡館，然後又找了附近一家餐廳。我和弟弟妹妹還有奶奶一起去了，不過只有奶奶去了咖啡館。因為弟弟妹妹是臨時加入的，所以我之前沒把咖啡館安排進行程。這家咖啡館看起來很有名，但可能是因為是工作日，我們等了大概20分鐘才進去。不過等位的座位比我想像的多，所以還能忍受。早上看起來好像要下雨，但我們吃完飯後雨就停了。他們家的刀削麵很有名，我們點了刀削麵、白汁肉和餃子湯。蘿蔔泡菜很好吃。至於刀削麵，味道很清爽。難怪它這麼有名。原本想去景福宮的生果房，結果抽籤和訂票都沒中ㅠㅠ 所以，作為備選方案，我預訂了之前查過的一家咖啡館。沒想到，它居然在車站或景點附近？雖然離主樓有點遠，走了好一會兒。店裡還賣茶具、茶碟之類的茶具，很可愛。我預訂的是“春日茶桌”，不過也可以單點其他東西。我沒有額外點，只是看了看收據。可能是因為是工作日，人不多，所以在一個很安靜的環境下享受我的茶飲。我吃了茶、年糕、點心和其他一些小東西。他們一直續茶，所以我想喝多少就喝多少。其實這附近交通很不方便，但我還是利用年假特意去了一趟。呼，終於結束了。 - 2026年2月造訪記錄 - 上個月探訪了位於三清洞的一家名為「延慶堂」的咖啡館，體驗了傳統的韓式下午茶。這家咖啡館提供延慶堂製作的傳統韓式點心和茶飲，同時還設有工藝品展覽和銷售大廳，提供多元化的體驗。延慶堂的名字來自於昌德宮的木造建築，意為「吉祥之所，遠播四方」。 1. 位置及外觀

延京堂，位於三清洞，距離安國站2號出口972米，是傳統的韓式茶桌咖啡館。

菜單：時令茶桌套餐 25,000韓元

地址：首爾市鐘路區八番路26號1樓

電話：010--

營業時間：11:00 - 20:00（每週一、週二公休）

停車：收費（前5分鐘250韓元，之後每60分鐘3,000韓元）

附近有公共停車場（正德圖書館、普倫基林停車場）

可透過Naver預訂

這家店位於三清洞一條小巷深處，因為這裡以提供傳統韓式茶桌而聞名，所以我理所當然地以為會是一家韓屋咖啡館，結果發現不是，有點小失望，哈哈。不過，白色的外牆建築本身就很漂亮。

2. 延慶堂展廳

一進門，右側是展廳，左側是咖啡廳；點完餐後，我決定先逛逛展廳。那裡陳列著精美的手工藝品，令人賞心悅目。沿著樓梯上去，可以看到更多商品；展場裡陳列著延慶堂販售的茶飲和韓式甜點。隔間牆的空間擺放著各種茶葉和禮品套裝，而延慶堂的傳統點心則陳列在右側。收到用精美包袱布包裹的傳統點心作為禮物，真是令人驚喜！這裡也提供可客製化的韓式茶具套裝，有2件、4件和9件三種選擇，並可選擇加包袱布包裝。之後，我決定回到茶室等位。 3. 延京堂茶室：位於三清洞的延京堂是一家傳統的茶室咖啡館，內部十分溫馨舒適，設有兩張四人桌和四張雙人桌。靠窗的四人桌位置最佳，因此建議三人或以上團體提前預訂。茶室一側的展示櫃中陳列著茶具，顧客可以挑選自己喜歡的茶具來搭配茶具套餐中的茶葉。茶室內部空間略顯擁擠，左側有三張雙人桌，右側則有一張雙人桌和一張四人桌。 4. 洗手間：洗手間位於後門，乾淨整潔，令人感到舒適。 5. 點餐：點餐需在吧台進行…","연경당이 만드는 전통 한식 다과를 선보입니다.

차를 마시는 카페와 공예 전시 및 판매관,
연경당이 함께 있어
다채로운 경험을 선사합니다.",,연경당 종로구,
쭈악쭈악 서순라길,吸溜吸溜 Seosunra-gil,"카페,디저트",咖啡館，甜點,영업 중,991,199,서울 종로구 율곡로10길 77 쭈악쭈악,,종로3가역 7번 출구에서 185m,,영업 중 20:00에 영업 종료,0507-1332-0056,https://pf.kakao.com/_bExkxoG/chat,"포장,예약,무선 인터넷,반려동물 동반,간편결제,주차",,"피쵸100 두바이 쫀득쿠키 6500
Best1 정읍 흑임자 3700
Best2 밀양 쑥인절미 3700
시그니처 쌍화 서울 2900
종로 클래식 2700
대관령 수제팥 3500
서순라 돼지바 3000
Season 고흥 유자슈크림 3500
더티누텔라 3200.0
Season 논산 딸기 3900.0
고흥 단호박 3500.0
청도 산딸기 3500
상주 곶감호두 3900.0
Season 공주정안밤 4200
시그니처 쌍화 아쭈 4700
클래식 아쭈 4500
오미자티 3700.0
매실티 3700","皮喬100杜拜軟曲奇 6500

最佳1號：井邑黑芝麻 3700

最佳2號：密陽艾草年糕 3700

招牌雙花首爾 2900

鐘路經典 2700

大關嶺手工紅豆 3500

西順羅豬條 3000

季節限定：高興柚子泡芙 3500

髒榛果巧克力醬 3200

季節限定：論山草莓 3900

高興甜南瓜 3500

清道野生草莓 3500

尚州柿子核桃乾 3900

季節限定：公州正安栗子 4200

招牌雙花阿州4700

經典阿朱 4500

五味子茶 3700.0

梅花茶3700","먹어보았다 쭈악쭈악초이라멘라멘시미즈팔도비빔면더블루스타벅스 슈크림라떼왕뚜껑 국물라볶이뚜쥬르 빵돌가마만주오케이프라이스 팝콘러스크마이쮸 골드파인애플고트델리 잠봉뵈르, 애플베이컨자가비 시푸드맛초콜렛 마시멜로 몇 주 모았더니 ㅋㅋㅋㅋㅋ 오랜만에 100자 제한으로 제목이 짤린 먹어보았다 ㅋㅋ 심지어 같은 가게를 여러번 가기도 하고 같은 걸 여러번 먹기도 해서 중복이 있다 (다행히 몸무게 안 늘었음 휴) 쭈악쭈악 맛있는 개성주악을 파는 쭈악쭈악 요즘엔 두쫀쿠도 팔던데 여튼 필름카메라 클래스 끝나고 친구한테 얻어먹은 주악과 약과 근데 들고오다가 와장창 이슈로 주악들은 사진 찍을 상태가 못 되어서 약과만 올림ㅋㅋㅋㅋ 아니 주악이 기본 주악이 있고 위에 뭐 흑임자크림을 얹는다던가 말차크림을 얹는다던가 유자를 얹는다던가 이렇게 다양한 맛이 있는데 걔들이 다 엎어지고 쏠려서 ㅋㅋㅋㅋㅋ 못 볼 꼴이었다 맛있는 약과였지만 내 입에는 역시 장인한과 약과가 더 맞는 듯 하다 다음에는 주악을 잔뜩 사먹는걸로 2. 초이라멘 광화문점 광화문점이 생긴 초이라멘 지난번에는 츠케멘과 마제소바를 먹었기 때문에 못 먹어본 돈코츠라멘을 먹으러 왔다 ㅋㅋㅋㅋㅋ 대짜로 시켰음 아하 돈코츠 라멘이 돼지 9 멸치 1정도로 육수를 섞는다면 츠케멘이 멸치 9 돼지 1정도로 섞어서 같은 재료로 서로 다른 맛을 내는 원리였구나 ㅋㅋㅋ 작은 가게인데 서로 다른 맛의 메뉴가 3가지나 있어서 궁금했는데 이런 원리였군 이름은 돈코츠라멘이지만 대부분의 돈코츠라멘이 맛있는 돼지국밥맛(ㅋㅋ)인것과 비교하자면 확실히 개성이 있는 맛이었다 누린내도 거의 안나고 맛있었다 만두도 시켰는데 만두는 평범했지만 저 바삭바삭 날개와 뿌려주시는 새콤짭짤간장이 잘 어울려서 맛있었다 그리고 매운소스가 있는데 이거 라멘에 살짝 넣으면 얼큰해지면서 또 맛이 확 달라진다 많이 매운 소스니까 적당히 넣도록 3. 라멘 시미즈 얼마전까지 경쟁자 없이 이 동네 라면 1티어였던 라멘 시미즈 근처에 다른 라멘집이 두개나 생기면서 경쟁체제에 들어섰나! 아니오 여전히 압도적으로 맛있음 오늘 고른것은 쇼유라멘스페셜과 차슈덮밥인데 소금소스로 간을 하는 시오라멘이 늘 95100점의 맛이었다면(가끔 좀 짬) 간장소스로 간을 하는 쇼유라멘은 90120점의 맛이라고 생각했는데(짤 때 많이 짬) 간장소스의 짠맛을 줄이고 단맛을 늘리셨는지 황금밸런스가 된 듯 하다 와 진짜 맛있었다 차슈덮밥도 같은... 안녕하세요, 태평한냠뉴입니다! 연말, 연초가 되면 선물 하나도 조금은 특별했으면 좋겠다는 생각이 들잖아요. 이번에 다녀온 곳은 전통 디저트를 현대적으로 풀어내며 입소문 난 쭈악쭈악. 종로 서순라길 본점을 중심으로 알려진 브랜드인데, 이번 연말 시즌에 용산 아이파크몰에서 팝업스토어를 열었다고 해서 직접 다녀와봤어요. 용산역과 바로 연결된 아이파크몰 4층이라 접근성이 좋았고, 쇼핑하다가 자연스럽게 들르기 좋은 위치라 부담 없이 구경하기 좋았습니다. 무엇보다 본점에서만 맛볼 수 있던 개성주악을 팝업에서도 만날 수 있다는 점이 반가웠어요. 쭈악쭈악이 만드는 개성주악 개성주악은 찹쌀 반죽을 빚어 기름에 튀긴 뒤 조청을 입혀 만드는 전통 간식이에요. 쭈악쭈악은 이 전통 방식에 충실하면서도, 100 국내산 찹쌀가루와 인공감미료 없이 만든 국내산 조청을 사용해 겉은 살짝 바삭하고 속은 쫀득한 식감을 잘 살린 것이 특징입니다. 여기에 지역 특색 크림, 견과, 초콜릿, 과일 등 다양한 토핑을 더해 요즘 감성에 맞는 디저트로 풀어낸 점이 쭈악쭈악의 매력이에요. 시그니처 8구 선물세트 구성 4구와 8구로 구성된 쭈악쭈악 선물세트! 서울에서 일보고 가는 길에 픽업완료! 이번에 픽업한 건 개성주악 시그니처 8구 선물세트. 칸칸이 나뉜 트레이에 담겨 있어 이동 중에도 흐트러지지 않고, 개별 비주얼이 살아 있어서 선물용으로도 만족도가 높았습니다. 연말새해 선물로 고르기 좋은 이유는 과하게 달지 않고, 남녀노소 부담 없이 즐길 수 있는 맛 덕분인 것 같아요. 하나씩 맛본 주악 후기 두바이쫀득쿠키 스타일 주악 요즘 가장 핫하다는 메뉴답게 주악위에 두쫀쿠가 올라간 주악이에요. 두쫀쿠 특유의 바삭함과 주악 특유의 쫀득함이 동시에 느껴져 디저트 느낌이 강했습니다. 두쫀쿠 올라간건 다 맛있어요. 짱맛입니다:D 루돌프 누텔라 초코 주악 루돌프 얼굴처럼 꾸며진 비주얼이 먼저 눈길을 끄는 메뉴.(연말메뉴였음) 누텔라 크림이 듬뿍 올라가 있지만 느끼하지 않고, 달콤한 맛을 좋아하는 분들께 잘 맞을 것 같았어요. 종로클래식 주악 토핑 없이 가장 기본에 충실한 메뉴. 조청의 은은한 단맛과 찹쌀의 고소함이 깔끔하게 느껴져 개성주악 본연의 매력을 가장 잘 보여줍니다. 딸기생크림 주악 부드러운 생크림 위에 상큼한 딸기가 올라가 있어 달콤함과 산뜻함의 균형이 좋았어요. 커피랑 함께 먹기 좋은 조합입니다. 말차 트리 주악 말차 크림을 트리처럼 올린 메뉴로 연말 분위기와 잘 어울려요. 말차... 용산역에서 만나는 쭈악쭈악 팝업스토어 서순라길의 감성 디저트 카페 쭈악쭈악이 용산역에 팝업스토어를 열었어요 이번 팝업은 5월 9일부터 5월 22일까지로 짧은 기간 동안만 운영된다고 하니, 관심 있으신 분들은 서둘러 방문하시는게 좋을 것 같습니다 :) 팝업스토어 위치 쭈악쭈악 팝업스토어는 용산역 아이파크몰 내에 위치해 있어요 역과 바로 연결되어 있어 접근성이 뛰어나고, 쇼핑이나 영화 관람 후 들르기에도 편리합니다 :) 용산역 광장에서 이 에스컬레이터를 타고 올라가서 에스컬리에터를 타고 3층까지 올라가서 정면으로 길 끝까지 주욱 따라 가다보면 우측에 테이스트 파크로 들어가는 문이 있는데요 여기로 올라가서 바로 앞에 있는 에스컬레이터 타고 한 층만 올라가면, 따란, 바로 보입니다! 용산역과 아이파크몰의 연결다리 쪽에 있어요 4층에 있는 롯데리아 바로 앞이에요 주인장의 약속 1. 방앗간에서 직접 빻아 만든 100 국내산 찹쌀가루 사용 2. 인공감미료가 들어가지 않은 국내산 쌀로 만든 조청 사용 3. 은은한 단맛을 위한 전국 8도의 신선한 원재료 사용 쭈악쭈악 메뉴 가격 너무 앙증맞고 맛있어 보이는 주악들입니다 간식으로 좋은 호두정과도 있네요 개성주악 선물세트 포장 시그니처 8구 세트 4구 세트가 있는데요 4구,8구 구매시에 무료로 기프트 포장해주십니다 그리고 가정의 달 한정수량으로 4구,8구 선물세트 할인도 진행하고 있습니다 약과와, 과일 찹쌀떡 세트도 있어요 깔끔한 종이쇼핑백은 별도로 판매하고 있어요 주악 보관방법 쭈악은 당일 실온보관 (냉동보관 1주일, 자연해동 30분) 찹쌀떡은 냉장 보관 3일 약과는 냉동보관 3개월이에요 물티슈를 같이 넣어주셨어요 8구 세트에는 아래의 8가지 종류가 들어가요 종로 클래식쌍화 서울정읍 흑임자 대관령 수제팥버터더티 누텔라영암 무화과 자몽연유 얼그레이고흥 유자슈크림 간식으로 먹기 좋고, 커피나 티랑 같이 먹으면 잘 어울린답니다 :) 종로3가역 종묘 옆에 있는 서순라길에 본점이 있어서 5월에 있는 팝업이 끝나도 쭈악쭈악에 갈 수 있습니다ㅎㅎㅎ 테이크아웃 전문 한옥 카페예요 단체학교기억회사행사결혼 답례 선물로도 너무 좋을 것 같아요 :)","我試吃了這些：Jjuak Jjuak Choi（一種韓式炒麵）、拉麵、清水拉麵、八道拌麵、The Blue（一種韓式拌麵）、星巴克、泡芙奶油拿鐵、王牌炒年糕、炒年糕湯、Toujours（一種韓式烤麵包）、石爐饅頭、OK Price（炒年糕湯、Toujours（一種韓式烤麵包）、石爐饅頭、OK Price（一種韓式烤麵包）、OK Price（一種韓式烤麵包）、OK Price（一種韓式烤麵包）、OK Price（一種韓式烤麵包）、OK Price（一種韓式爆米花）、OK Price（一種韓式烤麵包）、OK Price（一種韓式爆米花）、OK Price（一種韓式烤麵包）、OK Price（一種韓式爆米花）、OK Price（一種韓式爆米花）、OK Price（一種韓式爆米花）、OK Price（一種韓式爆米花）、OK Price（一種韓式爆米花）、OK Price（一種韓式爆米花）、OK Price（一種韓式爆米花）、OK Price（一種韓式烤麵包）、OK Price（一種韓式爆米花）、OK Price（一種韓式爆米花）、OK Price（ Chew（一種韓式脆餅）、金鳳梨山羊肉熟食店、奶油火腿、蘋果培根Jagabee（一種韓式烤麵包）、海鮮風味巧克力、棉花糖。我收集這些東西花了好幾個星期，哈哈。我的「試吃記錄」貼文標題因為100字的限制被截斷已經過去好一陣子了，哈哈。裡面甚至還有重複的，因為我去了同一家店好幾次，吃了同樣的東西好幾次（還好，我沒長胖，呼）。 Jjuak Jjuak，賣美味開城炒麵的店。現在也賣豆腐了，不過話說回來，這是朋友上完底片攝影課後請我吃的豆腐和藥果。但是，因為回家路上「摔」了，豆腐已經沒辦法拍照了，所以我只發了藥果的照片哈哈。豆腐有最基本的口味，還有各種其他口味，例如黑芝麻奶油、抹茶奶油、柚子等等……全都翻倒了，哈哈。那場面真是壯觀。藥果很好吃，不過我覺得長人韓果的藥果比較合我的口味。下次要買一大堆豆腐。 2. 崔拉麵光化門分店。崔拉麵在光化門開了分店。上次吃了沾麵和拌麵，這次來想嚐嚐還沒吃過的豚骨拉麵，哈哈。我點了大份的。啊，原來原理是豚骨拉麵的湯底是9份豬肉配1份鳀魚，沾麵則是9份鳀魚配1份豬肉，用同樣的食材做出不同的口味，哈哈。這家店很小，但我當時很好奇，因為菜單上有三種不同口味的拉麵；現在我明白了原理。雖然叫做豚骨拉麵，但跟大多數吃起來像美味豬骨湯的豚骨拉麵（哈哈）相比，這家的味道確實很獨特。幾乎沒有腥味，而且味道鮮美。我還點了餃子；餃子本身很普通，但上面酥脆的外皮和淋上的甜鹹醬油味道不錯。搭配得很好，味道也很好。另外，他們還有辣醬；加一點到拉麵裡，味道就會變得很辣，風味也會有很大的改變。這辣醬非常辣，所以一定要適量添加。 3. 清水拉麵。直到最近，清水拉麵一直是這附近無可爭議的一線拉麵。隨著附近新開了兩家拉麵店，它是否進入了競爭階段？並沒有，它依然美味無比。今天我點了醬油拉麵特製和叉燒飯。如果說鹽味拉麵（鹽味拉麵）一直都是95100分的水平（有時略鹹），而醬油拉麵（醬油拉麵）則像是90120分的水平（鹹的時候很咸），那麼清水拉麵似乎降低了醬油的鹹度，增加了甜味，達到了完美的平衡。哇，真的很好吃。叉燒飯也是一樣…大家好，我是Taepyeonghan Nyamnyu！在年末年初，大家都希望收到一份特別的禮物。這次我造訪的是Jjwaak Jjwaak，這家店以現代手法重新詮釋傳統甜點而聞名，口碑極佳。 Jjwaak Jjwaak的主店位於鐘路西順羅街，但我聽說他們在年末時節在龍山iPark購物中心開設了一家快閃店，所以就親自去探店了。快閃店位於iPark購物中心四樓，與龍山站直接相連，交通便利，位置優越，逛街時自然而然就能順便進去逛逛，感覺很放鬆，不會有壓力。最讓我驚訝的是，我在快閃店裡發現了之前只有主店才有的開城餅。 Jjwaak Jjwaak的開城餅是一種傳統小吃，做法是將糯米麵團捏成球狀，油炸後裹上糖漿（米漿）。 Jjwak Jjwak 秉承傳統工藝，堅持使用100%國產糯米粉和國產糯米粉，不添加人工甜味劑，完美呈現外酥裡嫩的口感。 Jjwak Jjwak 的魅力在於，它將經典甜點重新演繹成現代甜點，並添加各種配料，例如當地特色奶油、堅果、巧克力和水果。招牌8件組禮盒：Jjwak Jjwak 禮盒有4件套裝和8件套裝兩種選擇！這次是首爾出差回來時順便買的！我買的是開城竹糕招牌8件套禮盒。包裝在一個有隔層的托盤裡，每塊竹糕在運送過程中都完好無損，色澤鮮豔，是送禮佳品。我認為它之所以是年末新年禮物的絕佳選擇，是因為它甜度適中，而且口味老少咸宜，不會讓人覺得膩。以下是我逐一品嚐的Juaks的評價：

**Juak Style：**這款Juak名不虛傳，是最近最熱門的菜單單品之一，上面放了一塊迪拜軟曲奇（Dujjonku）。你可以同時感受到Dujjonku獨特的酥脆口感和Juak本身的軟糯嚼勁，帶來濃鬱的甜點風味。所有加了Dujjonku的甜點都美味無比，超級好吃！

**魯道夫榛果巧克力Juak：**這款Juak首先吸引眼球的是它酷似魯道夫的造型（這是年末特供）。雖然上面淋滿了Nutella榛果巧克力醬，但一點也不油膩，我覺得它非常適合喜歡甜食的人。

**鐘路經典甜點：** 這款甜點保留了最基本的元素，沒有任何配料。米糖漿的淡淡甜味和糯米的堅果香氣清晰可辨，完美展現了開城甜點的原汁原味。草莓奶油甜點在綿軟的奶油上鋪上新鮮草莓，甜度和清爽度達到了完美的平衡，是搭配咖啡的絕佳選擇。抹茶樹甜點則以抹茶奶油擺成樹狀，完美契合了年末的氛圍。抹茶… Jjuak Jjuak 快閃店在龍山站開幕。位於西山路的網紅甜點店 Jjuak Jjuak 在龍山站開設了快閃店。由於這家快閃店只在5月9日至5月22日期間短暫營業，有興趣的朋友要抓緊時間去逛逛哦 :) 快閃店地址：Jjuak Jjuak 快閃店位於龍山站 I'Park 購物中心內。店鋪與車站直接相連，交通便利，購物或看完電影後可以很方便地順道過來 :) 從龍山站廣場出發，乘坐扶梯上到3樓，然後沿著直走走到盡頭。你會看到右側有 Taste Park 的入口。從那裡進去，再乘坐正前方的扶梯上到一層，瞧！快閃店就在龍山站和 I'Park 購物中心之間的連接橋附近，位於4樓樂天利便利商店的正對面。店主承諾：1. 使用100%國產糯米粉，由糯米廠直接研磨。 2. 使用國產米製成的糯米，不添加人工甜味劑。 3. 採用韓國八個省份的新鮮食材，帶來微妙的甜味。 Jjwaak 菜單及價格。 Jjwaak 看起來既可愛又美味。還有核桃正果，非常適合當零食。開城 Jjwaak 禮盒包裝：我們有招牌 8 件裝和 4 件裝；購買 4 件裝或 8 件裝禮盒均可享受免費禮品包裝。此外，在家庭月期間，4 件裝和 8 件裝禮盒限時折扣。我們也提供藥果和水果糯米糕禮盒。精美紙質購物袋單獨販售。 Jjwaak 儲存方法：Jjwaak 應於當天在室溫下保存（冷凍可保存 1 週，自然解凍 30 分鐘）。糯米糕可冷藏 3 天。藥果可以冷凍保存3個月。套裝裡還附贈了濕紙巾。 8個裝的藥果包含以下8種口味：鐘路經典雙花、首爾正邑黑芝麻、大關嶺手工紅豆黃油髒髒、Nutella 蓮岩無花果、西柚煉乳、伯爵茶高興柚子奶油。它們非常適合作為零食，搭配咖啡或茶更是完美 :) 我們的總店位於鐘路三街站附近的宗廟旁的西山路，所以即使五月的快閃活動結束後，您仍然可以光顧 Jjwaak Jjwaak，嘿嘿。這是一家韓屋咖啡館，主打外帶。我覺得它們非常適合作為團體、學校活動、公司活動或婚禮的感謝禮物 :)","We Bring the Happiness!
우리는 모나지 않습니다. 동그랗습니다.
작은 동그라미의 행복, 쭈악쭈악입니다:)

-
쭈악쭈악은 서순라길에 위치한 코리안 디저트 카페로,
방앗간에서 직접 빻아 만든 100% 국내산 찹쌀가루와 인공감미료가 들어가지 않은 국내산 쌀로 만든 조청을 사용합니다. 전국 각지에서 엄선한 재료 본연의 개성이 담긴 작은 동그라미의 행복을 느껴보세요!

At 'JJUAK JJUAK,' we use 100% locally sourced Korean sticky rice flour and syrup without artificial sweeteners. Enjoy the unique taste of our hand-crafted, round-shaped treats made with love and care.

*단체 학교 기업 회사 행사 결혼 답례 선물 예약은 카카오톡 '쭈악쭈악' 채널로 연락주세요!
*테이크아웃 전문 한옥 카페입니다. (간단히 드시고 가시는 분들을 위해 2인 벤치를 마련했습니다)
* 데일리 운영 메뉴는 변동될 수 있습니다!",,쭈악쭈악 종로구,
오드투디저트,甜點頌,"카페,디저트",咖啡館，甜點,영업 중,457,104,서울 종로구 동숭길 94 2층,,혜화역 1번 출구에서 296m,,영업 중 23:30에 라스트오더,0507-1333-4121,http://www.instagram.com/odetodessert,"단체 이용 가능,남/녀 화장실 구분,포장,예약,무선 인터넷",,"개성주악 2100
누텔라초코 개성주악 2800
밤 약과 개성주악 2800
콩고물 인절미 개성주악 2800
초당옥수수 개성주악 2800
아이스티 4500
레드베리 하이볼 논알콜 6900
솔티카라멜 카페라떼 6700
BEST 바스크 치즈케이크 7300.0
BEST 바나나푸딩 (160g) 6500.0
아메리카노 5100.0
피넛버터라떼 6400
토피넛카페라떼 6400.0","開城酒 2100

榛果巧克力開城酒 2800

栗子藥果開城酒 2800

大豆粉年糕開城酒 2800

玉米開城酒 2800

冰茶 4500

紅莓高球無酒精雞尾酒 6900

鹹焦糖咖啡拿鐵 6700

最佳巴斯克起司蛋糕 7300

最佳香蕉布丁（160克） 6500

美式咖啡 5100

花生醬拿鐵 6400

太妃堅果咖啡拿鐵 6400","혜화카페 혜화역카페 대학로카페 대학로디저트 대학로커피 JS아트홀 혜화역 오드투디저트 - 대학로 카페 1. 외관 아트홀 건물에 같이 있는 곳이다. 2층으로 올라가는 단독 계단이 있다. 2층 입구에는 따로 카페간판이나 표시가 없어서 그냥 2층으로 가면 된다. 혜화역 오드투디저트 - 대학로 카페 2. 기본 정보 영업시간 월요일 15:00 24:00 화 일 12:00 24:00 라스트오더 23:30 전화번호 0507-1333-4121 주차 불가 혜화역 오드투디저트 - 대학로 카페 3. 주차 및 찾아오는 길 주소 - 서울 종로구 동숭길 94 2층 혜화역 1번 출구에서 296m로 5분 정도 걸린다. 혜화역 기준 안쪽에 있긴한데 그래도 역에서 67분 정도 거리에 대부분의 것들이 다 있고 소극장들도 근처에 있어서 거리는 꽤 가까운 느낌이다. 주변에 공영 주차장이 있긴 한데 거의 자리가 나지는 않을거라서 건물에 주차가 가능한 경우만 가져오는 것이 좋다. 아쉽게도 카페에서는 주차 지원을 하지 않는다. 혜화역 오드투디저트 - 대학로 카페 4. 실내 식물은 하나 밖에 없지만 초록 톤의 의자를 사용해서 그런지 공간이 시원한 느낌도 살짝 든다. 아트홀에 있는 곳이라서 공연 관련 사진들도 걸려있었다. 혜화역 오드투디저트 - 대학로 카페 5. 메뉴판 메뉴판 메뉴판 메뉴판 메뉴판 메뉴판 메뉴판 메뉴판 메뉴판 메뉴판 메뉴판 메뉴판 메뉴판 주문한 메뉴 무화과 얼그레이 케이크 7,400원 오렌지 망고 티 5,400원 레드베리 하이볼 논알콜 6,900원 혜화역 오드투디저트 - 대학로 카페 6. 디저트 주문한 음료과 케이크가 예쁘게 트레이에 담겨나왔다. 하이볼은 잘 섞어서 마시라고 알려주셨다. 레드베리 하이볼 논알콜 6,900원 잘 섞으면 색이 전체로 퍼지고, 맛도 퍼진다. 체리콕에 가까운 맛이면서 알콜 특유의 느낌을 잘 살린 것 같다. 별 생각없이 마시면 진짜 하이볼인 줄 알 수도 있을 것 같다. 오렌지 망고 티 5,400원 위에 오렌지 말린 것과 로즈마리가 올라온다. 마셔보면 익숙한 맛이 나는데 트로피칼티 같은 느낌이랄까? 망고와 오렌지가 더해지니 신기하게 패션후르츠 맛이 난다. 무화과 얼그레이 케이크 7,400원 케이크 보호용 시트가 붙어있어서 떼어줬다. 케이크 시트와 시트 사이에 크림, 위에는 말린 무화과가 올라와있다. 처음 포크로 떠보고 약간 의외였는데 포실포실한 질감이라서 케이크가 잘 바스러진다. 주악도 판매하는 곳이라서 케이크를 쌀로 만드는 걸까 싶은 생각도 들었다. 케이크 시트와 무화과, 얼그레이가 잘 어울린다.... 혜화대학로 Ode to Dessert : 대학로 디저트 맛집 개성주악과 작업,카공하기 좋은 공간 안녕하세요, 쏘만입니다!! ㅎㅎ 오늘은 혜화,대학로에서 발견한 만족스러운 카페 있어서 소개해드리려고 해요. 우연히 방문하게 되었는데 편안한 느낌 주는 공간이라 좋았거든요! 오드투디저트(Ode to Dessert)는 넓고 쾌적한 공간에 맛있는 디저트까지 가득해서 혼자 작업하기에도, 친구와 수다 떨기에도 정말 완벽한 곳이었답니다. 1. 장소 정보 1) 상호: 오드투디저트Ode to Dessert 2) 주소: 서울 종로구 동숭길 94 2층 3) 연락처:0507-1333-4121 4) 운영 시간안내 (1) 월요일-일요일 12:00 - 24:00 (2) 라스트오더 23:30 밤 12시까지 운영해서 늦은 시간 데이트나 공부하기에도 너무 좋아요! 2. 오드투디저트 시그니처 제가 다음에 방문하면 참고하려고 여기 시그니처 알아왔어용! 저는 퇴근하고 저녁 먹고 열시 넘어서 방문해서 차만 마시고 와서 너무 아쉬웠거든요 ㅠㅠ 1) 시그니처 음료! 벙커컴퍼니 원두로 즐기는 고품질 커피 이곳은 커피 맛에도 진심인 곳요! 유명한 벙커컴퍼니 원두를 사용하여 커피의 풍미가 깊고 진해요. 피넛버터라떼 (6,400원): 이 음료가 이곳의 시그니처 메뉴라고 하더라구요 고소하고 달콤한 풍미가 예술이래요. 추가 옵션? 디카페인 변경 가능! 모든 커피 메뉴는 500원만 추가하면 디카페인으로 변경할 수 있어 밤늦게 방문해도 부담 없다고해요. 2) 시그니처 디저트 요즘 핫한 개성주악이 있는 디저트 맛집 커피만큼이나 유명한 게 바로 디저트 라인업요! (1) 한식디저트: 개성주악! 겉은 바삭하고 속은 쫀득한 전통 디저트 개성주악을 맛볼 수 있어요. 기본부터 누텔라초코까지 종류도 다양해서 골라 먹는 재미가 쏠쏠하더라고요. (2) 양식 디저트: 바나나푸딩 바스크 치즈케이크 달콤하고 부드러운 식감의 바나나 푸딩과 진한맛의 치즈케이크도 인기 메뉴니 꼭 한 번 드셔보셔도 좋을 것 같더라구요. 저는 제 추억의 디저트인 바나나 푸딩 먹으러 가려고 해요. ㅎㅎ 3. 사진으로 보는 오드투디저트 1) 외부 전경 콩나물 장수 위층에 위치한 오드 투 디저트! 우리투자증권홀인 놀 씨어터 인근이라 작품 보고 넘어오시는 관람객 분들도 많으셨고 혜화 1,2번 출구로 나와서 메인 스트리트 쪽 중앙쪽을 걷다보면 JS아트홀(구,고스트씨어터), 콩나물장수 건물 2층에 위치해서 찾아가기 쉬웠어요. 2) 내부 3) 메뉴판 4) 쇼케이스 4. 오드 투 디저트에서 주문한 메뉴들 1) 블루스카이 (5,900원) - 쏘만픽! 이름처럼 맑고 깨끗한...","惠化咖啡廳、惠化站咖啡廳、大學路咖啡廳、大學路甜點、大學路咖啡、JS藝術館、惠化站甜點頌 - 大學路咖啡館

1. 外觀

咖啡廳位於藝術館大樓內。有獨立的樓梯通往二樓。二樓入口處沒有咖啡廳的招牌或標識，您可以直接上去。

惠化站甜點頌歌 - 大學路咖啡廳

2. 基本訊息

營業時間：週一 15:00 - 24:00，週二至週日 12:00 - 24:00，最後點餐時間 23:30

電話：0507-1333-4121

無停車位

惠化站甜點頌歌 - 大學路咖啡廳

3. 停車及交通指南

地址：首爾市鐘路區東城路94號2樓

距離惠化站1號出口296米，步行約5分鐘。雖然位於惠化站內，但大部分景點都在車站步行67分鐘的範圍內，附近還有小型劇院，所以感覺很近。附近有一個公共停車場，但車位很少，所以最好只在咖啡廳有停車位的情況下才開車前往。很遺憾，咖啡廳不提供停車位。惠化站甜點頌歌 - 大學路咖啡廳 4. 店內只有一盆綠植，但或許是因為綠色的椅子，整個空間感覺格外清新。由於它位於藝術館內，牆上還掛著一些與表演相關的照片。惠化站甜點頌歌 - 大學路咖啡廳 5. 菜單 菜單 菜單 菜單 菜單 菜單 菜單 菜單 菜單 菜單 菜單 菜單 菜單 菜單 菜單 點餐菜單 無花果伯爵茶蛋糕 7,400 韓元 橙芒茶 5,400 韓元 白莓高璽（無歌盛酒） 6,9000 甜點點的飲品和蛋糕都精美地擺放在托盤上。他們告訴我要飲用紅莓高球前要充分攪拌。紅莓高球（無酒精） 6,900 韓元。如果攪拌均勻，顏色和味道都會更加濃鬱。它的味道有點像櫻桃可樂，但似乎很好地保留了酒精的獨特風味。如果你不加思索地喝，你可能會把它誤認為是真正的高球雞尾酒。橙芒茶，5400韓元。上面撒著乾橙片和迷迭香。喝起來味道很熟悉——有點像熱帶茶。令人驚訝的是，加入芒果和柳橙後，它嘗起來像百香果。無花果伯爵茶蛋糕，7400韓元。蛋糕上有一層保護膜，我把它撕掉了。蛋糕層之間夾著奶油，上面撒著無花果乾。用叉子挖蛋糕的時候有點出乎意料；蛋糕質地蓬鬆，很容易碎。因為他們也賣糯米糕，所以我懷疑他們是不是用米做的蛋糕。蛋糕層、無花果和伯爵茶搭配起來真是絕妙……惠化大學路甜點店 Ode to Dessert：一家位於大學路的熱門甜點店，以開城甜點聞名，而且環境舒適，是工作或學習的好去處。大家好，我是 Ssoman！哈哈。今天，我想介紹一家我在惠化大學路附近發現的令人驚喜的咖啡館。我是偶然路過，但真的很喜歡這裡舒適的氛圍！ Ode to Dessert 空間寬敞，環境宜人，提供各種美味甜點，是獨自工作或與朋友聊天的理想場所。 1. 地址資訊 1) 店名：Ode to Dessert 2) 地址：首爾市鐘路區東城路94號2樓 3) 聯絡電話：0507-1333-4121 4) 營業時間 (1) 週一至週日 12:00 - 24:00 (2) 最後一次營業至午夜的約會！ 2. 特色甜點

我特意查了一下這裡的招牌菜，以便下次光顧時參考！我下班後吃完晚飯，晚上十點多才到，結果只喝了茶，真是太失望了ㅠㅠ

1) 招牌飲品！使用 Bunker Company 咖啡豆的高品質咖啡。這家店對咖啡的口味非常講究！使用著名的 Bunker Company 咖啡豆，咖啡口感醇厚濃鬱。花生醬拿鐵（6,400 韓元）：聽說這款飲品是這裡的招牌。據說堅果的香甜味道非常棒。還有其他選擇嗎？提供無咖啡因咖啡！只需額外支付 500 韓元，即可將任何咖啡換成無咖啡因咖啡，所以即使深夜光顧也不會有經濟負擔。

2) 招牌甜點

以網紅甜點「開城甜點」聞名的甜點店。這裡的甜點和咖啡一樣有名！

（1）韓式甜點：開城餅！您可以品嚐到開城餅，這是一種外酥裡嫩的傳統甜點。種類繁多，從基本款到Nutella巧克力口味應有盡有，挑選起來非常有趣。 （2）西式甜點：香蕉布丁和巴斯克起司蛋糕。口感香甜軟糯的香蕉布丁和味道濃鬱的起司蛋糕也是人氣之選，所以我覺得至少應該要嚐嚐。我打算去吃香蕉布丁，這是我童年記憶中的甜點。哈哈。 3. 甜點賞析 1）外觀 甜點賞析位於Kongnamul Jangsu樓上！由於它靠近Knoll劇院（友利投資證券大廳），所以很多觀眾看完演出後都會來。很容易找到；如果您從惠化站1號或2號出口出來，朝著主街中心方向走，它位於JS藝術館（原鬼劇院）和孔南物長壽大廈的二樓。 2）內部裝潢 3）菜單 4）展示 4. 在甜點店點的菜 1）藍天（5,900韓元）－Ssoman推薦！如其名，清爽乾淨…","혜화역 카페 오드투디저트

고품질의 음료와 디저트를 제공합니다.
벙커컴퍼니 원두와 엄선된 재료를 사용합니다.

OPEN 12:00 ~ 24:00 (23:30 last order)",,오드투디저트 종로구,
담장옆에국화꽃 안녕인사동점,牆邊的菊花 安寧仁寺洞分店,"카페,디저트",咖啡館，甜點,영업 중,5770,939,서울 종로구 인사동길 49 안녕인사동 2층,,안국역 6번 출구에서 230m,,영업 중 18:30에 라스트오더,0507-1437-2979,https://linktr.ee/ccot_insa,"단체 이용 가능,포장,무선 인터넷,남/녀 화장실 구분,배달,간편결제,주차",,"팥죽 10500
CCOT signature 13800
팥바팥빙수 16800
구움국화떡 3000
주악 3000
팥바 4000","紅豆粥 10,500

CCOT招牌菜 13,800

紅豆刨冰 16,800

烤菊花年糕 3,000

Juak 3,000

紅豆條 4,000","본 포스팅은 엡체로부터 무상 제공받았으나 직접 체험후 작성한 솔직 후기입니다. 인사동 디저트 카페 담장옆에국화꽃CCOT (안녕인사동점) 자주 가는 인사동인데 이렇게 괜찮은 카페를 그동안 모르고 있었단 말이야? 새로 생겼나? 혼자 많은 생각을 하게 만들었던 넓고 조용하고 모임하기 좋은 인사동 디저트 카페 담장옆에국화꽃CCOT (안녕인사동점)에 다녀왔어요. 인사동 디저트 카페 담장옆에국화꽃CCOT (안녕인사동점) 은 찾아가기 기가 막히게 좋은 위치에 있습니다 안녕인사동 건물 2층에 있답니다 안국역 방면에서 찾아오는 길 안국역 6번 출구에서 99m 직진 후 인사동길 따라 도보 3분 내려오시면 안녕인사동 건물 2층 엘레이이터 죄측에 있습니다 종각역 방면에서 찾아오는 길 종각역 3-1번 출구에서 도보 5분 약390m 직진 후 나인트리호텔 우측 안녕인사동 입구에서 GS25쪽 우측으로 들어와 에스컬레이터를 지나 죄측으로 돌면 됩니다 주차가능(유료)합니다 최초 30분은 매장이용시 차량번호 말씀주시면 추가할인이 가능하다고 하니 참고하세요 담장옆에국화꽃CCOT 이름도 무척이나 사랑스러운 인사동 디저트 카페입니다 인사동 디저트 카페 담장옆에국화꽃CCOT 는 매일 오전 11시부터 오후 9시 까지 운영됩니다 매장은 전체적으로 아주 깔끔합니다 1인석부터 단체석, 바테이블까지 넉넉합니다 한식 디저트가 예쁘게 세팅되어 전시되어 있는 카운터 보기만 해도 기분 좋아지는 비쥬얼입니다 CCOT의 시랑스러운 비쥬얼의 시그니처 세트와 금주악 구움찰떡들입니다 인사동 디저트 카페 담장옆에국화꽃CCOT (안녕인사동점) 의 메뉴판입니다 참고하세요 우리는 인사동에서 빙수맛집으로 알려진곳이라고 해서 밤대추팥빙수를 주문했어요. 꼭 먹어보고 싶었던 금주악도 주문하고 구움찰떡 무화과 그리고 아메리카노를 주문했습니다 6대 떡 명장 오숙경 대표의 레시피로 만든 담꽃의 디저트들이라고 하는데 먹기도 전에 기대 만땅입니다 조약돌 모양의 개성주악은 조선시대 궁중과 개성지방에서 귀한 손님에게 올리던 고급 전통떡이라고 합니다 막걸리로 발효시킨 찹쌀반죽을 기름에 튀긴 뒤 꿀, 생강, 조청시럽에 적셔 완성하는데 담꽃의 개성주악은 고급 금박 장식을 더해 더 고급짐이 느겨지는 것 같아요. 쫀듯한 식감이 예술이네요 낱개 포장되어 있는데 사올걸 하는 후회가 드네요.ㅠㅠ 국산찹쌀과 각종 고명을 넣은 반죽을 오븐에 구워낸 담백한 구움찰떡입니다 겉은 바삭하고 속은 쫀득한 것이 특징이라고 하는데... 담장옆에국화꽃 안녕인사동점 종각 안국역 인사동 팥빙수 떡 제6대 떡명장 오숙경 한식디저트 독보적인 K-전통디저트 아이콘 국내산재료 팥에진심 팥죽 팥빙수 무가당통팥죽 녹차빙수 개성주악 구움국화떡 딸기팥양갱 과일양갱 넓고 쾌적한 공간 모임하기좋은곳 종로구 인사동길 49 안녕인사동 2층 0507-1437-2979 매일11:00-21:00 주차가능 시내 종각역에서 볼일본후 2차 디저트타임하러 담장옆에국화꽃 안녕인사동점 찾아갔어요. 방배동 서래마을 오픈시절부터 애정하는 담꽃은 제6대 떡명장이신 오숙경님의 한식디저트 카페인데요.. 엄선한 국내산 재료 사용하고, 무엇보다 팥에 진심이라 팥죽과 팥빙수가 일품이구요, 그외에 떡, 개성주악, 양갱..등등 수준급의 독보적인 K-전통디저트의 아이콘 이지요b 방배동 서래마을 담장옆에국화꽃의 히스토리와 이전 방문기는 아래를 참고하셔요 https:m.blog.naver.comdalcomqueen220715860865 입구에서 바로 카운터및 제품 매대와 마주합니다. 개성주악은 외국인들까지도 매료하는 K-디저트죠! 카운터 건너편에도 담꽃의 시그니처 한식디저트들이 촤르르 차려져있어요 시그니처 팥죽 3종이 나와있네요.. 전통문양과 오방색감이 곱디곱군요 세계로 알려질 K-디저트에 있어, 포장재도 굉장히 중요한 요소죠!! 담꽃의 팥빙수에 곁들이는 말린대추편은 그 빠각빠삭 바삭함이 정말 극상이에요bb 완전 맛도리!! 주문을 하고, 진동벨을 받습니다. 대표메뉴로 팥죽과 빙수, 그외 디저트와 음료까지 상당히 다양하고 알차게 구비되어있는데요.. 팥죽을 전혀 달지않게 조리한 무가당통팥죽도 있어서 인사동 오신 어르신들께 인기만점일듯 하네요 특히, 시그니처 플래터 세트 배너가 눈에 띄던데요.. 예전부터 커피도 잘하는 담꽃이라, 믿고마시는 아아와 예쁜 한식 디저트 찾는 MZ들 공략용으로 좋을듯해요 메뉴가 나오면, 자리로 갈때, 앞접시나 미니보울은 알아서 챙겨가게 했네요. 빙수나 팥죽 덜어먹기 딱 좋은 사이즈. 전체 실내분위기는 이렇습니다. 꽤 넓은 공간이구요, 층고가 높고, 양옆으로 통창이 자리해서 개방감이 있네요. 근처 직장인들 단체로와도 여유있을 테이블도 있고.. 혼자 조용히 머물다 가기에 좋을 자리도 있고.. 창가앞엔 8석규모의 독립테이블도 있구요.. 요렇게 예쁜 등장식 아래로 꽃장식까지 곁들여지는 이자리 좋더군요b 아웅 예뻐라 이날의 주문. 내돈내산! 우선 메인으로 무가당통팥죽과 녹차빙수 시키고, 곁들임으로...",本文由商家免費提供，但內容是我根據親身體驗撰寫的真實評價。仁寺洞甜點咖啡館 Damjangyeop-e Gukhwakkot CCOT（安寧寺洞分店）。我常去仁寺洞，但難以置信的是，我之前竟然不知道有這麼棒的一家咖啡館？難道是新開的嗎？我去了 Damjangyeop-e Gukhwakkot CCOT（安寧寺洞分店），這是一家寬敞、安靜、氛圍極佳的仁寺洞甜點咖啡館，非常適合聚會，讓我回味無窮。仁寺洞甜點咖啡廳 Damjangyeop-e Gukhwakkot CCOT（安寧寺洞分店）地理位置絕佳，非常容易找到。它位於安寧療護寺洞大廈的二樓。從安國站出發：從6號出口直行99米，然後沿著仁寺洞路步行3分鐘即可到達。這間咖啡館位於安寧療護寺洞大廈二樓，扶梯左側。從鐘閣站出發：從3-1出口直行約390公尺（5英里）。到達安寧療護寺洞入口（位於九樹飯店右側）後，右轉朝GS25方向走，經過扶梯後左轉。提供收費停車位。請注意，前30分鐘停車並提供車牌號碼可享額外折扣。 Damjangyeop-e Gukhwakkot CCOT是位於仁寺洞的甜點咖啡館，店名非常可愛。仁寺洞甜點咖啡館Damjangyeop-e Gukhwakkot CCOT每天上午11:00至晚上9:00營業。店內整體環境非常乾淨整潔，提供從單人座位到多人座位和吧台桌等各種座位選擇。櫃檯上擺滿了琳瑯滿目的韓式甜點，擺放得賞心悅目，光是看著就讓人心情愉悅。這些是CCOT的招牌套餐和金玉糕，賣相都非常棒。這是仁寺洞甜點店「Damjangyeop-e Gukhwakkot CCOT（安寧寺洞分店）」的菜單。請看！我們點了栗子紅豆刨冰，因為聽說它是仁寺洞著名的刨冰店。我們還點了一直想嚐嚐的金玉糕、無花果烤年糕和美式咖啡。據說這些甜點都是用第六代年糕大師吳淑京社長的秘方製作的，所以還沒吃就充滿了期待。鵝卵石形狀的開城糕據說是朝鮮王朝時期宮廷和開城地區款待貴賓的高級傳統年糕。它是用米酒發酵的糯米麵團油炸而成，再浸泡在蜂蜜、薑和佐清糖漿中。 Damkkot的開城糕似乎因為添加了高級金箔裝飾而更顯奢華。口感軟糯，令人驚艷。它們是獨立包裝的，我真後悔沒多買一些。這是一種用國產糯米和各種配料製成的輕盈烘焙糯米糕。據說它的特色是外脆內軟…… 潭江之藝 安寧仁寺洞分店 鐘閣安國站 仁寺洞刨冰 第六代年糕師傅 吳淑京 韓國甜點 無與倫比的韓國傳統甜點代表 國產 真心紅豆 紅豆粥 紅豆刨茶 無糖紅豆凍水果的冰鎮水果冰茶 開香”木果凍的風味地址：鐘路區仁寺洞路49號安寧仁寺洞2樓 電話：0507-1437-2979 營業時間：每日11:00-21:00 提供停車位 在鍾閣站辦完事後，我去了江之藝第二次光顧Gukhwakkot Annyeong仁洞分店，品嚐甜點。 Dalcomqueen是我自開業以來就一直很喜歡的甜點店，位於首爾市芳背洞瑞來村。這家店由第六代年糕大師吳淑京（Oh Sook-kyung）經營。他們精選韓國本土食材，尤其對紅豆情有獨鍾，因此紅豆粥和刨冰格外美味。除此之外，他們還提供一流的年糕、開城糕、羊羹等，堪稱傳統韓國甜點的代表。關於Dalcomqueen在瑞來村芳背洞的歷史以及我之前的探店體驗，請點擊以下連結：https://m.blog.naver.comdalcomqueen220715860865。一進門就能看到櫃檯和琳瑯滿目的商品。開城糕是連外國人都為之傾倒的韓式甜點！櫃檯對面，Damkkot的招牌韓式甜點整齊地擺放著。三種招牌紅豆粥赫然在列，傳統的圖案和五種顏色搭配得十分精美。包裝對於韓式甜點走向世界也至關重要！ Damkkot紅豆刨冰搭配的紅棗片口感酥脆，無與倫比，美味極了！我點完餐後，收到一個震動提示器。菜單種類豐富，除了招牌紅豆粥和刨冰，還有其他甜點和飲料。他們甚至還有不加糖的全豆紅豆粥，這種粥完全不加任何甜味劑，想必會很受來仁寺洞遊玩的老人們的歡迎。尤其吸引我目光的是招牌拼盤的布條。由於Damkkot一直以其優質咖啡而聞名，這裡似乎是迎合MZ一代口味的理想去處，他們正在尋找值得信賴的美式冰咖啡和精緻的韓式甜點。食物上桌後，服務生請我們自己拿小碟或迷你碗，然後入座。這些小碟或碗的大小剛好適合盛裝刨冰或紅豆粥。這是餐廳的整體氛圍。餐廳空間寬敞，挑高的天花板和兩側的落地窗營造出開闊的感覺。這裡有足夠大的桌子，可以容納附近上班族的大批客人；也有適合獨自安靜用餐的座位；還有一個靠窗的私密小桌，大約有8個座位……我非常喜歡這個位置，漂亮的桌子下還擺放著鮮花裝飾。哇，真漂亮！這是我今天的點餐。我自己付帳！首先，我點了無糖紅豆粥和抹茶刨冰作為主菜，小菜是…,"인사동에서 빙수맛집으로 알려진 한식디저트 카페 담꽃 안녕인사동점입니다.
밤대추팥빙수를 비롯해 딸기빙수 홍시빙수 수정과빙수 녹차팥빙수 감귤빙수 등
담꽃에서만 만나볼 수 있는 다양한 전통 빙수를 즐기실 수 있습니다.
수박빙수 홍삼빙수 등 계절마다 달라지는 시즌 빙수도 운영하고 있습니다.

제6대 떡 명장 오숙경 대표의 레시피로 만든 담꽃의 디저트는
국내산 재료를 중심으로 정성껏 준비하고 있습니다.
팥죽은 당도에 따라 3가지 맛으로 나뉘어 취향에 맞게 선택하실 수 있으며
개성주악 구움국화떡 구움약과 팥양갱 등
다른 곳에서는 쉽게 만나기 어려운 한식디저트도 함께 제공합니다.

종각역 안국역 인근 안녕인사동 2층에 위치해
광화문 경복궁 쌈지길 조계사 등 인근 관광 후
빙수와 디저트 커피로 잠시 쉬어가기 좋은 공간입니다.
사진이 잘 나오는 매장에서 특별한 모임이나 데이트를 즐겨보세요.",,담장옆에국화꽃 종로구,
아진당 떡상점,阿金當年糕點店,떡카페,米糕咖啡館,영업 중,437,245,서울 종로구 돈화문로11길 34-6 아진당 떡상점,,종로3가역 4번 출구에서 48m,,영업 중 22:00에 영업 종료,0507-1423-4969,https://www.instagram.com/ajindang_iksun/?hl=ko,"포장,배달,무선 인터넷,단체 이용 가능",,"인절미꿀떡 4500
콩고물인절미 4500
카스테라인절미 4500
쑥인절미 4500
흑임자인절미 4500
호박인절미 4500
초코크림떡 4700
꿀떡 4500
바람떡 4200.0
앙금절편 4200.0
사색경단 4500.0
삼색두텁떡 4500
오색깨송편 4500.0
모시송편 4500
쑥개떡 4000
방울증편 4000
보리증편 4000.0
찹쌀떡 1700
콩고물앙절미 1700
바나나찹쌀떡 1800.0
자색고구마찹쌀떡 1800.0
옥수수찹쌀떡 1800.0
곶감찰떡 1800.0
망개떡 1800.0
생크림딸기찹쌀떡 1800.0
오메기떡 1800.0
카스테라앙절미 1800.0
허니씨앗 1800.0
흑임자두텁떡 1800.0
콩쑥개떡 1700.0
양갱 3000~3400
개성주악 3000~3500
화과자 4000.0
금귤정과 5000.0
도라지정과 5000.0
곶감말이 3500.0
개성모약과 5000.0
약과 1500.0
호두강정 12000.0
구운대추 6000.0
고구마스틱자색고구마카사바칩꽈배기 4500.0
모듬강정뻥튀기야채믹스인절미뻥튀기 3000~10000
선물세트 4200~34000
식혜 5500.0
아메리카노 5500.0
쌍화자 7000.0
레몬생강차 6500.0
팥죽 6500.0","蜂蜜因加米 4500
因加米大豆粉 4500
因加米城堡 4500
艾蒿 Injeolmi 4500
黑芝麻 Injeolmi 4500
南瓜印加米 4500
巧克力奶油年糕 4700
蜂蜜年糕 4500
峇南年糕 4200.0
紅豆沙切面 4200.0
四色京丹4500.0
三色年糕 4500
五色芝麻鬆餅 4500.0
莫西鬆餅 4500
艾蒿 4000
Bangul Jeungpyeon 4000
大麥粒餅 4000.0
查薩年糕1700

豆粉紅糖米 1700

香蕉碎年糕 1800.0

紫薯碎年糕 1800.0

玉米碎年糕 1800.0

柿餅 1800.0

芒果年糕 1800.0

鮮奶油草莓年糕 1800.0

蛋黃年糕 1800.0

卡斯蒂拉豆粉紅糖米 1800.0

蜂蜜籽年糕 1800.0

黑芝麻年糕 1800.0

艾草豆糕 1700.0

羊角豆 3000~3400

開城餅 3000~3500

和菓子4000.0

金桔正果 5000.0

桔梗根正果 5000.0

柿餅 3500.0

開城蘑菇果 5000.0

藥果 1500.0

核桃薑餅 12000.0

烤紅棗 6000.0

地瓜、紫薯、木薯片、扭扭甜甜圈 4500.0

什錦薑餅、膨化米、什錦蔬菜、年糕膨化米 3000~10000

禮盒 4200~34000

西瓜 5500.0

美式咖啡 5500.0

雙花椒 7000.0

檸檬薑茶 6500.0

紅豆粥 6500.0","익선동 골목길을 따라 걷다 보면 만날 수 있는아진당 떡 상점 이곳은 고즈넉한 목조 구조와 세련된 인테리어가 조화를 이루고 있어 방문객들로부터 찬사를 받는 곳입니다. 떡을 재해석한 곳 아진당 입니다. 아진당 아진당은 익선동 한옥 분위기 속에서 전통 떡을 색다르게 즐길 수 있는 곳으로 알려져 있어요. 요즘은 젊은 사람들도 떡을 디저트처럼 즐기는데 이런 흐름을 잘 보여주는 가게이기도 하지요. 한옥 골목과 잘 어울리는 조용한 분위기도 매력적인 곳입니다. 아진당 내부 이곳의 주력 메뉴는 한국의 전통 디저트를 현대적인 감각으로 풀어낸 것들입니다. 특히 떡이나 한과를 활용한 디저트가 유명한 곳입니다. 위치 서울 종로구 돈화문로 11길 34-6 종로3가역 4번출구 에서 걸어서 약 35분 거리, 익선동 한옥골목 안입니다. 아진당의 가장 큰 특징은 수제로 만드는 모찌와 찹쌀떡이에요. 겉은 부드럽고 쫀득하고 속에는 크림이나 팥 앙금이 들어가 달콤한 맛을 느낄 수 있어요. 떡과 함께 전통차나 따뜻한 음료를 곁들이면 한옥 분위기와 잘 어울리는 시간을 보낼 수 있어요. 익선동을 찾는 사람들이 잠시 쉬어 가기에도 좋은 곳이에요. 익선동은 서울에서 오래된 한옥 골목이 남아 있는 곳으로 작은 카페와 음식점들이 많이 모여 있어요. 좁은 골목을 따라 걷다 보면 사진을 찍는 사람들도 많고 관광객도 많이 찾습니다. 익선동 아진당 떡 상점 위치 오랜만에 익선동 쪽에 약속이 있어서 다녀와 봤다. 코로나 전후로 주춤하는 듯하지만 최근 방문을 했던 익선동은 다시 북적거리는 핫플이 되어 있었다. 특히 외국인 관광객들 꽤 많았음. 암튼 익선동에서 볼일 보고 들어가는 길 종로3가역으로 걸어 나가다가 눈길을 끄는 곳을 발견했다. 익선동떡카페 아진당 떡상점! 바로 여기다. 탁 트인 유리로 2면이 되어 있어서 밖에서 너무 잘보이고 안에 진열된 떡들이 어찌나 맛깔스러워 보이는 지 저절로 발걸음이 향했음. 건물의 전체적인 분위기가 한옥스러워서 떡상점이라는 콘셉트랑도 매우 잘 맞아 떨어지는 듯했고. 한국의 전통적인 대표 간식 떡이니까 이렇게 외국인들이 많이 찾는 거리에 있으면 자연스럽게 문화 홍보도 되고 그럴 것 같은 너낌?? 매장에도 들어가 보기로. 따뜻한 조명이 포근함을 줘서 좋았다. 매장 곳곳에 다양한 종류의 떡 디저트들이 진열돼 있었던 익선동떡카페. 하나같이 다 먹음직스러워서 눈을 뗄 수가 없네 그려. 일단 가장 인기가 많은 듯보였던 찹쌀떡 코너입니당. 여기 찹쌀떡 종류가 10가지가 훌쩍 넘었다. 가격은 1개당 1,700원부터였는데 가격대도 나쁘지 않다고 느껴졌다. 원하는 맛 사가지고 아메리카노 한잔 시켜서 앉아서 먹고 가면 가볍게 한끼 가능할 듯. 전통찹쌀떡부터 시작해 감귤찹쌀떡, 곶감찰떡, 카스테라앙찰미, 딸기크림찹쌀떡, 초코크림찹쌀떡 등 우와 찹쌀떡의 변신은 무죄인가요 하나같이 다 맛보고 싶었음. 또 다른 쪽에는 인절미도 다양하게 패킹되어 있었다. 가격은 4천원대 정도. 인절미도 담백하게 즐길 수 있는 떡 디저트쥬. 익선동 놀러오면 그냥 카페 말고 이렇게 떡을 주제로 하는 익선동카페 한번 방문해 보면 더 좋을 것 같다. 일반 떡 종류들도 다양다양 평소 좋아하는 떡 디저트 있다면 맛보시길. 아진당 떡이 이번에 방문해 먹어보니까 진짜 쫄깃하고 맛있었다. 참, 선물 종류도 다채롭게 구입 가능했는데 먼저 양갱이부터. 이거 이렇게 이쁘게 포장해놓으면 누가 양갱이인줄 알까요:) 맛도 여러가지였고 무엇보다 고급진 비주얼이 격식 있는 자리에 가지고 나갈 답례품으로도 나쁘지 않아 보였당. 또 화과자도 있었는데 박스 구성이 되서 선물세트별 가격 등 샘플 모양으로 함께 볼 수 있다는 점도 굿굿 택배도 가능 단체 주문도 가능하다고 하셨음. 익선동떡카페 아진당 떡상점에서 그냥 올 수 없어 찹쌀떡이랑 꿀떡, 또 개성양과 등 간식거리 구입해 와봤다. 우리 가족 다 떡 좋아하니 주말에 티비보며 떡파티 해야지!! (내돈내산후기) 안녕하세요 엘리맘입니다 예전에 서울 여행갔을 때 다녀온 익선동 골목이에요 이 날 비가 와서 사람들이 별로 없었는데요 그게 더 럭키비키인 듯ㅎㅎ 골목골목 좁긴하지만 예쁘고 운치있어서 좋더라고요 익선동 골목에서 식사 후에 간단하게 먹을거 없나하고 남편이 검색해서 알아본 디저트맛집, 떡집이에요 전통 떡 디저트 전문점, 아진당 떡상점이라는 곳이구요 고즈넉한 한옥 분위기 속에서 눈에 확 띄어요 주소 : 서울 종로구 돈화문로11길 34-6 아진당 떡상점 영업시간 : 10:0022:30 화요일 11시 오픈 토일 22시 마감 전화 : 0507-1423-4969 아진당 떡상점 원래 여기는 떡가게 종춘으로 사랑받던 익선동의 인기 떡집이었는데 2025년부터 브랜드를 아진당으로 리뉴얼해서 더 현대적인 감성으로 이미지를 새롭게 했다고 해요 가게 안에 맛있는 떡과 디저트들이 많이 있어요 1975년부터 떡집을 하셨으니 50년이 된 가게라고 할 수 있네요 선물용으로 좋은 떡세트들도 많이 있구요 부모님 선물이나 지인분들 선물용으로 좋을 것 같아요 아진당이 좋은 점이 이렇게 소량 포장으로 맛볼 수 있게 구성이 되어 있다는 점이에요 배가 부르고 다른 것도 먹을 게 많을 때는 이렇게 조금씩 판매하는게 더 좋더라고요 가볍게 사가기 딱 좋아요!! 전통차, 커피, 스무디, 에이드 등 음료 메뉴도 있구요 매장 안 테이블이 조금 있어서 잠시 앉아 음료와 떡을 즐길 수 있어요 아진당 대표 메뉴 인절미 꿀떡이에요 쫀득한 인절미에 영양특제 꿀소스가 듬뿍 담긴 떡이에요 디저트 같으면서도 든든한 느낌으로 먹을 수 있어요 떡이 쫀득쫀득 식감이 좋고 맛있더라고요 ㅎㅎ 익선동골목에서 가볍게 소량으로 디저트 찾으시는 분들에게 추천드리는 곳이에요 그리고 세계문화유산 종묘도 구경하고 서울여행 1일차를 마무리했어요 익선동맛집 익선동떡집 아진당 전통떡디저트 서울디저트카페 전통디저트 인절미꿀떡 약쑥찹쌀떡 떡선물세트 종로데이트코스 익선동포장맛집 쑥떡맛집 떡디저트 서울간식투어 떡가게종춘",位於益善洞韓屋巷的阿真堂年糕店，以其寧靜的木質結構與精緻的室內裝潢相得益彰，深受遊客喜愛。這裡重新詮釋了年糕的傳統風味。阿真堂以其獨特的韓屋氛圍而聞名，讓顧客能夠以獨特的方式品嚐傳統年糕。這家店也完美契合了當下年輕人將年糕當作甜點的潮流。與韓屋巷相得益彰的靜謐氛圍，更是其一大亮點。阿真堂的菜單以現代手法重新演繹傳統韓式甜點為主，尤其以年糕甜點和傳統韓國點心而聞名。地址：首爾市鐘路區敦化門路11街34-6號。位於益善洞韓屋巷內，從鐘路三街站4號出口步行約35分鐘即可抵達。阿真堂最大的特色在於其手工製作的麻糬糯米糕。外皮軟糯Q彈，內餡則包裹著奶油或紅豆沙，甜而不膩。搭配傳統韓式茶飲或熱飲，更能營造出與韓屋氛圍完美契合的愜意時光。這裡也是益善洞遊客休憩的理想場所。益善洞保留了首爾一些最古老的韓屋巷弄，因此也聚集了許多小咖啡館和餐廳。漫步在狹窄的巷弄間，你會看到許多人在拍照留念，這裡也是熱門的旅遊目的地。阿真堂年糕店位於益善洞：我最近因為一個預約去了益善洞，距離上次去已經很久了。雖然在新冠疫情前後，益善洞似乎都變得冷清了一些，但在我最近去的時候，它又重新變成了一個熱鬧的熱門景點。尤其值得一提的是，那裡有不少外國遊客。總之，那天我從益善洞辦完事回來，正往鐘路三街站走，突然看到一家店吸引了我的目光。益善洞年糕咖啡館，阿真堂年糕店！就是它了。店面兩面都是落地玻璃，從外面一眼就能看到裡面的景象，擺在那裡的年糕看起來實在太誘人了，我忍不住就走了進去。整棟建築的風格有點像韓屋，感覺很符合年糕店的概念。年糕是韓國最具代表性的傳統小吃，開在外國人經常光顧的街道上，感覺就像在進行文化推廣。我決定進去看看。店裡暖暖的燈光營造出溫馨舒適的氛圍，我很喜歡。益善洞年糕咖啡館裡擺滿了各種各樣的年糕甜點，每一樣都看起來那麼誘人，讓我目不轉睛。首先是糯米糕（chapssal-tteok）區，這裡似乎最受歡迎。糯米糕的種類超過十種。價格從每塊1700韓元起，我覺得價格很合理。感覺你可以買自己喜歡的口味，再點一杯美式咖啡，坐下來，悠閒地享用一頓簡餐。從傳統的糯米糕到橘子味、柿子味、紅豆沙味、草莓奶油味、巧克力奶油味——哇，年糕的口味變化真是太豐富了！每一種我都想嚐嚐。另一邊還有各種包裝好的年糕（injeolmi）。價格約4000韓元。年糕也是一種年糕甜點，口感清爽。如果你去益善洞，我覺得去像這樣以年糕為主題的咖啡館比去普通的咖啡館要好得多。他們家的普通年糕種類繁多，所以如果你有特別喜歡的年糕甜點，一定要去嚐嚐。我上次去的時候在阿真堂嚐了年糕，口感軟糯香甜。對了，店裡還有很多禮品可以買；我先買了羊羹（甜豆沙）。包裝這麼精美，誰能想到是羊羹？ :) 口味很多，而且外觀精緻，感覺很適合作為正式場合的感謝禮物。他們還有和菓子（日式點心），包裝盒很貼心，可以看到每個禮盒的圖片和價格。他們說可以送貨上門，也可以大量訂購。我可不想空手離開益善洞的年糕店阿真堂，所以又買了一些零食，比如糯米糕、蜜汁年糕和開城羊果。因為我們全家都愛吃年糕，所以這個週末我們要一邊看電視一邊吃年糕啦！ ！ （自費購買）大家好，我是Elly Mom。這是我前段時間去首爾旅行時在益善洞逛的一條小巷。那天下雨，所以人不多，我覺得這反而是個意外之喜，哈哈。雖然小巷很窄，但是很漂亮，很有氛圍，我很喜歡。在益善洞吃完飯後，我老公想找點簡單的東西吃，就找到了這家甜點店兼年糕店。這是一家叫做「阿真堂年糕店」的傳統年糕甜點專賣店，在寧靜的韓屋氛圍中顯得格外醒目。地址：首爾市鐘路區敦化門路11街34-6號，阿真堂年糕店 營業時間：10:00 - 22:30（週二11:00開始營業，週六、週日22:00結束營業） 電話：0507-1423-4969阿真堂年糕店原是益善洞一家名為「年糕鐘春」的知名年糕店，自2025年起更名為阿真堂，並以更現代的風格煥新形象。店內供應各種美味的年糕和甜點。這家年糕店自1975年就開始營業，至今已有50年的歷史。店內提供多種年糕套餐，非常適合作為禮物，送給父母或朋友都很合適。阿真堂的一大優點是提供小包裝，方便您品嚐各種美食。如果您已經吃飽了，還有很多其他東西要吃，這種小份包裝其實比較合適。非常適合快速購買！他們還提供飲品，包括傳統茶、咖啡、冰沙和果汁。店內有幾張桌子，您可以坐下來，一邊享用飲料和年糕，一邊放鬆片刻。阿真堂的招牌菜是年糕蜜汁年糕。這款年糕口感軟糯，內餡飽滿，淋上了特製的營養蜂蜜醬。它既像甜點，又很管飽。年糕口感軟糯，味道鮮美。我推薦這家店給所有在益善洞小巷裡尋找清淡小甜點的人。參觀完聯合國教科文組織世界遺產宗廟後，我結束了首爾之旅的第一天。益善洞餐廳、益善洞年糕店、阿真堂、傳統年糕甜點、首爾甜點咖啡館、傳統甜點、年糕蜜汁年糕、艾草糯米糕、年糕禮盒、鐘路棗糕套餐、益善洞外賣餐廳、艾草年糕店、年糕甜點、首爾小吃之旅、年糕鐘鐘,"1975년부터 꾸준히 건강한 재료만을 고집한 임종춘 할머니의 우직함과 진심이 담긴 떡의 마음을 이어받은 ’떡가게 종춘’이 그 마음을 그대로 이어받아 <아진당>으로 브랜드 리뉴얼 되었습니다.

익선동만의 고풍스럽지만 친근한 한옥 이미지와 현대적 감성을 담은 브랜드로 더 높은 가치를 담고자 합니다. 옛 전통방식을 이어받아 한국을 대표하는 먹거리로써 지금까지 많은 사랑을 받으며 관광 오신 외국 분들께도 우리 전통의 간식을 알리고 있습니다.

떡, 화과자, 개성주악에서부터 곶감말이까지 우리 전통의 간식으로 우리 것을 알리고 있는 <아진당>은 맑고 깨끗한 방식으로 만든 참된 우리 간식입니다.",,아진당 종로구,
밀과방,米爾格瓦邦,"카페,디저트",咖啡館，甜點,영업 중,109,53,서울 중구 남대문로 29-2 1층,,회현역 7번 출구에서 396m,,영업 중 18:00에 라스트오더,0507-1380-8334,https://www.instagram.com/mielgwabang,"포장,무선 인터넷,예약,반려동물 동반,간편결제","놀라운토요일 354회, 25.02.22.2025년 2월 22일 쑥약과젤라토","겨울한정) 주악 단팥죽 or 호박죽 7000
주악 젤라또 플레이트 7500
쑥약과젤라또(놀라운토요일방영디저트) 4800
주악4약과5개덕수궁세트(예약필수) 28000
약과 or 주악 차 세트 6500
약과4가지맛 세트 4Yakgwaset 9000~10000
젤라또 1개선택 약과선택 1개 6900
개성주악 Zuak 2500~3000
싱글컵 2가지맛 6000.0
남산약과세트(약과5가지맛) 13500.0
크림치즈 호두 곶감말이 (3조각)
수제차 4500~5000
주악 9개 선물세트(하루전예약필수) 28000.0
전통주약과 5개선물세트 35000~39000
4계절 꽃차 선물세트 16200
복숭아 민화 고급선물세트(예약필수) 55000~60000
곶감단지선물세트(일주일전예약필수) 40000.0
개나리민화 선물세트 25000~28000","（冬季限定）紅豆粥或南瓜粥 7,000

Zuak 冰淇淋拼盤 7,500

艾草藥水果冰淇淋（週六特供甜點） 4,800

Zuak 4 藥果 5 件德壽宮套餐（需預約） 28,000

藥果或 Zuak 茶套餐 6,500

4 種口味藥果套餐 9,000~10,000

選 1 種冰淇淋，選 1 種藥果 6,900

開城 Zuak 2,500~3,000

單杯 2 種口味 6,000

南山藥果套餐（5 種口味藥果） 13,500

奶油起司核桃柿餅捲（3 個）零件）

手工茶 4,500~5,000

九件祖克茶禮盒（需提前一天預訂） 28,000

五件組藥果酒禮盒 35,000~39,000

四季花茶禮盒 16,200

桃子民俗畫高級禮盒（需預訂） 55,000~60,000

柿餅罐禮盒（需提前一週預訂） 40,000

連翹民俗畫禮盒 25,000~28,000","북창동 카페 밀과방 한국은행 옆 보리커피 주악 디저트 북창동 카페 밀과방 보리커피와 주악 약과 북창동 카페 밀과방에 다녀왔다. 얼마 전 애성회관에서 식사를 하고 지나가다가 우연히 발견한 곳인데, 작고 아담한 외관에서 풍기는 분위기가 예사롭지 않아 눈여겨봐 두었던곳이다. 마침 지인을 만나기로 했는데 시간이 조금 남아서 고민 없이 들어가게 되었다. 요즘 유행하는약과나 주악 같은 전통 한국디저트부터 젤라또까지 갖춘 곳이라니, 도심 한 복판에서 마주한 K 디저트의 향연에 내심 놀라웠다. 안녕하세요 꽃씨입니다. 주소 서울 중구 남대문로3가 98 도로명 남대문로29-2 전화번호 0507.1380.8334 1. 외관 및 영업시간 가게는 규모가 크지 않지만 한국의 전통미가 은은하게 녹아든 간판이 시건을 끈다. 위치 특성상 한국인들뿐만 아니라 오히려 소문을 듣고 찾아온 외국인 관광객들이 더 많은 느낌이었다. 영업시간은 11시 30분 부터 19시 30분까지이고 월요일과 일요일은 휴무다. 주말 나들이객이라면 휴무일을 꼭 체크하는 것이 좋다. 2. 내부 분위기 및 소품 매장 안으로 들어서자마자 기분 좋은 차 향기와 함께 말린 귤 특유의 상큼한 향이 코 끝을 간지럽힌다. 내부는 아기자기한 소품들로 가득 차 있는데, 한국적인 이미지가 굉장히 강해서 구경하는 재미가 쏠쏠하다. 한쪽에는 한국 전통 술들도 진열되어 있느넫, 마시는 용도보다는 기념품이나 장식용같은 느낌이 들었다. 예쁜 소품들과 책들이 곳곳에 배치되어 있어 작은 박물관에 온 듯한 착각도 든다. 앉아서 먹고 갈 수 있는 공간은 의자 8개 정도로 협소하다. 다닥다닥 붙어 있는 편이라, 살짝 좁다고 느낄 수 있지만 그만큼 아늑한 매력이 있따. 3. 디저트 종류 쇼케이스에는 주악을 비롯한 다양한 디저트들이 가지런히 놓여 있다. 예쁜 선물 상자에 담아갈 수 있도록 구성되어 있어 소중한 사람들에게 선물하기에도 참 좋아보인다. 주악과 약과의 샘플도 보인다. 주악은 쉽게 말해 한국식 찹쌀 도넛 이라고 생각하면 된다. 찹쌀가루를 막걸리로 반죽해 기름에 튀겨낸 뒤 조청이나 꿀에 집청해서 만든다. 겉은 바삭하고 속은 떡처럼 쫄깃한 식감이 특징인데, 한 입 베물면 배어나오는 달콤한 즙이 일품인 귀한 전통 간식이다. 정과도 있었따. 4. 북창동 카페 메뉴 가격 26년 4월 메뉴 가격 주문은 키오스크에서 이용하면 된다. 한식 아이스크림, 식혜 보리커피 홍삼차 같은 건강한 음료부터 젤라또와 주악 약과까지 메뉴가 정말 다채롭다. 들어가면 바로 웰컴차를 주신다. 5.... 서울 시청역, 회현역 카페 약과와 개성주악이 맛있는 한식 디저트집 밀과방 방문 후기 서울 시청역, 회현역 근처에 있는 한국식 디저트 카페 밀과방 방문 후기입니다. 약과랑 개성주악 사러 갔었는데 디저트 맛도 좋고 사장님도 친절하셔서 좋았어요. 밀과방 주소는 서울 중구 남대문로 29-2입니다. 시청역, 회현역, 명동역이 모두 가까워요. 영업시간 월토요일 11:3020:00 (동절기에는 11:3019:00) 매주 일요일 정기 휴무 품절 시 조기 마감할 수 있음 이렇게 생긴 아담한 카페입니다. 한국식 디저트 카페인 만큼 외국인 손님들을 위한 외국어 안내문과 영어 메뉴판도 준비되어 있었어요. 설, 추석, 수능 등의 시즌에는 예쁜 포장으로 선물세트도 만드시고 사전예약 주문도 받으시는 거 같아요. 무료로 웰컴티도 마실 수 있는 훈훈한 매장이었습니다. 키오스크 기기가 설치되어 있어서 비대면 주문, 결제도 가능했어요. 키오스크 기기에서도 언어 설정이 가능해서 한국어뿐만 아니라 영어, 일본어로도 메뉴를 확인하고 주문할 수 있었습니다. 제 앞에 계시던 손님들이 디저트를 많이 사가시는 것 같더니 쇼케이스가 점점 비어가더라고요. 맛있는 집인가 보다... 생각했습니다. 다행히 품절되지는 않았어서 플레인 약과, 단호박 약과, 사과 콩포트 주악을 각각 하나씩 주문했어요. 생일 축하를 위해 포장하러 갔던 거라서 귀여운 초도 하나 구매했습니다. 그리고 잠시 포장을 기다리는 동안 밀과방 매장 내부를 구경했어요. 카운터석 앞에는 무료 웰컴티가 있었고, 안쪽에도 앉을 수 있는 공간이 조금 더 있었습니다. 아담한 매장이라서 단체 방문은 어렵겠지만 서너 명까지는 함께 앉아서 디저트에 차 한잔 할 수 있을 것 같았어요. 귀여운 선풍기와 노리개도 눈에 띄었고, (노리개도 판매하시는 거더라고요.) 디저트 보관 및 섭취 방법과 밀과방 이름의 뜻도 읽어보았습니다. 구매한 약과와 개성주악은 종이 봉투에 포장해 주셨어요. 밀과방의 약과에는 견과류가 들어 있었습니다. 주문할 때 미리 말씀해 주시더라고요. 그 덕에 평소 흔히 맛보던 약과보다 고소했고, 식감이 색다른 점이 매력이었어요. 열심히(?) 생일 축하하느라 먹기 전에 사진은 제대로 못 남겼지만... ㅋㅋㅋㅋ 약과도 개성주악도 맛있게 먹었습니다. 한국식 디저트 카페 밀과방의 메뉴 사진과 신메뉴 출시 소식 등을 받아보시려면 아래 링크를 통해 인스타그램으로 들어가 보세요. 외근 나갔다가 같이 간 회사분이 젤라또 먹고 싶다고 해서 검색하다가 찾은 밀과방,, 한국식 젤라또 가게였다! 양미옥 지나서 있는 이디야에서 꺾어서 올라가면 있다,, 직장인 할인도 된다고,, 정말 한국적인 디저트다,, 가게 외관도 그렇고 내관도 한국적으로 꾸며져있어서 좋았다,, 남대문에 관광객들 많이 오는데 이런 한국적인 가게가 있어서 뭔가 기분 좋음,, 웰컴티도 주시는데 매일 차가 달라지나 보다,, 영수증 이벤트도 있다고 하는데, 나는 안했음,ㅋㅋㅋ 외국인들을 위한 영어 메뉴판인듯,, 가게 한 쪽에 판매하는 노리개도 있었음,, 디저트 쇼케이스,, 디저트 역시 한국적,, 개성주악 궁금했었는데요! 가게가 작고, 원형 테이블은 없고 bar 형태의 테이블만 있어서 오래 앉아있기는 힘들고,, 포장해서 가는 손님들이 많을 듯,, 우리는 앉아서 빨리 먹고 가기로,, 젤라또소르베 종류가 굉장히 다양하고 세트 메뉴 구성도 많았다,, 음료도 한국적인데, 다 맛있어보여ㅠㅠ 선물세트박스도 있었는데, 선물 하기 되게 좋을 거 같다,, 우리는 더블컵 젤라또 주문,, 일단 웰컴티,, 그리고 주문한 젤라또,, 나는 개성주악이 궁금해서 개성주악도 한 개 주문했다,, 더블컵 젤라또 6,800 수정과 초당옥수수밀크티 100 내가 주문한 건데 둘 다 맛이 진하고 맛있었다,, 수정과 맛이 강해서 밀크티를 나중에 먹으면 맛이 잘 안 느껴지긴 했는데, 둘 다 맛있었음,, 더블컵 젤라또 6,800 흑임자초코 수박민트소르베 회사분이 주문한 젤라또,, 수박민트소르베는 맛있는 수박맛,, 흑임자초코는 흑임자와 초코의 조합이 좋았다,, 결론은 다 맛있어,, 플레인 주악 2,500 처음 먹어보는 개성주악이라 플레인으로 주문했는데, 쫄깃하고 달달했다,, 약과와 찹쌀도넛의 중간 느낌? 맛있었음! 젤라또 맛이 굉장히 다양하고 다른 곳에서 접해볼 수 없는 맛들이라 하나씩 섭렵해보고 싶음!",北倉洞咖啡店Milgwabang：大麥咖啡、Juak、甜點，就在韓國銀行旁邊。我去了北倉洞咖啡店Milgwabang，這家店以大麥咖啡、Juak和藥果而聞名。前段時間在Aesung Hall吃完飯後，我偶然發現了這家店；它小巧溫馨的外觀散發出的氛圍讓我印象深刻，所以我一直很關注它。那天剛好要和一位熟人見面，時間也比較充裕，所以我就毫不猶豫地進去了。沒想到這家店竟然提供從藥果和Juak這類流行的傳統韓式甜點到意式冰淇淋等各種美食，我在市中心竟然能遇到如此豐富的韓式甜點，真是讓我驚喜不已。大家好，我是Kkotssi。地址：首爾市中區南大門路3街98號（路名：南大門路29-2號） 電話：0507.1380.8334 1. 外觀及營業時間：雖然店舖不大，但招牌巧妙地融入了傳統的韓式美學，十分引人注目。由於地理位置的原因，感覺知道這家店的外國遊客比韓國人還多。營業時間為上午11:30至晚上7:30，週一和週日公休。如果您週末前往，建議提前查詢休息日。 2. 店內氣氛及裝潢：一進門，就能聞到令人愉悅的茶香和獨特的乾橘清香。店內擺滿了精緻的小飾品，濃鬱的韓式美學風格讓人流連忘返。一側陳列著傳統的韓國酒，但它們更像是紀念品或裝飾品，而非飲用之物。各處點綴著精美的小飾品和書籍，營造出置身小型博物館的錯覺。座位區不大，只有大約八張椅子。由於椅子挨得很近，可能會感覺有些擁擠，但這反而增添了溫馨的氛圍。 3. 甜點種類：包括糯米糕在內的各種甜點整齊地擺放在展示櫃中。它們被裝在精美的禮盒裡，方便顧客帶走，是饋贈親友的理想之選。這裡也展示了糯米糕和藥果的樣品。簡單來說，你可以把糯米糕想像成韓式糯米甜甜圈。它是用糯米粉和米酒（韓國米酒）揉捏而成，油炸後淋上糖漿（韓國鹹味糖漿）或蜂蜜。它外皮酥脆，內裡軟糯，類似年糕；這是一種珍貴的傳統小吃，每一口都會滲出香甜的汁液。還有正果。 4. 北倉洞咖啡館菜單價格（4月26日菜單價格）。您可以在自助點餐機點餐。菜單種類繁多，從韓式冰淇淋、甜米茶、大麥咖啡和紅參茶等健康飲品，到義式冰淇淋、果餅和藥果（韓國傳統甜點）應有盡有。進門即可享用迎賓茶。 5. ……Milgwabang 韓國甜點店點評，這家店位於首爾市政府站和會賢站附近，提供美味的藥果和開城果餅。這是我對 Milgwabang 的探店點評，這是一家位於首爾市政府站和會賢站附近的韓式甜點咖啡館。我去買了藥果和開城酒，很滿意，因為甜點味道很棒，而且老闆也很友善。 Milgwabang 的地址是首爾市中區南大門路29-2號。市政廳站、會賢站和明洞站都在附近。營業時間為週一至週六11:30至20:00（冬季為11:30至19:00）。每週日休息。如果售罄可能會提前關閉。這是一間溫馨的咖啡館，裝潢風格如下。作為一家韓式甜點店，他們為國際顧客準備了外語導覽和英文菜單。在農曆新年、中秋節和國慶日等節日期間，他們似乎會推出包裝精美的禮盒，並接受預訂。店內氣氛溫馨宜人，也提供免費的迎賓茶。店內設有自助點餐機，支援非接觸式點餐和付款。由於自助點餐機的語言設定可以調整，我不僅可以用韓語，還可以用英語和日語查看菜單並點餐。前面的顧客似乎買了很多甜點，展示櫃裡的甜點也漸漸被吃光了。我心想：「這地方肯定不錯。」還好甜點還沒賣完，所以我點了一份原味藥果、一份甜南瓜藥果和一份蘋果蜜餞。因為是來買點點心慶祝生日的，我還買了一根可愛的蠟燭。等餐的時候，我環顧了一下Milgwabang的店面。吧台座位前擺放著免費的迎賓茶，店裡也有一些座位。這是一家溫馨的小店，雖然可能不太適合多人聚餐，但三四個人一起坐下來享用甜點和茶水應該沒問題。可愛的電風扇和傳統的韓式掛飾（norigae）吸引了我的目光（後來發現他們也賣這些）。我還了解如何儲存和食用這些甜點，以及「Milgwabang」這個名字的含義。我買的藥果和開城糕都是用紙袋包裝的。 Milgwabang的藥果裡加了堅果，點餐的時候他們也提到了。正因為如此，它比我平常吃的藥果堅果味更濃，獨特的口感也讓我很驚喜。因為忙著慶祝生日，所以沒來得及好好拍照……哈哈。不過，藥果和開城糕我都非常喜歡。想看Milgwabang這家韓國甜點店的菜單照片和新品信息，可以點擊下方鏈接訪問他們的Instagram帳號。我當時在出差，同行的同事說想吃義式冰淇淋，就上網搜了一下，找到了Milgwabang。原來是韓式冰淇淋店！它就在楊苗（Yangmiok）過去一點，從Ediya Coffee出來往上走就能找到。聽說他們給上班族有折扣。甜點真的很正宗韓式。我很喜歡店裡裡外外的韓式裝潢風格。南大門有很多遊客，能找到這樣韓式甜點店感覺很棒。他們還送了迎賓茶，而且茶的種類好像每天都不一樣。聽說他們有小票活動，但我沒參加，哈哈。菜單看起來像是給外國人準備的英文菜單。店的一側還出售一些傳統的韓國飾品。甜點展示櫃裡的甜點也很有韓國特色。我對開城甜點很有興趣！店面不大，沒有圓桌，只有吧台式座位，所以很難久坐。看起來很多顧客都是被打包帶走的。我們決定坐下來，快速吃完就走。冰淇淋和雪葩的種類非常多，還有很多套餐可以選擇。飲品也很有韓式風情，看起來都很好吃。他們還有禮盒套裝，很適合送禮。我們點了雙份冰淇淋。先是一杯迎賓茶，然後是我們點的冰淇淋。我對開城酒很好奇，所以也點了一份。雙份冰淇淋6800韓元，水正果和甜玉米奶茶1000韓元。這些是我點的，味道都很濃鬱，很好喝。水正果的味道太濃了，我後來喝奶茶的時候幾乎嘗不出奶茶的味道，但兩者都很好喝。我的同事點了雙份冰淇淋6800韓元，黑芝麻巧克力和西瓜薄荷冰沙。西瓜薄荷冰沙西瓜味道很濃，黑芝麻巧克力是黑芝麻和巧克力的混合口味。味道不錯……總而言之，所有東西都很好吃……原味酒2500韓元。因為是第一次嘗試開城糕，我點了原味的，口感軟糯香甜……感覺像是藥果和糯米甜甜圈的結合體？味道好極了！冰淇淋口味種類繁多，而且都是別處找不到的口味，我想每種都嚐一遍！,"밀과방은 밀과(蜜果)라는 궁중에서 약과나 꿀이들어간 과자라는 뜻과 궁중에서 후식을 만들던 생과방의 방을 결합한 이름입니다. 민화와 단청을 테마로 약과나 주악 등 한국의 전통 후식들을 재해석한 과자들과 한국적인 식재료에서 영감을 받은 젤라또들을 판매하여 한식디저트에 접근성을 높이고자 외국분들을 위한 다양한 한국 간식 선물 세트도 판매 하고 있습니다.Miel gwa bang is place that you can experience Korean style of gelato and various Korean sweets. and you may find unique Korean souvenirs or gift sets for your family at home.
We are hoping to deliver precious memories on your trip to Korea.",,밀과방 중구,
이끼 신당,苔蘚神龕,"카페,디저트",咖啡館，甜點,영업 중,144,172,서울 중구 다산로29길 30 1층,,청구역 1번 출구에서 201m,,영업 중 22:00에 영업 종료,0507-1386-2886,https://www.instagram.com/cafe_ikgi/profilecard/?igsh=MXZ2eXlncXB6dmNmZQ==,"단체 이용 가능,포장,배달,방문접수/출장,예약,무선 인터넷,유아의자,간편결제,주차",,"시오라멘 8900
창케라멘 8900
매운창케라멘 9900
고기카레 8900
아이스 아메리카노 5500
아이스 카페라떼 6000
아이스 바닐라라떼 6500
아이스 아인슈페너 6500
아이스 아인슈페너 밀크 6500.0
아이스 흑임자크림라떼 6500.0
아이스 크림모카 6900.0
아이스 크림초코 6300
밀크티 6300.0
히비스커스 애플에이드 6900
블랙 레몬에이드 6900
루이보스 아몬드 6000
사바이 6000.0","鹽味拉麵 8900

昌科拉麵 8900

辣味昌科拉麵 9900

肉咖哩 8900

冰美式咖啡 5500

冰拿鐵 6000

冰香草拿鐵 6500

冰歐斯潘納 6500

冰歐斯潘納牛奶 6500

冰黑芝麻奶油拿鐵 6500

冰奶油摩卡 6900

冰奶油巧克力 6300

奶茶 6300

芙蓉蘋果汁 6900

黑檸檬汁 6900

路易波士杏仁茶 6000

沙巴茶 6000","지극히 평범한 연휴 일기 아침에 느즈막히 일어나 동네 식당에 갔다. 주경이는 마제소밥에 김치꼬기덮밥 나는 등심과 치즈 돈까스 남은 건 야무지게 포장 완료 신당 쪽에 볼 일이 있어서 근처 카페에 먼저 방문했다. 수 많은 이끼들이 반겨주는 곳이다. 괜시리 결혼 반지 사진도 찍어보고 음료가 나오길 기다리면서 사진도 찍어본다. 식물이 내뿜는 은은한 습도가 참 좋았다. 식물원에 딱 입장하면 나는 향이 난다.. 아 . 졸려 ... 하암 얼른 커피가 나왔으면 좋겠다 음료가 나오고 주경이 디카로 찍은 나 이번엔 흔들린 사진이 많았네요. 음료는 달달한 맛이었다. 이건 맞은 편에서 phototo01으로 찍어본 주경이 내 디카로 찍은 음료 맑은 날 자연광에서 찍을 때가 가장 이쁜 듯 하다. 이끼에 물 주는 것도 가능해서 칙칙 뿌려본다. 열심열심 안뇽?! 이쁜 카페 찾아줘서 고마워어엉 신당 황확동 어쩌고 시장에 왔다. 하.. 주방뱅크 오려고 여기까지 온 건데.... 닫았..ㅎ.ㅏ.. 네이버에서는 영업 중이라고 뜨길래 의심 없이 왔는데 ㅠ0ㅠ 눈도 무진장 많이 왔다. 여기저기 돌아다녀 봤는데 거의 업체 위주의 가전이라서 그냥 pass 고터 다이소로 넘어와 찜뽕해놓은 집기를 샀다. 왜냐 ?!??!?! 주방 집기에 대한 토론을 거의 반 년째 하고 있기 때문에!! 인제는 결론은 내고 사야할 때다 !!!! 여기서 더 상의해봤자 머리만 아플 것 같다. 하지만 냄비받침은 결국 끝끝내 사지 못했다. 왜 이리 다들 화려한 것이냐 욕실과 주방에는 많은 아이템이 필요하기 때문에 신중하게 고민 후 구매해야한다. 시계 너 참 이뿌다..? 집으로 돌아와서 마저 사저 못한 집기류 구매완료 진짜 거의 다 샀다 ... 하 집으로 돌아와서 김치볶음밥 간단해서 해서 주경이 멕이구 딸기 씻궈서 주경이 멕이구 ㅋㅋㅋㅋㅋ 또 빠이빠이를 했다.. 그저 눈물만 ... 몇 개월만에 호다닥 결혼 준비까지 해서 동거하는 부부들 보면 너무 부럽기도 하고 도저히 오지 않을 것 같은 그 날을 기다리기가 버겁기도 하다. ㅠㅠㅠㅠ 진짜로 주경이 군대 기다려줄 때보다 시간 더 안 감 (그럴만도 하네요. 군대는 637일이었고 결혼 준비는 3년째 하는 중임) 마음에 허하고 적적하여 아빠 드실 저염 도시락 및 야채 도시락을 세팅하고 주방 상판 청소나 했다.. ㅎㅎㅎ 빨리 같이 사는 그 날이 와야 이 우울감도 끝날 것 같다. 어느 수준이냐면 결혼하기 전에 나 사고 나서 죽으면 어떡하냐고 걱정함 ㅋㅋㅋㅋㅋㅋㅋㅋㅋㅋㅋㅋㅋㅋ 나중에 이 일기 보면서 배잡고 웃는 그 날이 왔으면 좋겠다. 흑흑흑 이끼 월-금 11:00-20:00 토-일 12:00-21:00 0507-1386-2886 서울 중구 다산로29길 30 1층 외관, 내부 청구역 1번 출구에서 조금만 가면 나오는 이끼라는 컨셉카페. 신당역 쪽에서 식사를 하고 간 카페! (청구역 쪽엔 일찍 닫는 카페와 식당들이 많은데 여기는 약간 더 여유 있었다.) 들어가자마자 정말 놀란 게, 찾아봤을 때는 진짜 이끼인 줄 몰랐는데, 벽에 있는 것들이 다 진짜 이끼였다는 사실! 들어가자마자 이끼 냄새가 확 났고, 카페의 벽 전체가 이끼로 뒤덮여 있어서 너무나 놀랐다. 벽과 테이블 밑 또한 이끼로 모두 장식되어 있는 이색 카페였다. 또 특별한 건, 분무기가 비치되어 있어서 이끼들에게 직접 물을 줄 수 있다는 사실! 이끼들은 물을 매우 좋아하는 습성을 갖고 있기 때문에 물을 주는 것. 나도 이끼들에게 물을 주었다. 메뉴 자세한 메뉴 : 네이버 지도 메뉴판 참고 여러 가지 커피 메뉴와 음료, 디저트 메뉴가 있는데, 이색 카페인데도 메뉴에 많이 신경 쓴 게 느껴졌다. 여러 가지 맛의 개성 주악도 눈에 띄었다. 주문 메뉴 레몬티 5,000 히비스커스 애플티 4,500 개성 주악 두바이 초코 1개코코넛 1개 티 두 개와 주악 1개씩 주문. 주악도 너무 영롱해서 주문 안 할 수가 없었던 비주얼ㅎ, ㅎ 날씨가 약간 쌀쌀한지라 따뜻한 티가 너무나 잘 어울렸다. 차 마시면서 보이는 테이블 밑에도 이끼가 있어서 새로운 느낌이 많이 들었던ㅋㅋ! 주악은 코코넛과 두바이 초콜릿 하나씩 주문했다. 한 입에 먹어야 더 맛있을 거라는 사장님 말이 있었지만, 둘 다 나눠서 먹었다ㅎ.ㅎ 달달하니 당 충전도 되고 쫀득하고 토핑도 은근 잘 어울려서 괜찮았다! 리뷰를 마무리하며 내 돈 내산으로 이런 이색 카페를 가본 것은 처음이다. 화장실 쪽에도 엄청 많은 이끼 테라리움과 화분들이 있던데, 사장님께서 식물들에 진심인 게 느껴졌다. 재미있고 메뉴도 맛있었던 곳. 겨울에 가면 촉촉하고 더 좋을 것 같던 곳이었다.","一篇非常平凡的假期日記。早上睡到很晚才醒，然後去了附近一家餐廳。朱京點了泡菜串炒飯，我點了西冷牛排和起司豬排。我們把剩下的食物打包帶走。因為我要去新堂一帶辦事，所以我們先去了附近的咖啡館。那裡長滿了苔蘚，讓人感覺很舒服。我莫名其妙地拍了一張結婚戒指的照片，等飲料的時候又拍了一些。植物散發出的淡淡濕氣真好。一走進植物園，就能聞到香味……啊……好睏……*打哈欠* 希望咖啡快點上來。飲料上來後，這是用朱京的數位相機拍的我的照片。這次拍的照片都有點模糊。飲料味道很甜。這是朱京用phototo01從街對面拍的照片。飲料是用我的數位相機拍的。看來在晴朗的自然光下拍出來的效果最好看。因為苔蘚可以澆水，所以我往上面噴了點水。努力工作，努力工作。嗨？ ！謝謝你找到這麼漂亮的咖啡館！我們去了新堂黃鶴洞什麼市場。唉…我大老遠跑來就是為了去廚房銀行…結果關門了…*嘆氣*。 Naver上說他們開門了，所以我毫不猶豫地來了，結果雪下得好大。我四處看了看，但大部分電器都是面向零售商的，所以我就沒進去。我去了高速巴士客運站的大創，買了我看中的那些配件。為什麼？因為我們討論廚房配件都快半年了！ ！是時候下定決心買下來了！ ！ ！ ！感覺再討論下去只會讓我頭痛。不過，最後我還是沒捨得買隔熱墊。為什麼它們都那麼花俏的？浴室和廚房需要的東西那麼多，買之前真的要好好考慮一下。那鐘真漂亮……？我回到家，把之前一直沒買到的廚具都買齊了。真的幾乎什麼都買了……唉。回家後，我做了簡單的泡菜炒飯餵Jukyung，又洗了些草莓餵她，然後再次道別……眼淚止不住地流……看到那些婚禮籌備迅速、幾個月就同居的情侶，我真的好羨慕，但同時又覺得等待那一天遙遙無期，好難熬。 ㅠㅠㅠㅠ 時間過得比我等Jukyung退伍的時候還要慢（當然，他服役了637天，而我已經準備婚禮三年了）。我覺得空虛寂寞，我幫爸爸準備了低鈉蔬菜便當，然後就把廚房檯面擦乾淨了……哈哈。我想，只有等到我們真正住在一起的那一天快點到來，這種憂鬱才會結束吧。舉個例子，我當時甚至擔心，如果我在結婚前就意外過世了怎麼辦。哈哈 ... （清穀站附近有很多咖啡館和餐廳都關門很早，但這家店比較悠閒。）一進門我就被驚艷到了——之前查資料的時候我都沒注意到牆上的苔蘚是真的，沒想到竟然都是！一進門，濃鬱的苔蘚香氣就撲面而來，看到整個咖啡館的牆壁都覆蓋著苔蘚，我更是驚訝不已。這家咖啡館很特別，牆壁甚至桌子底下都裝飾著苔蘚。另一個特色是，店裡還提供噴壺，可以自己澆水給苔蘚！苔蘚喜歡水，所以我也給它澆了水。詳細選單：請參考Naver地圖上的選單。這裡有各種咖啡、飲料和甜點，雖然是一家很特別的咖啡館，但看得出來他們在菜單上花了不少心思。各種口味的開城酒也讓我眼前一亮。點的菜：檸檬茶 5,000 韓元，芙蓉蘋果茶 4,500 韓元，椰香茶餅（1 個杜拜巧克力，1 個椰子）。我們點了兩杯茶和一份椰子茶餅。椰香茶餅看起來色澤誘人，我忍不住就點了一份，哈哈。因為天氣有點涼，熱茶和椰香茶餅搭配起來剛好。喝茶的時候，我注意到桌子底下長著青苔，感覺特別清新，哈哈！椰子茶餅我們點了一個椰子和一個杜拜巧克力。老闆說一口吃味道比較好，但我們還是分著吃了，哈哈。椰香茶餅很甜，吃完之後感覺很滿足，而且很有嚼勁，上面的配料搭配起來也出乎意料地好吃，所以味道很不錯！總而言之，這是我第一次來這種比較特別的咖啡館，而且還是自己付錢的。洗手間附近擺放著許多苔蘚生態瓶和盆栽植物，看得出來店家非常熱愛植物。這裡環境宜人，食物也很美味。我覺得冬天來這裡會更好，那時空氣會更濕潤宜人。","테라리움 기반으로 식물과 이끼를 정성껏 꾸민 카페 입니다.질좋은 커피와 디저트를 제공합니다.
디저트에 쓰는 모든 식제료는 수제로 만들고 있습니다.
가게에 있는 식물과 이끼들은 생화로 이루어져 있어요
테이블에 식물에 직접 물을 줄수있는 분무기를 제공하고 있으니 직접 신선한 물을 마음껏 주실수 있습니다.",,이끼 중구,